scenario_id,timestamp,latitude,longitude,speed,bearing,accuracy,distance_to_boundary,bearing_to_boundary,movement_direction_difference,boundary_risk_level,target_risk
A_0,2026-09-11T15:51:07.096112,12.9716,77.5946,1.5,180.0,4.356782605343539,934.0373838142893,0.0,180.0,HIGH,0
A_0,2026-09-11T15:51:12.096112,12.9715,77.5946,1.5,180.0,2.7227782151685975,945.1568764787194,0.0,180.0,HIGH,0
A_0,2026-09-11T15:51:17.096112,12.971400000000001,77.5946,1.5,180.0,8.978306611439507,956.2763691431493,0.0,180.0,HIGH,0
A_0,2026-09-11T15:51:22.096112,12.971300000000001,77.5946,1.5,180.0,2.0563196793914704,967.3958618075791,0.0,180.0,HIGH,0
A_0,2026-09-11T15:51:27.096112,12.971200000000001,77.5946,1.5,180.0,6.140491963478814,978.5153544720091,0.0,180.0,HIGH,0
A_0,2026-09-11T15:51:32.096112,12.971100000000002,77.5946,1.5,180.0,2.4626062035479954,989.634847136439,0.0,180.0,HIGH,0
A_0,2026-09-11T15:51:37.096112,12.971000000000002,77.5946,1.5,180.0,2.0255797163716656,1000.754339800869,0.0,180.0,HIGH,0
A_0,2026-09-11T15:51:42.096112,12.970900000000002,77.5946,1.5,180.0,6.500310824957488,1011.8738324652991,0.0,180.0,HIGH,0
A_0,2026-09-11T15:51:47.096112,12.970800000000002,77.5946,1.5,180.0,7.483133445648096,1022.9933251297289,0.0,180.0,HIGH,0
A_0,2026-09-11T15:51:52.096112,12.970700000000003,77.5946,1.5,180.0,6.914236189949103,1034.112817794159,0.0,180.0,HIGH,0
A_0,2026-09-11T15:51:57.096112,12.970600000000003,77.5946,1.5,180.0,2.352965275248361,1045.232310458589,0.0,180.0,HIGH,0
A_0,2026-09-11T15:52:02.096112,12.970500000000003,77.5946,1.5,180.0,3.1832497499187635,1056.3518031230187,0.0,180.0,HIGH,0
A_0,2026-09-11T15:52:07.096112,12.970400000000003,77.5946,1.5,180.0,2.224724010543487,1067.4712957874488,0.0,180.0,HIGH,0
A_0,2026-09-11T15:52:12.096112,12.970300000000003,77.5946,1.5,180.0,3.813946626642032,1078.5907884518788,0.0,180.0,HIGH,0
A_0,2026-09-11T15:52:17.096112,12.970200000000004,77.5946,1.5,180.0,7.598651280701703,1089.7102811163088,0.0,180.0,HIGH,0
A_0,2026-09-11T15:52:22.096112,12.970100000000004,77.5946,1.5,180.0,8.026881154284276,1100.8297737807388,0.0,180.0,HIGH,0
A_0,2026-09-11T15:52:27.096112,12.970000000000004,77.5946,1.5,180.0,3.453979745957855,1111.9492664451686,0.0,180.0,HIGH,0
A_0,2026-09-11T15:52:32.096112,12.969900000000004,77.5946,1.5,180.0,3.336011764109567,1123.0687591095987,0.0,180.0,HIGH,0
A_0,2026-09-11T15:52:37.096112,12.969800000000005,77.5946,1.5,180.0,2.6159007490957693,1134.1882517740285,0.0,180.0,HIGH,0
A_0,2026-09-11T15:52:42.096112,12.969700000000005,77.5946,1.5,180.0,2.171508989698191,1145.3077444384585,0.0,180.0,HIGH,0
A_1,2026-09-11T15:51:07.097108,12.9716,77.5946,1.5,180.0,3.378564188688115,934.0373838142893,0.0,180.0,HIGH,0
A_1,2026-09-11T15:51:12.097108,12.9715,77.5946,1.5,180.0,6.724664146014747,945.1568764787194,0.0,180.0,HIGH,0
A_1,2026-09-11T15:51:17.097108,12.971400000000001,77.5946,1.5,180.0,2.287544369689498,956.2763691431493,0.0,180.0,HIGH,0
A_1,2026-09-11T15:51:22.097108,12.971300000000001,77.5946,1.5,180.0,8.056830322972615,967.3958618075791,0.0,180.0,HIGH,0
A_1,2026-09-11T15:51:27.097108,12.971200000000001,77.5946,1.5,180.0,4.04506353749683,978.5153544720091,0.0,180.0,HIGH,0
A_1,2026-09-11T15:51:32.097108,12.971100000000002,77.5946,1.5,180.0,4.050020196743577,989.634847136439,0.0,180.0,HIGH,0
A_1,2026-09-11T15:51:37.097108,12.971000000000002,77.5946,1.5,180.0,4.998856043103295,1000.754339800869,0.0,180.0,HIGH,0
A_1,2026-09-11T15:51:42.097108,12.970900000000002,77.5946,1.5,180.0,8.611940851872609,1011.8738324652991,0.0,180.0,HIGH,0
A_1,2026-09-11T15:51:47.097108,12.970800000000002,77.5946,1.5,180.0,2.6515047049845455,1022.9933251297289,0.0,180.0,HIGH,0
A_1,2026-09-11T15:51:52.097108,12.970700000000003,77.5946,1.5,180.0,3.993386367703885,1034.112817794159,0.0,180.0,HIGH,0
A_1,2026-09-11T15:51:57.097108,12.970600000000003,77.5946,1.5,180.0,4.555010152439382,1045.232310458589,0.0,180.0,HIGH,0
A_1,2026-09-11T15:52:02.097108,12.970500000000003,77.5946,1.5,180.0,8.121895851063641,1056.3518031230187,0.0,180.0,HIGH,0
A_1,2026-09-11T15:52:07.097108,12.970400000000003,77.5946,1.5,180.0,8.769796472820161,1067.4712957874488,0.0,180.0,HIGH,0
A_1,2026-09-11T15:52:12.097108,12.970300000000003,77.5946,1.5,180.0,7.162536303286026,1078.5907884518788,0.0,180.0,HIGH,0
A_1,2026-09-11T15:52:17.097108,12.970200000000004,77.5946,1.5,180.0,9.593847672538105,1089.7102811163088,0.0,180.0,HIGH,0
A_1,2026-09-11T15:52:22.097108,12.970100000000004,77.5946,1.5,180.0,4.807404696164692,1100.8297737807388,0.0,180.0,HIGH,0
A_1,2026-09-11T15:52:27.097108,12.970000000000004,77.5946,1.5,180.0,2.4323740895682544,1111.9492664451686,0.0,180.0,HIGH,0
A_1,2026-09-11T15:52:32.097108,12.969900000000004,77.5946,1.5,180.0,3.9223253353275425,1123.0687591095987,0.0,180.0,HIGH,0
A_1,2026-09-11T15:52:37.097108,12.969800000000005,77.5946,1.5,180.0,5.623847830102148,1134.1882517740285,0.0,180.0,HIGH,0
A_1,2026-09-11T15:52:42.097108,12.969700000000005,77.5946,1.5,180.0,9.206261669888093,1145.3077444384585,0.0,180.0,HIGH,0
A_2,2026-09-11T15:51:07.098107,12.9716,77.5946,1.5,180.0,8.721937378382881,934.0373838142893,0.0,180.0,HIGH,0
A_2,2026-09-11T15:51:12.098107,12.9715,77.5946,1.5,180.0,9.443061556241343,945.1568764787194,0.0,180.0,HIGH,0
A_2,2026-09-11T15:51:17.098107,12.971400000000001,77.5946,1.5,180.0,5.142076123419529,956.2763691431493,0.0,180.0,HIGH,0
A_2,2026-09-11T15:51:22.098107,12.971300000000001,77.5946,1.5,180.0,6.669714539301658,967.3958618075791,0.0,180.0,HIGH,0
A_2,2026-09-11T15:51:27.098107,12.971200000000001,77.5946,1.5,180.0,7.230747585827735,978.5153544720091,0.0,180.0,HIGH,0
A_2,2026-09-11T15:51:32.098107,12.971100000000002,77.5946,1.5,180.0,4.903928088745583,989.634847136439,0.0,180.0,HIGH,0
A_2,2026-09-11T15:51:37.098107,12.971000000000002,77.5946,1.5,180.0,8.288990358929876,1000.754339800869,0.0,180.0,HIGH,0
A_2,2026-09-11T15:51:42.098107,12.970900000000002,77.5946,1.5,180.0,5.156662431056289,1011.8738324652991,0.0,180.0,HIGH,0
A_2,2026-09-11T15:51:47.098107,12.970800000000002,77.5946,1.5,180.0,9.337878362020028,1022.9933251297289,0.0,180.0,HIGH,0
A_2,2026-09-11T15:51:52.098107,12.970700000000003,77.5946,1.5,180.0,9.730290286770082,1034.112817794159,0.0,180.0,HIGH,0
A_2,2026-09-11T15:51:57.098107,12.970600000000003,77.5946,1.5,180.0,7.48370854767712,1045.232310458589,0.0,180.0,HIGH,0
A_2,2026-09-11T15:52:02.098107,12.970500000000003,77.5946,1.5,180.0,2.430577670695677,1056.3518031230187,0.0,180.0,HIGH,0
A_2,2026-09-11T15:52:07.098107,12.970400000000003,77.5946,1.5,180.0,9.38483441221711,1067.4712957874488,0.0,180.0,HIGH,0
A_2,2026-09-11T15:52:12.098107,12.970300000000003,77.5946,1.5,180.0,9.272391496197393,1078.5907884518788,0.0,180.0,HIGH,0
A_2,2026-09-11T15:52:17.098107,12.970200000000004,77.5946,1.5,180.0,8.641770617332128,1089.7102811163088,0.0,180.0,HIGH,0
A_2,2026-09-11T15:52:22.098107,12.970100000000004,77.5946,1.5,180.0,6.77535616014483,1100.8297737807388,0.0,180.0,HIGH,0
A_2,2026-09-11T15:52:27.098107,12.970000000000004,77.5946,1.5,180.0,8.336126707617417,1111.9492664451686,0.0,180.0,HIGH,0
A_2,2026-09-11T15:52:32.098107,12.969900000000004,77.5946,1.5,180.0,4.328894982967728,1123.0687591095987,0.0,180.0,HIGH,0
A_2,2026-09-11T15:52:37.098107,12.969800000000005,77.5946,1.5,180.0,5.1353276600262525,1134.1882517740285,0.0,180.0,HIGH,0
A_2,2026-09-11T15:52:42.098107,12.969700000000005,77.5946,1.5,180.0,4.089152609198583,1145.3077444384585,0.0,180.0,HIGH,0
A_3,2026-09-11T15:51:07.098107,12.9716,77.5946,1.5,180.0,9.77832745445987,934.0373838142893,0.0,180.0,HIGH,0
A_3,2026-09-11T15:51:12.098107,12.9715,77.5946,1.5,180.0,7.259469226045268,945.1568764787194,0.0,180.0,HIGH,0
A_3,2026-09-11T15:51:17.098107,12.971400000000001,77.5946,1.5,180.0,5.911400769025874,956.2763691431493,0.0,180.0,HIGH,0
A_3,2026-09-11T15:51:22.098107,12.971300000000001,77.5946,1.5,180.0,5.694034543164248,967.3958618075791,0.0,180.0,HIGH,0
A_3,2026-09-11T15:51:27.098107,12.971200000000001,77.5946,1.5,180.0,5.732721975439885,978.5153544720091,0.0,180.0,HIGH,0
A_3,2026-09-11T15:51:32.098107,12.971100000000002,77.5946,1.5,180.0,6.24207133334943,989.634847136439,0.0,180.0,HIGH,0
A_3,2026-09-11T15:51:37.098107,12.971000000000002,77.5946,1.5,180.0,4.924410356736645,1000.754339800869,0.0,180.0,HIGH,0
A_3,2026-09-11T15:51:42.098107,12.970900000000002,77.5946,1.5,180.0,9.249292800891727,1011.8738324652991,0.0,180.0,HIGH,0
A_3,2026-09-11T15:51:47.098107,12.970800000000002,77.5946,1.5,180.0,4.960137843523524,1022.9933251297289,0.0,180.0,HIGH,0
A_3,2026-09-11T15:51:52.098107,12.970700000000003,77.5946,1.5,180.0,9.2917735479652,1034.112817794159,0.0,180.0,HIGH,0
A_3,2026-09-11T15:51:57.098107,12.970600000000003,77.5946,1.5,180.0,9.150166556226164,1045.232310458589,0.0,180.0,HIGH,0
A_3,2026-09-11T15:52:02.098107,12.970500000000003,77.5946,1.5,180.0,8.418466039142888,1056.3518031230187,0.0,180.0,HIGH,0
A_3,2026-09-11T15:52:07.098107,12.970400000000003,77.5946,1.5,180.0,6.151188822520197,1067.4712957874488,0.0,180.0,HIGH,0
A_3,2026-09-11T15:52:12.098107,12.970300000000003,77.5946,1.5,180.0,3.5905149666658422,1078.5907884518788,0.0,180.0,HIGH,0
A_3,2026-09-11T15:52:17.098107,12.970200000000004,77.5946,1.5,180.0,6.544133445779899,1089.7102811163088,0.0,180.0,HIGH,0
A_3,2026-09-11T15:52:22.098107,12.970100000000004,77.5946,1.5,180.0,4.991271450274867,1100.8297737807388,0.0,180.0,HIGH,0
A_3,2026-09-11T15:52:27.098107,12.970000000000004,77.5946,1.5,180.0,2.0151546126244577,1111.9492664451686,0.0,180.0,HIGH,0
A_3,2026-09-11T15:52:32.098107,12.969900000000004,77.5946,1.5,180.0,4.653427534616659,1123.0687591095987,0.0,180.0,HIGH,0
A_3,2026-09-11T15:52:37.098107,12.969800000000005,77.5946,1.5,180.0,8.719862998378797,1134.1882517740285,0.0,180.0,HIGH,0
A_3,2026-09-11T15:52:42.098107,12.969700000000005,77.5946,1.5,180.0,9.771027916010606,1145.3077444384585,0.0,180.0,HIGH,0
A_4,2026-09-11T15:51:07.099111,12.9716,77.5946,1.5,180.0,9.840138691532587,934.0373838142893,0.0,180.0,HIGH,0
A_4,2026-09-11T15:51:12.099111,12.9715,77.5946,1.5,180.0,5.07934324364504,945.1568764787194,0.0,180.0,HIGH,0
A_4,2026-09-11T15:51:17.099111,12.971400000000001,77.5946,1.5,180.0,6.548772034714058,956.2763691431493,0.0,180.0,HIGH,0
A_4,2026-09-11T15:51:22.099111,12.971300000000001,77.5946,1.5,180.0,5.911180378063105,967.3958618075791,0.0,180.0,HIGH,0
A_4,2026-09-11T15:51:27.099111,12.971200000000001,77.5946,1.5,180.0,8.988953874290281,978.5153544720091,0.0,180.0,HIGH,0
A_4,2026-09-11T15:51:32.099111,12.971100000000002,77.5946,1.5,180.0,7.128884043366974,989.634847136439,0.0,180.0,HIGH,0
A_4,2026-09-11T15:51:37.099111,12.971000000000002,77.5946,1.5,180.0,2.5064860859032176,1000.754339800869,0.0,180.0,HIGH,0
A_4,2026-09-11T15:51:42.099111,12.970900000000002,77.5946,1.5,180.0,4.2136367335581815,1011.8738324652991,0.0,180.0,HIGH,0
A_4,2026-09-11T15:51:47.099111,12.970800000000002,77.5946,1.5,180.0,3.111272510489046,1022.9933251297289,0.0,180.0,HIGH,0
A_4,2026-09-11T15:51:52.099111,12.970700000000003,77.5946,1.5,180.0,7.823273310713175,1034.112817794159,0.0,180.0,HIGH,0
A_4,2026-09-11T15:51:57.099111,12.970600000000003,77.5946,1.5,180.0,8.233694567225097,1045.232310458589,0.0,180.0,HIGH,0
A_4,2026-09-11T15:52:02.099111,12.970500000000003,77.5946,1.5,180.0,9.88397077933641,1056.3518031230187,0.0,180.0,HIGH,0
A_4,2026-09-11T15:52:07.099111,12.970400000000003,77.5946,1.5,180.0,6.7496427167334465,1067.4712957874488,0.0,180.0,HIGH,0
A_4,2026-09-11T15:52:12.099111,12.970300000000003,77.5946,1.5,180.0,4.347848278077545,1078.5907884518788,0.0,180.0,HIGH,0
A_4,2026-09-11T15:52:17.099111,12.970200000000004,77.5946,1.5,180.0,6.87905962839655,1089.7102811163088,0.0,180.0,HIGH,0
A_4,2026-09-11T15:52:22.099111,12.970100000000004,77.5946,1.5,180.0,9.97428619589629,1100.8297737807388,0.0,180.0,HIGH,0
A_4,2026-09-11T15:52:27.099111,12.970000000000004,77.5946,1.5,180.0,2.1240886376875894,1111.9492664451686,0.0,180.0,HIGH,0
A_4,2026-09-11T15:52:32.099111,12.969900000000004,77.5946,1.5,180.0,2.8023131357841526,1123.0687591095987,0.0,180.0,HIGH,0
A_4,2026-09-11T15:52:37.099111,12.969800000000005,77.5946,1.5,180.0,2.1267539974178904,1134.1882517740285,0.0,180.0,HIGH,0
A_4,2026-09-11T15:52:42.099111,12.969700000000005,77.5946,1.5,180.0,8.103521748497766,1145.3077444384585,0.0,180.0,HIGH,0
A_5,2026-09-11T15:51:07.099111,12.9716,77.5946,1.5,180.0,6.451977710470533,934.0373838142893,0.0,180.0,HIGH,0
A_5,2026-09-11T15:51:12.099111,12.9715,77.5946,1.5,180.0,6.622299423180066,945.1568764787194,0.0,180.0,HIGH,0
A_5,2026-09-11T15:51:17.099111,12.971400000000001,77.5946,1.5,180.0,2.9009425201222294,956.2763691431493,0.0,180.0,HIGH,0
A_5,2026-09-11T15:51:22.099111,12.971300000000001,77.5946,1.5,180.0,6.516482936452371,967.3958618075791,0.0,180.0,HIGH,0
A_5,2026-09-11T15:51:27.099111,12.971200000000001,77.5946,1.5,180.0,6.067579422098626,978.5153544720091,0.0,180.0,HIGH,0
A_5,2026-09-11T15:51:32.099111,12.971100000000002,77.5946,1.5,180.0,6.593679645241883,989.634847136439,0.0,180.0,HIGH,0
A_5,2026-09-11T15:51:37.099111,12.971000000000002,77.5946,1.5,180.0,7.938209527180339,1000.754339800869,0.0,180.0,HIGH,0
A_5,2026-09-11T15:51:42.099111,12.970900000000002,77.5946,1.5,180.0,6.3379587588817445,1011.8738324652991,0.0,180.0,HIGH,0
A_5,2026-09-11T15:51:47.099111,12.970800000000002,77.5946,1.5,180.0,6.544362756310318,1022.9933251297289,0.0,180.0,HIGH,0
A_5,2026-09-11T15:51:52.099111,12.970700000000003,77.5946,1.5,180.0,7.8545453906137785,1034.112817794159,0.0,180.0,HIGH,0
A_5,2026-09-11T15:51:57.099111,12.970600000000003,77.5946,1.5,180.0,2.6702055333588737,1045.232310458589,0.0,180.0,HIGH,0
A_5,2026-09-11T15:52:02.099111,12.970500000000003,77.5946,1.5,180.0,2.015370146151442,1056.3518031230187,0.0,180.0,HIGH,0
A_5,2026-09-11T15:52:07.099111,12.970400000000003,77.5946,1.5,180.0,9.041836972911756,1067.4712957874488,0.0,180.0,HIGH,0
A_5,2026-09-11T15:52:12.099111,12.970300000000003,77.5946,1.5,180.0,9.506160398889532,1078.5907884518788,0.0,180.0,HIGH,0
A_5,2026-09-11T15:52:17.099111,12.970200000000004,77.5946,1.5,180.0,8.060238532182646,1089.7102811163088,0.0,180.0,HIGH,0
A_5,2026-09-11T15:52:22.099111,12.970100000000004,77.5946,1.5,180.0,2.4098996358764975,1100.8297737807388,0.0,180.0,HIGH,0
A_5,2026-09-11T15:52:27.099111,12.970000000000004,77.5946,1.5,180.0,5.880837776071086,1111.9492664451686,0.0,180.0,HIGH,0
A_5,2026-09-11T15:52:32.099111,12.969900000000004,77.5946,1.5,180.0,3.841921045600528,1123.0687591095987,0.0,180.0,HIGH,0
A_5,2026-09-11T15:52:37.099111,12.969800000000005,77.5946,1.5,180.0,6.263502730071768,1134.1882517740285,0.0,180.0,HIGH,0
A_5,2026-09-11T15:52:42.099111,12.969700000000005,77.5946,1.5,180.0,8.222517421322127,1145.3077444384585,0.0,180.0,HIGH,0
A_6,2026-09-11T15:51:07.100107,12.9716,77.5946,1.5,180.0,9.10452653939197,934.0373838142893,0.0,180.0,HIGH,0
A_6,2026-09-11T15:51:12.100107,12.9715,77.5946,1.5,180.0,3.2295296873367096,945.1568764787194,0.0,180.0,HIGH,0
A_6,2026-09-11T15:51:17.100107,12.971400000000001,77.5946,1.5,180.0,4.032303596354987,956.2763691431493,0.0,180.0,HIGH,0
A_6,2026-09-11T15:51:22.100107,12.971300000000001,77.5946,1.5,180.0,6.847074527916106,967.3958618075791,0.0,180.0,HIGH,0
A_6,2026-09-11T15:51:27.100107,12.971200000000001,77.5946,1.5,180.0,8.995478374395862,978.5153544720091,0.0,180.0,HIGH,0
A_6,2026-09-11T15:51:32.100107,12.971100000000002,77.5946,1.5,180.0,2.632793784597858,989.634847136439,0.0,180.0,HIGH,0
A_6,2026-09-11T15:51:37.100107,12.971000000000002,77.5946,1.5,180.0,4.202469103056859,1000.754339800869,0.0,180.0,HIGH,0
A_6,2026-09-11T15:51:42.100107,12.970900000000002,77.5946,1.5,180.0,8.629969563120007,1011.8738324652991,0.0,180.0,HIGH,0
A_6,2026-09-11T15:51:47.100107,12.970800000000002,77.5946,1.5,180.0,2.687575415141513,1022.9933251297289,0.0,180.0,HIGH,0
A_6,2026-09-11T15:51:52.100107,12.970700000000003,77.5946,1.5,180.0,5.788781305205735,1034.112817794159,0.0,180.0,HIGH,0
A_6,2026-09-11T15:51:57.100107,12.970600000000003,77.5946,1.5,180.0,7.8852911987550005,1045.232310458589,0.0,180.0,HIGH,0
A_6,2026-09-11T15:52:02.100107,12.970500000000003,77.5946,1.5,180.0,5.9673180296711426,1056.3518031230187,0.0,180.0,HIGH,0
A_6,2026-09-11T15:52:07.100107,12.970400000000003,77.5946,1.5,180.0,7.5044026475360575,1067.4712957874488,0.0,180.0,HIGH,0
A_6,2026-09-11T15:52:12.100107,12.970300000000003,77.5946,1.5,180.0,8.15782689648391,1078.5907884518788,0.0,180.0,HIGH,0
A_6,2026-09-11T15:52:17.100107,12.970200000000004,77.5946,1.5,180.0,5.617109263238335,1089.7102811163088,0.0,180.0,HIGH,0
A_6,2026-09-11T15:52:22.100107,12.970100000000004,77.5946,1.5,180.0,5.2449246245495065,1100.8297737807388,0.0,180.0,HIGH,0
A_6,2026-09-11T15:52:27.100107,12.970000000000004,77.5946,1.5,180.0,8.394005522745676,1111.9492664451686,0.0,180.0,HIGH,0
A_6,2026-09-11T15:52:32.100107,12.969900000000004,77.5946,1.5,180.0,4.989235182423011,1123.0687591095987,0.0,180.0,HIGH,0
A_6,2026-09-11T15:52:37.100107,12.969800000000005,77.5946,1.5,180.0,8.663979339117194,1134.1882517740285,0.0,180.0,HIGH,0
A_6,2026-09-11T15:52:42.100107,12.969700000000005,77.5946,1.5,180.0,4.72177441672069,1145.3077444384585,0.0,180.0,HIGH,0
A_7,2026-09-11T15:51:07.100107,12.9716,77.5946,1.5,180.0,3.9865387439529654,934.0373838142893,0.0,180.0,HIGH,0
A_7,2026-09-11T15:51:12.100107,12.9715,77.5946,1.5,180.0,6.427706061714718,945.1568764787194,0.0,180.0,HIGH,0
A_7,2026-09-11T15:51:17.100107,12.971400000000001,77.5946,1.5,180.0,2.101754879630903,956.2763691431493,0.0,180.0,HIGH,0
A_7,2026-09-11T15:51:22.100107,12.971300000000001,77.5946,1.5,180.0,9.002251391197856,967.3958618075791,0.0,180.0,HIGH,0
A_7,2026-09-11T15:51:27.100107,12.971200000000001,77.5946,1.5,180.0,4.427602406260777,978.5153544720091,0.0,180.0,HIGH,0
A_7,2026-09-11T15:51:32.100107,12.971100000000002,77.5946,1.5,180.0,2.223703035384852,989.634847136439,0.0,180.0,HIGH,0
A_7,2026-09-11T15:51:37.100107,12.971000000000002,77.5946,1.5,180.0,3.446954602242024,1000.754339800869,0.0,180.0,HIGH,0
A_7,2026-09-11T15:51:42.100107,12.970900000000002,77.5946,1.5,180.0,9.748175749338554,1011.8738324652991,0.0,180.0,HIGH,0
A_7,2026-09-11T15:51:47.100107,12.970800000000002,77.5946,1.5,180.0,5.889099392965562,1022.9933251297289,0.0,180.0,HIGH,0
A_7,2026-09-11T15:51:52.100107,12.970700000000003,77.5946,1.5,180.0,5.510819072540537,1034.112817794159,0.0,180.0,HIGH,0
A_7,2026-09-11T15:51:57.100107,12.970600000000003,77.5946,1.5,180.0,5.26006312506505,1045.232310458589,0.0,180.0,HIGH,0
A_7,2026-09-11T15:52:02.100107,12.970500000000003,77.5946,1.5,180.0,4.571428438575938,1056.3518031230187,0.0,180.0,HIGH,0
A_7,2026-09-11T15:52:07.100107,12.970400000000003,77.5946,1.5,180.0,8.154007647268577,1067.4712957874488,0.0,180.0,HIGH,0
A_7,2026-09-11T15:52:12.100107,12.970300000000003,77.5946,1.5,180.0,2.2541341014722347,1078.5907884518788,0.0,180.0,HIGH,0
A_7,2026-09-11T15:52:17.100107,12.970200000000004,77.5946,1.5,180.0,3.1569103042049917,1089.7102811163088,0.0,180.0,HIGH,0
A_7,2026-09-11T15:52:22.100107,12.970100000000004,77.5946,1.5,180.0,5.638824411799214,1100.8297737807388,0.0,180.0,HIGH,0
A_7,2026-09-11T15:52:27.100107,12.970000000000004,77.5946,1.5,180.0,4.315611703497154,1111.9492664451686,0.0,180.0,HIGH,0
A_7,2026-09-11T15:52:32.100107,12.969900000000004,77.5946,1.5,180.0,9.891137011568958,1123.0687591095987,0.0,180.0,HIGH,0
A_7,2026-09-11T15:52:37.100107,12.969800000000005,77.5946,1.5,180.0,4.102918687689036,1134.1882517740285,0.0,180.0,HIGH,0
A_7,2026-09-11T15:52:42.100107,12.969700000000005,77.5946,1.5,180.0,5.068087510377203,1145.3077444384585,0.0,180.0,HIGH,0
A_8,2026-09-11T15:51:07.101108,12.9716,77.5946,1.5,180.0,8.252977516449038,934.0373838142893,0.0,180.0,HIGH,0
A_8,2026-09-11T15:51:12.101108,12.9715,77.5946,1.5,180.0,4.398174056797308,945.1568764787194,0.0,180.0,HIGH,0
A_8,2026-09-11T15:51:17.101108,12.971400000000001,77.5946,1.5,180.0,5.251194367440259,956.2763691431493,0.0,180.0,HIGH,0
A_8,2026-09-11T15:51:22.101108,12.971300000000001,77.5946,1.5,180.0,5.518304028585719,967.3958618075791,0.0,180.0,HIGH,0
A_8,2026-09-11T15:51:27.101108,12.971200000000001,77.5946,1.5,180.0,9.58925964803832,978.5153544720091,0.0,180.0,HIGH,0
A_8,2026-09-11T15:51:32.101108,12.971100000000002,77.5946,1.5,180.0,6.399195789597311,989.634847136439,0.0,180.0,HIGH,0
A_8,2026-09-11T15:51:37.101108,12.971000000000002,77.5946,1.5,180.0,3.5609923558675893,1000.754339800869,0.0,180.0,HIGH,0
A_8,2026-09-11T15:51:42.101108,12.970900000000002,77.5946,1.5,180.0,8.717463338181904,1011.8738324652991,0.0,180.0,HIGH,0
A_8,2026-09-11T15:51:47.101108,12.970800000000002,77.5946,1.5,180.0,2.726435473395557,1022.9933251297289,0.0,180.0,HIGH,0
A_8,2026-09-11T15:51:52.101108,12.970700000000003,77.5946,1.5,180.0,6.189793773160658,1034.112817794159,0.0,180.0,HIGH,0
A_8,2026-09-11T15:51:57.101108,12.970600000000003,77.5946,1.5,180.0,2.113584007170905,1045.232310458589,0.0,180.0,HIGH,0
A_8,2026-09-11T15:52:02.101108,12.970500000000003,77.5946,1.5,180.0,2.799640201684033,1056.3518031230187,0.0,180.0,HIGH,0
A_8,2026-09-11T15:52:07.101108,12.970400000000003,77.5946,1.5,180.0,8.339187630501982,1067.4712957874488,0.0,180.0,HIGH,0
A_8,2026-09-11T15:52:12.101108,12.970300000000003,77.5946,1.5,180.0,8.994111319564174,1078.5907884518788,0.0,180.0,HIGH,0
A_8,2026-09-11T15:52:17.101108,12.970200000000004,77.5946,1.5,180.0,5.324380346021444,1089.7102811163088,0.0,180.0,HIGH,0
A_8,2026-09-11T15:52:22.101108,12.970100000000004,77.5946,1.5,180.0,2.683970855940874,1100.8297737807388,0.0,180.0,HIGH,0
A_8,2026-09-11T15:52:27.101108,12.970000000000004,77.5946,1.5,180.0,4.148677038387938,1111.9492664451686,0.0,180.0,HIGH,0
A_8,2026-09-11T15:52:32.101108,12.969900000000004,77.5946,1.5,180.0,5.372897450169452,1123.0687591095987,0.0,180.0,HIGH,0
A_8,2026-09-11T15:52:37.101108,12.969800000000005,77.5946,1.5,180.0,2.928926292777687,1134.1882517740285,0.0,180.0,HIGH,0
A_8,2026-09-11T15:52:42.101108,12.969700000000005,77.5946,1.5,180.0,5.463644073848978,1145.3077444384585,0.0,180.0,HIGH,0
A_9,2026-09-11T15:51:07.101108,12.9716,77.5946,1.5,180.0,5.322461175232729,934.0373838142893,0.0,180.0,HIGH,0
A_9,2026-09-11T15:51:12.101108,12.9715,77.5946,1.5,180.0,5.819845200771343,945.1568764787194,0.0,180.0,HIGH,0
A_9,2026-09-11T15:51:17.101108,12.971400000000001,77.5946,1.5,180.0,3.881122741863991,956.2763691431493,0.0,180.0,HIGH,0
A_9,2026-09-11T15:51:22.101108,12.971300000000001,77.5946,1.5,180.0,8.549957669204353,967.3958618075791,0.0,180.0,HIGH,0
A_9,2026-09-11T15:51:27.101108,12.971200000000001,77.5946,1.5,180.0,2.883742702118421,978.5153544720091,0.0,180.0,HIGH,0
A_9,2026-09-11T15:51:32.101108,12.971100000000002,77.5946,1.5,180.0,3.895321719843283,989.634847136439,0.0,180.0,HIGH,0
A_9,2026-09-11T15:51:37.101108,12.971000000000002,77.5946,1.5,180.0,8.980549670284997,1000.754339800869,0.0,180.0,HIGH,0
A_9,2026-09-11T15:51:42.101108,12.970900000000002,77.5946,1.5,180.0,5.452555007829978,1011.8738324652991,0.0,180.0,HIGH,0
A_9,2026-09-11T15:51:47.101108,12.970800000000002,77.5946,1.5,180.0,2.8769862341151065,1022.9933251297289,0.0,180.0,HIGH,0
A_9,2026-09-11T15:51:52.101108,12.970700000000003,77.5946,1.5,180.0,3.917288455276571,1034.112817794159,0.0,180.0,HIGH,0
A_9,2026-09-11T15:51:57.101108,12.970600000000003,77.5946,1.5,180.0,5.759597147493419,1045.232310458589,0.0,180.0,HIGH,0
A_9,2026-09-11T15:52:02.101108,12.970500000000003,77.5946,1.5,180.0,3.481140013393336,1056.3518031230187,0.0,180.0,HIGH,0
A_9,2026-09-11T15:52:07.101108,12.970400000000003,77.5946,1.5,180.0,2.9113159061165064,1067.4712957874488,0.0,180.0,HIGH,0
A_9,2026-09-11T15:52:12.101108,12.970300000000003,77.5946,1.5,180.0,4.972201391083783,1078.5907884518788,0.0,180.0,HIGH,0
A_9,2026-09-11T15:52:17.101108,12.970200000000004,77.5946,1.5,180.0,2.6383424577318895,1089.7102811163088,0.0,180.0,HIGH,0
A_9,2026-09-11T15:52:22.101108,12.970100000000004,77.5946,1.5,180.0,7.330642324220212,1100.8297737807388,0.0,180.0,HIGH,0
A_9,2026-09-11T15:52:27.101108,12.970000000000004,77.5946,1.5,180.0,9.661482682680923,1111.9492664451686,0.0,180.0,HIGH,0
A_9,2026-09-11T15:52:32.101108,12.969900000000004,77.5946,1.5,180.0,9.384355813420637,1123.0687591095987,0.0,180.0,HIGH,0
A_9,2026-09-11T15:52:37.101108,12.969800000000005,77.5946,1.5,180.0,2.3520166043704736,1134.1882517740285,0.0,180.0,HIGH,0
A_9,2026-09-11T15:52:42.101108,12.969700000000005,77.5946,1.5,180.0,5.991683915012409,1145.3077444384585,0.0,180.0,HIGH,0
A_10,2026-09-11T15:51:07.101108,12.9716,77.5946,1.5,180.0,7.438635908626785,934.0373838142893,0.0,180.0,HIGH,0
A_10,2026-09-11T15:51:12.101108,12.9715,77.5946,1.5,180.0,2.0765418090457057,945.1568764787194,0.0,180.0,HIGH,0
A_10,2026-09-11T15:51:17.101108,12.971400000000001,77.5946,1.5,180.0,7.717743296549818,956.2763691431493,0.0,180.0,HIGH,0
A_10,2026-09-11T15:51:22.101108,12.971300000000001,77.5946,1.5,180.0,3.6913246887234745,967.3958618075791,0.0,180.0,HIGH,0
A_10,2026-09-11T15:51:27.101108,12.971200000000001,77.5946,1.5,180.0,5.476051770847383,978.5153544720091,0.0,180.0,HIGH,0
A_10,2026-09-11T15:51:32.101108,12.971100000000002,77.5946,1.5,180.0,6.82688642701426,989.634847136439,0.0,180.0,HIGH,0
A_10,2026-09-11T15:51:37.101108,12.971000000000002,77.5946,1.5,180.0,8.858458998525816,1000.754339800869,0.0,180.0,HIGH,0
A_10,2026-09-11T15:51:42.101108,12.970900000000002,77.5946,1.5,180.0,5.130396529723083,1011.8738324652991,0.0,180.0,HIGH,0
A_10,2026-09-11T15:51:47.101108,12.970800000000002,77.5946,1.5,180.0,7.725867402999102,1022.9933251297289,0.0,180.0,HIGH,0
A_10,2026-09-11T15:51:52.101108,12.970700000000003,77.5946,1.5,180.0,7.787335073489506,1034.112817794159,0.0,180.0,HIGH,0
A_10,2026-09-11T15:51:57.101108,12.970600000000003,77.5946,1.5,180.0,8.601828127574585,1045.232310458589,0.0,180.0,HIGH,0
A_10,2026-09-11T15:52:02.101108,12.970500000000003,77.5946,1.5,180.0,9.581765920574181,1056.3518031230187,0.0,180.0,HIGH,0
A_10,2026-09-11T15:52:07.101108,12.970400000000003,77.5946,1.5,180.0,8.559381531987706,1067.4712957874488,0.0,180.0,HIGH,0
A_10,2026-09-11T15:52:12.101108,12.970300000000003,77.5946,1.5,180.0,2.2959884924706886,1078.5907884518788,0.0,180.0,HIGH,0
A_10,2026-09-11T15:52:17.101108,12.970200000000004,77.5946,1.5,180.0,7.27747855445208,1089.7102811163088,0.0,180.0,HIGH,0
A_10,2026-09-11T15:52:22.101108,12.970100000000004,77.5946,1.5,180.0,3.105081312311996,1100.8297737807388,0.0,180.0,HIGH,0
A_10,2026-09-11T15:52:27.101108,12.970000000000004,77.5946,1.5,180.0,4.280699595302579,1111.9492664451686,0.0,180.0,HIGH,0
A_10,2026-09-11T15:52:32.101108,12.969900000000004,77.5946,1.5,180.0,6.069537805184486,1123.0687591095987,0.0,180.0,HIGH,0
A_10,2026-09-11T15:52:37.101108,12.969800000000005,77.5946,1.5,180.0,2.224632695004506,1134.1882517740285,0.0,180.0,HIGH,0
A_10,2026-09-11T15:52:42.101108,12.969700000000005,77.5946,1.5,180.0,7.787004385721837,1145.3077444384585,0.0,180.0,HIGH,0
A_11,2026-09-11T15:51:07.102106,12.9716,77.5946,1.5,180.0,9.728517643888852,934.0373838142893,0.0,180.0,HIGH,0
A_11,2026-09-11T15:51:12.102106,12.9715,77.5946,1.5,180.0,3.736277509596965,945.1568764787194,0.0,180.0,HIGH,0
A_11,2026-09-11T15:51:17.102106,12.971400000000001,77.5946,1.5,180.0,6.5802770647304225,956.2763691431493,0.0,180.0,HIGH,0
A_11,2026-09-11T15:51:22.102106,12.971300000000001,77.5946,1.5,180.0,5.234121840489921,967.3958618075791,0.0,180.0,HIGH,0
A_11,2026-09-11T15:51:27.102106,12.971200000000001,77.5946,1.5,180.0,5.257145463327967,978.5153544720091,0.0,180.0,HIGH,0
A_11,2026-09-11T15:51:32.102106,12.971100000000002,77.5946,1.5,180.0,7.618676320152938,989.634847136439,0.0,180.0,HIGH,0
A_11,2026-09-11T15:51:37.102106,12.971000000000002,77.5946,1.5,180.0,2.693362998256962,1000.754339800869,0.0,180.0,HIGH,0
A_11,2026-09-11T15:51:42.102106,12.970900000000002,77.5946,1.5,180.0,6.378179308000059,1011.8738324652991,0.0,180.0,HIGH,0
A_11,2026-09-11T15:51:47.102106,12.970800000000002,77.5946,1.5,180.0,5.34725864996726,1022.9933251297289,0.0,180.0,HIGH,0
A_11,2026-09-11T15:51:52.102106,12.970700000000003,77.5946,1.5,180.0,6.95647459401944,1034.112817794159,0.0,180.0,HIGH,0
A_11,2026-09-11T15:51:57.102106,12.970600000000003,77.5946,1.5,180.0,9.611223139708514,1045.232310458589,0.0,180.0,HIGH,0
A_11,2026-09-11T15:52:02.102106,12.970500000000003,77.5946,1.5,180.0,8.314179792822497,1056.3518031230187,0.0,180.0,HIGH,0
A_11,2026-09-11T15:52:07.102106,12.970400000000003,77.5946,1.5,180.0,7.25064937748784,1067.4712957874488,0.0,180.0,HIGH,0
A_11,2026-09-11T15:52:12.102106,12.970300000000003,77.5946,1.5,180.0,3.228194209158871,1078.5907884518788,0.0,180.0,HIGH,0
A_11,2026-09-11T15:52:17.102106,12.970200000000004,77.5946,1.5,180.0,6.727972263689969,1089.7102811163088,0.0,180.0,HIGH,0
A_11,2026-09-11T15:52:22.102106,12.970100000000004,77.5946,1.5,180.0,9.992715031266712,1100.8297737807388,0.0,180.0,HIGH,0
A_11,2026-09-11T15:52:27.102106,12.970000000000004,77.5946,1.5,180.0,5.946836575037855,1111.9492664451686,0.0,180.0,HIGH,0
A_11,2026-09-11T15:52:32.102106,12.969900000000004,77.5946,1.5,180.0,5.196694592655223,1123.0687591095987,0.0,180.0,HIGH,0
A_11,2026-09-11T15:52:37.102106,12.969800000000005,77.5946,1.5,180.0,5.786729268867097,1134.1882517740285,0.0,180.0,HIGH,0
A_11,2026-09-11T15:52:42.102106,12.969700000000005,77.5946,1.5,180.0,8.553174986813389,1145.3077444384585,0.0,180.0,HIGH,0
A_12,2026-09-11T15:51:07.102106,12.9716,77.5946,1.5,180.0,2.299614837695688,934.0373838142893,0.0,180.0,HIGH,0
A_12,2026-09-11T15:51:12.102106,12.9715,77.5946,1.5,180.0,5.430001146200134,945.1568764787194,0.0,180.0,HIGH,0
A_12,2026-09-11T15:51:17.102106,12.971400000000001,77.5946,1.5,180.0,5.69630690051818,956.2763691431493,0.0,180.0,HIGH,0
A_12,2026-09-11T15:51:22.102106,12.971300000000001,77.5946,1.5,180.0,6.494937623540416,967.3958618075791,0.0,180.0,HIGH,0
A_12,2026-09-11T15:51:27.102106,12.971200000000001,77.5946,1.5,180.0,6.908765406452942,978.5153544720091,0.0,180.0,HIGH,0
A_12,2026-09-11T15:51:32.102106,12.971100000000002,77.5946,1.5,180.0,3.8604848728502983,989.634847136439,0.0,180.0,HIGH,0
A_12,2026-09-11T15:51:37.102106,12.971000000000002,77.5946,1.5,180.0,9.737400714415523,1000.754339800869,0.0,180.0,HIGH,0
A_12,2026-09-11T15:51:42.102106,12.970900000000002,77.5946,1.5,180.0,9.833937980282293,1011.8738324652991,0.0,180.0,HIGH,0
A_12,2026-09-11T15:51:47.102106,12.970800000000002,77.5946,1.5,180.0,4.064904812005085,1022.9933251297289,0.0,180.0,HIGH,0
A_12,2026-09-11T15:51:52.102106,12.970700000000003,77.5946,1.5,180.0,8.311480468141376,1034.112817794159,0.0,180.0,HIGH,0
A_12,2026-09-11T15:51:57.102106,12.970600000000003,77.5946,1.5,180.0,3.342354847563734,1045.232310458589,0.0,180.0,HIGH,0
A_12,2026-09-11T15:52:02.102106,12.970500000000003,77.5946,1.5,180.0,3.1096118529803265,1056.3518031230187,0.0,180.0,HIGH,0
A_12,2026-09-11T15:52:07.102106,12.970400000000003,77.5946,1.5,180.0,7.635120873496072,1067.4712957874488,0.0,180.0,HIGH,0
A_12,2026-09-11T15:52:12.102106,12.970300000000003,77.5946,1.5,180.0,8.089535324981235,1078.5907884518788,0.0,180.0,HIGH,0
A_12,2026-09-11T15:52:17.102106,12.970200000000004,77.5946,1.5,180.0,7.783700147437409,1089.7102811163088,0.0,180.0,HIGH,0
A_12,2026-09-11T15:52:22.102106,12.970100000000004,77.5946,1.5,180.0,8.42251373603146,1100.8297737807388,0.0,180.0,HIGH,0
A_12,2026-09-11T15:52:27.102106,12.970000000000004,77.5946,1.5,180.0,8.600227387619348,1111.9492664451686,0.0,180.0,HIGH,0
A_12,2026-09-11T15:52:32.102106,12.969900000000004,77.5946,1.5,180.0,2.037218146645615,1123.0687591095987,0.0,180.0,HIGH,0
A_12,2026-09-11T15:52:37.102106,12.969800000000005,77.5946,1.5,180.0,8.283756470071527,1134.1882517740285,0.0,180.0,HIGH,0
A_12,2026-09-11T15:52:42.102106,12.969700000000005,77.5946,1.5,180.0,6.281983833959058,1145.3077444384585,0.0,180.0,HIGH,0
A_13,2026-09-11T15:51:07.103250,12.9716,77.5946,1.5,180.0,5.123471056675422,934.0373838142893,0.0,180.0,HIGH,0
A_13,2026-09-11T15:51:12.103250,12.9715,77.5946,1.5,180.0,3.244717929107024,945.1568764787194,0.0,180.0,HIGH,0
A_13,2026-09-11T15:51:17.103250,12.971400000000001,77.5946,1.5,180.0,3.0400055471718694,956.2763691431493,0.0,180.0,HIGH,0
A_13,2026-09-11T15:51:22.103250,12.971300000000001,77.5946,1.5,180.0,5.922739710695855,967.3958618075791,0.0,180.0,HIGH,0
A_13,2026-09-11T15:51:27.103250,12.971200000000001,77.5946,1.5,180.0,9.00397030948031,978.5153544720091,0.0,180.0,HIGH,0
A_13,2026-09-11T15:51:32.103250,12.971100000000002,77.5946,1.5,180.0,9.879054870181466,989.634847136439,0.0,180.0,HIGH,0
A_13,2026-09-11T15:51:37.103250,12.971000000000002,77.5946,1.5,180.0,2.137962166829629,1000.754339800869,0.0,180.0,HIGH,0
A_13,2026-09-11T15:51:42.103250,12.970900000000002,77.5946,1.5,180.0,9.113875259892824,1011.8738324652991,0.0,180.0,HIGH,0
A_13,2026-09-11T15:51:47.103250,12.970800000000002,77.5946,1.5,180.0,9.02841528441565,1022.9933251297289,0.0,180.0,HIGH,0
A_13,2026-09-11T15:51:52.103250,12.970700000000003,77.5946,1.5,180.0,8.93872980878404,1034.112817794159,0.0,180.0,HIGH,0
A_13,2026-09-11T15:51:57.103250,12.970600000000003,77.5946,1.5,180.0,3.761177269785123,1045.232310458589,0.0,180.0,HIGH,0
A_13,2026-09-11T15:52:02.103250,12.970500000000003,77.5946,1.5,180.0,2.2217638492799674,1056.3518031230187,0.0,180.0,HIGH,0
A_13,2026-09-11T15:52:07.103250,12.970400000000003,77.5946,1.5,180.0,8.862020613040691,1067.4712957874488,0.0,180.0,HIGH,0
A_13,2026-09-11T15:52:12.103250,12.970300000000003,77.5946,1.5,180.0,9.252040225043789,1078.5907884518788,0.0,180.0,HIGH,0
A_13,2026-09-11T15:52:17.103250,12.970200000000004,77.5946,1.5,180.0,6.2967112090572055,1089.7102811163088,0.0,180.0,HIGH,0
A_13,2026-09-11T15:52:22.103250,12.970100000000004,77.5946,1.5,180.0,5.642183453927674,1100.8297737807388,0.0,180.0,HIGH,0
A_13,2026-09-11T15:52:27.103250,12.970000000000004,77.5946,1.5,180.0,5.346554383325484,1111.9492664451686,0.0,180.0,HIGH,0
A_13,2026-09-11T15:52:32.103250,12.969900000000004,77.5946,1.5,180.0,7.678063824592185,1123.0687591095987,0.0,180.0,HIGH,0
A_13,2026-09-11T15:52:37.103250,12.969800000000005,77.5946,1.5,180.0,5.480401494892962,1134.1882517740285,0.0,180.0,HIGH,0
A_13,2026-09-11T15:52:42.103250,12.969700000000005,77.5946,1.5,180.0,5.159919833203171,1145.3077444384585,0.0,180.0,HIGH,0
A_14,2026-09-11T15:51:07.103250,12.9716,77.5946,1.5,180.0,8.758377868119481,934.0373838142893,0.0,180.0,HIGH,0
A_14,2026-09-11T15:51:12.103250,12.9715,77.5946,1.5,180.0,2.5805161037307984,945.1568764787194,0.0,180.0,HIGH,0
A_14,2026-09-11T15:51:17.103250,12.971400000000001,77.5946,1.5,180.0,7.061566533865149,956.2763691431493,0.0,180.0,HIGH,0
A_14,2026-09-11T15:51:22.103250,12.971300000000001,77.5946,1.5,180.0,3.1105682543714543,967.3958618075791,0.0,180.0,HIGH,0
A_14,2026-09-11T15:51:27.103250,12.971200000000001,77.5946,1.5,180.0,2.441558714400486,978.5153544720091,0.0,180.0,HIGH,0
A_14,2026-09-11T15:51:32.103250,12.971100000000002,77.5946,1.5,180.0,2.590949513821692,989.634847136439,0.0,180.0,HIGH,0
A_14,2026-09-11T15:51:37.103250,12.971000000000002,77.5946,1.5,180.0,8.361557866506317,1000.754339800869,0.0,180.0,HIGH,0
A_14,2026-09-11T15:51:42.103250,12.970900000000002,77.5946,1.5,180.0,8.427708447358597,1011.8738324652991,0.0,180.0,HIGH,0
A_14,2026-09-11T15:51:47.103250,12.970800000000002,77.5946,1.5,180.0,9.000012524507778,1022.9933251297289,0.0,180.0,HIGH,0
A_14,2026-09-11T15:51:52.103250,12.970700000000003,77.5946,1.5,180.0,6.322979863436342,1034.112817794159,0.0,180.0,HIGH,0
A_14,2026-09-11T15:51:57.103250,12.970600000000003,77.5946,1.5,180.0,6.259403368984631,1045.232310458589,0.0,180.0,HIGH,0
A_14,2026-09-11T15:52:02.103250,12.970500000000003,77.5946,1.5,180.0,5.786584050172974,1056.3518031230187,0.0,180.0,HIGH,0
A_14,2026-09-11T15:52:07.103250,12.970400000000003,77.5946,1.5,180.0,7.611642614120528,1067.4712957874488,0.0,180.0,HIGH,0
A_14,2026-09-11T15:52:12.103250,12.970300000000003,77.5946,1.5,180.0,2.268303887285703,1078.5907884518788,0.0,180.0,HIGH,0
A_14,2026-09-11T15:52:17.103250,12.970200000000004,77.5946,1.5,180.0,4.092671495200556,1089.7102811163088,0.0,180.0,HIGH,0
A_14,2026-09-11T15:52:22.103250,12.970100000000004,77.5946,1.5,180.0,8.86133743934888,1100.8297737807388,0.0,180.0,HIGH,0
A_14,2026-09-11T15:52:27.103250,12.970000000000004,77.5946,1.5,180.0,8.774829937452056,1111.9492664451686,0.0,180.0,HIGH,0
A_14,2026-09-11T15:52:32.103250,12.969900000000004,77.5946,1.5,180.0,7.154879526630441,1123.0687591095987,0.0,180.0,HIGH,0
A_14,2026-09-11T15:52:37.103250,12.969800000000005,77.5946,1.5,180.0,5.223688640582229,1134.1882517740285,0.0,180.0,HIGH,0
A_14,2026-09-11T15:52:42.103250,12.969700000000005,77.5946,1.5,180.0,8.710728505840617,1145.3077444384585,0.0,180.0,HIGH,0
A_15,2026-09-11T15:51:07.103250,12.9716,77.5946,1.5,180.0,4.643754922501126,934.0373838142893,0.0,180.0,HIGH,0
A_15,2026-09-11T15:51:12.103250,12.9715,77.5946,1.5,180.0,8.79746548748919,945.1568764787194,0.0,180.0,HIGH,0
A_15,2026-09-11T15:51:17.103250,12.971400000000001,77.5946,1.5,180.0,2.6798101742934115,956.2763691431493,0.0,180.0,HIGH,0
A_15,2026-09-11T15:51:22.103250,12.971300000000001,77.5946,1.5,180.0,4.992591439391517,967.3958618075791,0.0,180.0,HIGH,0
A_15,2026-09-11T15:51:27.103250,12.971200000000001,77.5946,1.5,180.0,6.112954918735322,978.5153544720091,0.0,180.0,HIGH,0
A_15,2026-09-11T15:51:32.103250,12.971100000000002,77.5946,1.5,180.0,9.200455633750327,989.634847136439,0.0,180.0,HIGH,0
A_15,2026-09-11T15:51:37.103250,12.971000000000002,77.5946,1.5,180.0,2.3642587822205625,1000.754339800869,0.0,180.0,HIGH,0
A_15,2026-09-11T15:51:42.103250,12.970900000000002,77.5946,1.5,180.0,5.185257976293973,1011.8738324652991,0.0,180.0,HIGH,0
A_15,2026-09-11T15:51:47.103250,12.970800000000002,77.5946,1.5,180.0,4.405683777263456,1022.9933251297289,0.0,180.0,HIGH,0
A_15,2026-09-11T15:51:52.103250,12.970700000000003,77.5946,1.5,180.0,7.125926081480211,1034.112817794159,0.0,180.0,HIGH,0
A_15,2026-09-11T15:51:57.103250,12.970600000000003,77.5946,1.5,180.0,4.226147877851103,1045.232310458589,0.0,180.0,HIGH,0
A_15,2026-09-11T15:52:02.103250,12.970500000000003,77.5946,1.5,180.0,9.30708802402905,1056.3518031230187,0.0,180.0,HIGH,0
A_15,2026-09-11T15:52:07.103250,12.970400000000003,77.5946,1.5,180.0,6.362786789554311,1067.4712957874488,0.0,180.0,HIGH,0
A_15,2026-09-11T15:52:12.103250,12.970300000000003,77.5946,1.5,180.0,8.092688082709678,1078.5907884518788,0.0,180.0,HIGH,0
A_15,2026-09-11T15:52:17.103250,12.970200000000004,77.5946,1.5,180.0,8.144443397798256,1089.7102811163088,0.0,180.0,HIGH,0
A_15,2026-09-11T15:52:22.103250,12.970100000000004,77.5946,1.5,180.0,9.254866209221806,1100.8297737807388,0.0,180.0,HIGH,0
A_15,2026-09-11T15:52:27.103250,12.970000000000004,77.5946,1.5,180.0,7.391238655449894,1111.9492664451686,0.0,180.0,HIGH,0
A_15,2026-09-11T15:52:32.103250,12.969900000000004,77.5946,1.5,180.0,6.611237158671216,1123.0687591095987,0.0,180.0,HIGH,0
A_15,2026-09-11T15:52:37.103250,12.969800000000005,77.5946,1.5,180.0,9.89368806171384,1134.1882517740285,0.0,180.0,HIGH,0
A_15,2026-09-11T15:52:42.103250,12.969700000000005,77.5946,1.5,180.0,2.0025169368800544,1145.3077444384585,0.0,180.0,HIGH,0
A_16,2026-09-11T15:51:07.104621,12.9716,77.5946,1.5,180.0,7.090765821190866,934.0373838142893,0.0,180.0,HIGH,0
A_16,2026-09-11T15:51:12.104621,12.9715,77.5946,1.5,180.0,5.324887387871349,945.1568764787194,0.0,180.0,HIGH,0
A_16,2026-09-11T15:51:17.104621,12.971400000000001,77.5946,1.5,180.0,8.918298673384815,956.2763691431493,0.0,180.0,HIGH,0
A_16,2026-09-11T15:51:22.104621,12.971300000000001,77.5946,1.5,180.0,8.426801545962938,967.3958618075791,0.0,180.0,HIGH,0
A_16,2026-09-11T15:51:27.104621,12.971200000000001,77.5946,1.5,180.0,3.9763293819629366,978.5153544720091,0.0,180.0,HIGH,0
A_16,2026-09-11T15:51:32.104621,12.971100000000002,77.5946,1.5,180.0,4.9403273311760625,989.634847136439,0.0,180.0,HIGH,0
A_16,2026-09-11T15:51:37.104621,12.971000000000002,77.5946,1.5,180.0,8.266753271265618,1000.754339800869,0.0,180.0,HIGH,0
A_16,2026-09-11T15:51:42.104621,12.970900000000002,77.5946,1.5,180.0,8.508588648041947,1011.8738324652991,0.0,180.0,HIGH,0
A_16,2026-09-11T15:51:47.104621,12.970800000000002,77.5946,1.5,180.0,9.191892386241271,1022.9933251297289,0.0,180.0,HIGH,0
A_16,2026-09-11T15:51:52.104621,12.970700000000003,77.5946,1.5,180.0,9.592506329377773,1034.112817794159,0.0,180.0,HIGH,0
A_16,2026-09-11T15:51:57.104621,12.970600000000003,77.5946,1.5,180.0,6.015045908245576,1045.232310458589,0.0,180.0,HIGH,0
A_16,2026-09-11T15:52:02.104621,12.970500000000003,77.5946,1.5,180.0,7.9824599225049875,1056.3518031230187,0.0,180.0,HIGH,0
A_16,2026-09-11T15:52:07.104621,12.970400000000003,77.5946,1.5,180.0,5.601390540164791,1067.4712957874488,0.0,180.0,HIGH,0
A_16,2026-09-11T15:52:12.104621,12.970300000000003,77.5946,1.5,180.0,8.889096586126424,1078.5907884518788,0.0,180.0,HIGH,0
A_16,2026-09-11T15:52:17.104621,12.970200000000004,77.5946,1.5,180.0,3.7931214733206753,1089.7102811163088,0.0,180.0,HIGH,0
A_16,2026-09-11T15:52:22.104621,12.970100000000004,77.5946,1.5,180.0,9.85563349756038,1100.8297737807388,0.0,180.0,HIGH,0
A_16,2026-09-11T15:52:27.104621,12.970000000000004,77.5946,1.5,180.0,5.177606066725045,1111.9492664451686,0.0,180.0,HIGH,0
A_16,2026-09-11T15:52:32.104621,12.969900000000004,77.5946,1.5,180.0,4.50026296044008,1123.0687591095987,0.0,180.0,HIGH,0
A_16,2026-09-11T15:52:37.104621,12.969800000000005,77.5946,1.5,180.0,2.678549517713434,1134.1882517740285,0.0,180.0,HIGH,0
A_16,2026-09-11T15:52:42.104621,12.969700000000005,77.5946,1.5,180.0,5.582004349039208,1145.3077444384585,0.0,180.0,HIGH,0
A_17,2026-09-11T15:51:07.104621,12.9716,77.5946,1.5,180.0,2.0831516283018034,934.0373838142893,0.0,180.0,HIGH,0
A_17,2026-09-11T15:51:12.104621,12.9715,77.5946,1.5,180.0,3.5036759542207134,945.1568764787194,0.0,180.0,HIGH,0
A_17,2026-09-11T15:51:17.104621,12.971400000000001,77.5946,1.5,180.0,6.813226238002085,956.2763691431493,0.0,180.0,HIGH,0
A_17,2026-09-11T15:51:22.104621,12.971300000000001,77.5946,1.5,180.0,2.6397792169120358,967.3958618075791,0.0,180.0,HIGH,0
A_17,2026-09-11T15:51:27.104621,12.971200000000001,77.5946,1.5,180.0,5.80079605012478,978.5153544720091,0.0,180.0,HIGH,0
A_17,2026-09-11T15:51:32.104621,12.971100000000002,77.5946,1.5,180.0,3.9429856518389066,989.634847136439,0.0,180.0,HIGH,0
A_17,2026-09-11T15:51:37.104621,12.971000000000002,77.5946,1.5,180.0,8.588313338031739,1000.754339800869,0.0,180.0,HIGH,0
A_17,2026-09-11T15:51:42.104621,12.970900000000002,77.5946,1.5,180.0,4.131916458123564,1011.8738324652991,0.0,180.0,HIGH,0
A_17,2026-09-11T15:51:47.104621,12.970800000000002,77.5946,1.5,180.0,4.580339816508267,1022.9933251297289,0.0,180.0,HIGH,0
A_17,2026-09-11T15:51:52.104621,12.970700000000003,77.5946,1.5,180.0,4.702886282704995,1034.112817794159,0.0,180.0,HIGH,0
A_17,2026-09-11T15:51:57.104621,12.970600000000003,77.5946,1.5,180.0,7.111915385553575,1045.232310458589,0.0,180.0,HIGH,0
A_17,2026-09-11T15:52:02.104621,12.970500000000003,77.5946,1.5,180.0,9.553290714415445,1056.3518031230187,0.0,180.0,HIGH,0
A_17,2026-09-11T15:52:07.104621,12.970400000000003,77.5946,1.5,180.0,6.0791109021932,1067.4712957874488,0.0,180.0,HIGH,0
A_17,2026-09-11T15:52:12.104621,12.970300000000003,77.5946,1.5,180.0,6.231504179533179,1078.5907884518788,0.0,180.0,HIGH,0
A_17,2026-09-11T15:52:17.104621,12.970200000000004,77.5946,1.5,180.0,9.950766751519659,1089.7102811163088,0.0,180.0,HIGH,0
A_17,2026-09-11T15:52:22.104621,12.970100000000004,77.5946,1.5,180.0,3.9233936389139608,1100.8297737807388,0.0,180.0,HIGH,0
A_17,2026-09-11T15:52:27.104621,12.970000000000004,77.5946,1.5,180.0,8.100108885952494,1111.9492664451686,0.0,180.0,HIGH,0
A_17,2026-09-11T15:52:32.104621,12.969900000000004,77.5946,1.5,180.0,4.233057286856995,1123.0687591095987,0.0,180.0,HIGH,0
A_17,2026-09-11T15:52:37.104621,12.969800000000005,77.5946,1.5,180.0,9.549881391852015,1134.1882517740285,0.0,180.0,HIGH,0
A_17,2026-09-11T15:52:42.104621,12.969700000000005,77.5946,1.5,180.0,8.300199665579257,1145.3077444384585,0.0,180.0,HIGH,0
A_18,2026-09-11T15:51:07.104621,12.9716,77.5946,1.5,180.0,3.2574363296144417,934.0373838142893,0.0,180.0,HIGH,0
A_18,2026-09-11T15:51:12.104621,12.9715,77.5946,1.5,180.0,9.882480785881237,945.1568764787194,0.0,180.0,HIGH,0
A_18,2026-09-11T15:51:17.104621,12.971400000000001,77.5946,1.5,180.0,3.5359988523174897,956.2763691431493,0.0,180.0,HIGH,0
A_18,2026-09-11T15:51:22.104621,12.971300000000001,77.5946,1.5,180.0,9.144478384511249,967.3958618075791,0.0,180.0,HIGH,0
A_18,2026-09-11T15:51:27.104621,12.971200000000001,77.5946,1.5,180.0,6.5525149885237175,978.5153544720091,0.0,180.0,HIGH,0
A_18,2026-09-11T15:51:32.104621,12.971100000000002,77.5946,1.5,180.0,5.750940335949201,989.634847136439,0.0,180.0,HIGH,0
A_18,2026-09-11T15:51:37.104621,12.971000000000002,77.5946,1.5,180.0,3.5480679328612315,1000.754339800869,0.0,180.0,HIGH,0
A_18,2026-09-11T15:51:42.104621,12.970900000000002,77.5946,1.5,180.0,3.837054777732919,1011.8738324652991,0.0,180.0,HIGH,0
A_18,2026-09-11T15:51:47.104621,12.970800000000002,77.5946,1.5,180.0,9.789732885608897,1022.9933251297289,0.0,180.0,HIGH,0
A_18,2026-09-11T15:51:52.104621,12.970700000000003,77.5946,1.5,180.0,2.705252618539049,1034.112817794159,0.0,180.0,HIGH,0
A_18,2026-09-11T15:51:57.104621,12.970600000000003,77.5946,1.5,180.0,4.192873007929028,1045.232310458589,0.0,180.0,HIGH,0
A_18,2026-09-11T15:52:02.104621,12.970500000000003,77.5946,1.5,180.0,6.948602872110718,1056.3518031230187,0.0,180.0,HIGH,0
A_18,2026-09-11T15:52:07.104621,12.970400000000003,77.5946,1.5,180.0,3.1360514293856765,1067.4712957874488,0.0,180.0,HIGH,0
A_18,2026-09-11T15:52:12.104621,12.970300000000003,77.5946,1.5,180.0,8.078262628020052,1078.5907884518788,0.0,180.0,HIGH,0
A_18,2026-09-11T15:52:17.104621,12.970200000000004,77.5946,1.5,180.0,3.527810255115229,1089.7102811163088,0.0,180.0,HIGH,0
A_18,2026-09-11T15:52:22.104621,12.970100000000004,77.5946,1.5,180.0,6.888378470159676,1100.8297737807388,0.0,180.0,HIGH,0
A_18,2026-09-11T15:52:27.104621,12.970000000000004,77.5946,1.5,180.0,7.153788669591585,1111.9492664451686,0.0,180.0,HIGH,0
A_18,2026-09-11T15:52:32.104621,12.969900000000004,77.5946,1.5,180.0,9.799224619429687,1123.0687591095987,0.0,180.0,HIGH,0
A_18,2026-09-11T15:52:37.104621,12.969800000000005,77.5946,1.5,180.0,2.717888102078687,1134.1882517740285,0.0,180.0,HIGH,0
A_18,2026-09-11T15:52:42.104621,12.969700000000005,77.5946,1.5,180.0,4.079033753870004,1145.3077444384585,0.0,180.0,HIGH,0
A_19,2026-09-11T15:51:07.105616,12.9716,77.5946,1.5,180.0,8.964388304340526,934.0373838142893,0.0,180.0,HIGH,0
A_19,2026-09-11T15:51:12.105616,12.9715,77.5946,1.5,180.0,4.7792110502754515,945.1568764787194,0.0,180.0,HIGH,0
A_19,2026-09-11T15:51:17.105616,12.971400000000001,77.5946,1.5,180.0,2.021047780355402,956.2763691431493,0.0,180.0,HIGH,0
A_19,2026-09-11T15:51:22.105616,12.971300000000001,77.5946,1.5,180.0,6.656145036789138,967.3958618075791,0.0,180.0,HIGH,0
A_19,2026-09-11T15:51:27.105616,12.971200000000001,77.5946,1.5,180.0,2.1969065788174635,978.5153544720091,0.0,180.0,HIGH,0
A_19,2026-09-11T15:51:32.105616,12.971100000000002,77.5946,1.5,180.0,4.619602481576758,989.634847136439,0.0,180.0,HIGH,0
A_19,2026-09-11T15:51:37.105616,12.971000000000002,77.5946,1.5,180.0,8.11320137896828,1000.754339800869,0.0,180.0,HIGH,0
A_19,2026-09-11T15:51:42.105616,12.970900000000002,77.5946,1.5,180.0,4.365931668600598,1011.8738324652991,0.0,180.0,HIGH,0
A_19,2026-09-11T15:51:47.105616,12.970800000000002,77.5946,1.5,180.0,3.50098795722245,1022.9933251297289,0.0,180.0,HIGH,0
A_19,2026-09-11T15:51:52.105616,12.970700000000003,77.5946,1.5,180.0,3.839025664877034,1034.112817794159,0.0,180.0,HIGH,0
A_19,2026-09-11T15:51:57.105616,12.970600000000003,77.5946,1.5,180.0,8.357335717078644,1045.232310458589,0.0,180.0,HIGH,0
A_19,2026-09-11T15:52:02.105616,12.970500000000003,77.5946,1.5,180.0,5.960663249172605,1056.3518031230187,0.0,180.0,HIGH,0
A_19,2026-09-11T15:52:07.105616,12.970400000000003,77.5946,1.5,180.0,6.986397431562015,1067.4712957874488,0.0,180.0,HIGH,0
A_19,2026-09-11T15:52:12.105616,12.970300000000003,77.5946,1.5,180.0,8.89800853223317,1078.5907884518788,0.0,180.0,HIGH,0
A_19,2026-09-11T15:52:17.105616,12.970200000000004,77.5946,1.5,180.0,4.40918614718665,1089.7102811163088,0.0,180.0,HIGH,0
A_19,2026-09-11T15:52:22.105616,12.970100000000004,77.5946,1.5,180.0,7.271626602636368,1100.8297737807388,0.0,180.0,HIGH,0
A_19,2026-09-11T15:52:27.105616,12.970000000000004,77.5946,1.5,180.0,2.1806499883303356,1111.9492664451686,0.0,180.0,HIGH,0
A_19,2026-09-11T15:52:32.105616,12.969900000000004,77.5946,1.5,180.0,6.6747449337784195,1123.0687591095987,0.0,180.0,HIGH,0
A_19,2026-09-11T15:52:37.105616,12.969800000000005,77.5946,1.5,180.0,9.25420853659708,1134.1882517740285,0.0,180.0,HIGH,0
A_19,2026-09-11T15:52:42.105616,12.969700000000005,77.5946,1.5,180.0,7.15627616122437,1145.3077444384585,0.0,180.0,HIGH,0
A_20,2026-09-11T15:51:07.105616,12.9716,77.5946,1.5,180.0,4.5677439651268115,934.0373838142893,0.0,180.0,HIGH,0
A_20,2026-09-11T15:51:12.105616,12.9715,77.5946,1.5,180.0,5.991429008893423,945.1568764787194,0.0,180.0,HIGH,0
A_20,2026-09-11T15:51:17.105616,12.971400000000001,77.5946,1.5,180.0,4.836635160954506,956.2763691431493,0.0,180.0,HIGH,0
A_20,2026-09-11T15:51:22.105616,12.971300000000001,77.5946,1.5,180.0,5.145326180358029,967.3958618075791,0.0,180.0,HIGH,0
A_20,2026-09-11T15:51:27.105616,12.971200000000001,77.5946,1.5,180.0,3.6697333996032544,978.5153544720091,0.0,180.0,HIGH,0
A_20,2026-09-11T15:51:32.105616,12.971100000000002,77.5946,1.5,180.0,7.748969408495979,989.634847136439,0.0,180.0,HIGH,0
A_20,2026-09-11T15:51:37.105616,12.971000000000002,77.5946,1.5,180.0,8.124907766750976,1000.754339800869,0.0,180.0,HIGH,0
A_20,2026-09-11T15:51:42.105616,12.970900000000002,77.5946,1.5,180.0,4.053005254694017,1011.8738324652991,0.0,180.0,HIGH,0
A_20,2026-09-11T15:51:47.105616,12.970800000000002,77.5946,1.5,180.0,2.0224487007640315,1022.9933251297289,0.0,180.0,HIGH,0
A_20,2026-09-11T15:51:52.105616,12.970700000000003,77.5946,1.5,180.0,4.218141741011985,1034.112817794159,0.0,180.0,HIGH,0
A_20,2026-09-11T15:51:57.105616,12.970600000000003,77.5946,1.5,180.0,9.845817858087894,1045.232310458589,0.0,180.0,HIGH,0
A_20,2026-09-11T15:52:02.105616,12.970500000000003,77.5946,1.5,180.0,5.689455118718974,1056.3518031230187,0.0,180.0,HIGH,0
A_20,2026-09-11T15:52:07.105616,12.970400000000003,77.5946,1.5,180.0,7.745404598198057,1067.4712957874488,0.0,180.0,HIGH,0
A_20,2026-09-11T15:52:12.105616,12.970300000000003,77.5946,1.5,180.0,5.913711159090926,1078.5907884518788,0.0,180.0,HIGH,0
A_20,2026-09-11T15:52:17.105616,12.970200000000004,77.5946,1.5,180.0,3.090694441237459,1089.7102811163088,0.0,180.0,HIGH,0
A_20,2026-09-11T15:52:22.105616,12.970100000000004,77.5946,1.5,180.0,4.246696145694649,1100.8297737807388,0.0,180.0,HIGH,0
A_20,2026-09-11T15:52:27.105616,12.970000000000004,77.5946,1.5,180.0,9.241007414537322,1111.9492664451686,0.0,180.0,HIGH,0
A_20,2026-09-11T15:52:32.105616,12.969900000000004,77.5946,1.5,180.0,8.526806619980057,1123.0687591095987,0.0,180.0,HIGH,0
A_20,2026-09-11T15:52:37.105616,12.969800000000005,77.5946,1.5,180.0,8.127751502599981,1134.1882517740285,0.0,180.0,HIGH,0
A_20,2026-09-11T15:52:42.105616,12.969700000000005,77.5946,1.5,180.0,5.724189139731809,1145.3077444384585,0.0,180.0,HIGH,0
A_21,2026-09-11T15:51:07.106615,12.9716,77.5946,1.5,180.0,2.916999186107205,934.0373838142893,0.0,180.0,HIGH,0
A_21,2026-09-11T15:51:12.106615,12.9715,77.5946,1.5,180.0,3.3337501467694004,945.1568764787194,0.0,180.0,HIGH,0
A_21,2026-09-11T15:51:17.106615,12.971400000000001,77.5946,1.5,180.0,8.813899301433501,956.2763691431493,0.0,180.0,HIGH,0
A_21,2026-09-11T15:51:22.106615,12.971300000000001,77.5946,1.5,180.0,6.3880693390092915,967.3958618075791,0.0,180.0,HIGH,0
A_21,2026-09-11T15:51:27.106615,12.971200000000001,77.5946,1.5,180.0,3.0546316843274894,978.5153544720091,0.0,180.0,HIGH,0
A_21,2026-09-11T15:51:32.106615,12.971100000000002,77.5946,1.5,180.0,6.0923128152410255,989.634847136439,0.0,180.0,HIGH,0
A_21,2026-09-11T15:51:37.106615,12.971000000000002,77.5946,1.5,180.0,7.346268606764591,1000.754339800869,0.0,180.0,HIGH,0
A_21,2026-09-11T15:51:42.106615,12.970900000000002,77.5946,1.5,180.0,6.764086746269703,1011.8738324652991,0.0,180.0,HIGH,0
A_21,2026-09-11T15:51:47.106615,12.970800000000002,77.5946,1.5,180.0,3.5838190906763883,1022.9933251297289,0.0,180.0,HIGH,0
A_21,2026-09-11T15:51:52.106615,12.970700000000003,77.5946,1.5,180.0,9.515885554040496,1034.112817794159,0.0,180.0,HIGH,0
A_21,2026-09-11T15:51:57.106615,12.970600000000003,77.5946,1.5,180.0,8.606521296467026,1045.232310458589,0.0,180.0,HIGH,0
A_21,2026-09-11T15:52:02.106615,12.970500000000003,77.5946,1.5,180.0,9.017575612601004,1056.3518031230187,0.0,180.0,HIGH,0
A_21,2026-09-11T15:52:07.106615,12.970400000000003,77.5946,1.5,180.0,6.129273311284239,1067.4712957874488,0.0,180.0,HIGH,0
A_21,2026-09-11T15:52:12.106615,12.970300000000003,77.5946,1.5,180.0,7.48437522105043,1078.5907884518788,0.0,180.0,HIGH,0
A_21,2026-09-11T15:52:17.106615,12.970200000000004,77.5946,1.5,180.0,2.789144025378028,1089.7102811163088,0.0,180.0,HIGH,0
A_21,2026-09-11T15:52:22.106615,12.970100000000004,77.5946,1.5,180.0,3.1228428273497295,1100.8297737807388,0.0,180.0,HIGH,0
A_21,2026-09-11T15:52:27.106615,12.970000000000004,77.5946,1.5,180.0,5.014057730083671,1111.9492664451686,0.0,180.0,HIGH,0
A_21,2026-09-11T15:52:32.106615,12.969900000000004,77.5946,1.5,180.0,4.5893613415181855,1123.0687591095987,0.0,180.0,HIGH,0
A_21,2026-09-11T15:52:37.106615,12.969800000000005,77.5946,1.5,180.0,6.672677810076809,1134.1882517740285,0.0,180.0,HIGH,0
A_21,2026-09-11T15:52:42.106615,12.969700000000005,77.5946,1.5,180.0,6.85457342667549,1145.3077444384585,0.0,180.0,HIGH,0
A_22,2026-09-11T15:51:07.106615,12.9716,77.5946,1.5,180.0,9.60557370502044,934.0373838142893,0.0,180.0,HIGH,0
A_22,2026-09-11T15:51:12.106615,12.9715,77.5946,1.5,180.0,3.8487398276360567,945.1568764787194,0.0,180.0,HIGH,0
A_22,2026-09-11T15:51:17.106615,12.971400000000001,77.5946,1.5,180.0,7.7948498503689185,956.2763691431493,0.0,180.0,HIGH,0
A_22,2026-09-11T15:51:22.106615,12.971300000000001,77.5946,1.5,180.0,2.1022524059391774,967.3958618075791,0.0,180.0,HIGH,0
A_22,2026-09-11T15:51:27.106615,12.971200000000001,77.5946,1.5,180.0,8.110760270374481,978.5153544720091,0.0,180.0,HIGH,0
A_22,2026-09-11T15:51:32.106615,12.971100000000002,77.5946,1.5,180.0,2.742809431327757,989.634847136439,0.0,180.0,HIGH,0
A_22,2026-09-11T15:51:37.106615,12.971000000000002,77.5946,1.5,180.0,2.4014224346572606,1000.754339800869,0.0,180.0,HIGH,0
A_22,2026-09-11T15:51:42.106615,12.970900000000002,77.5946,1.5,180.0,6.867564032563112,1011.8738324652991,0.0,180.0,HIGH,0
A_22,2026-09-11T15:51:47.106615,12.970800000000002,77.5946,1.5,180.0,7.590956237002301,1022.9933251297289,0.0,180.0,HIGH,0
A_22,2026-09-11T15:51:52.106615,12.970700000000003,77.5946,1.5,180.0,3.32060538005914,1034.112817794159,0.0,180.0,HIGH,0
A_22,2026-09-11T15:51:57.106615,12.970600000000003,77.5946,1.5,180.0,9.114700809982505,1045.232310458589,0.0,180.0,HIGH,0
A_22,2026-09-11T15:52:02.106615,12.970500000000003,77.5946,1.5,180.0,7.085718499979819,1056.3518031230187,0.0,180.0,HIGH,0
A_22,2026-09-11T15:52:07.106615,12.970400000000003,77.5946,1.5,180.0,6.6599509614982395,1067.4712957874488,0.0,180.0,HIGH,0
A_22,2026-09-11T15:52:12.106615,12.970300000000003,77.5946,1.5,180.0,8.433000483868117,1078.5907884518788,0.0,180.0,HIGH,0
A_22,2026-09-11T15:52:17.106615,12.970200000000004,77.5946,1.5,180.0,3.0615376146120896,1089.7102811163088,0.0,180.0,HIGH,0
A_22,2026-09-11T15:52:22.106615,12.970100000000004,77.5946,1.5,180.0,4.1371005569687425,1100.8297737807388,0.0,180.0,HIGH,0
A_22,2026-09-11T15:52:27.106615,12.970000000000004,77.5946,1.5,180.0,6.970944018959468,1111.9492664451686,0.0,180.0,HIGH,0
A_22,2026-09-11T15:52:32.106615,12.969900000000004,77.5946,1.5,180.0,8.577720901771805,1123.0687591095987,0.0,180.0,HIGH,0
A_22,2026-09-11T15:52:37.106615,12.969800000000005,77.5946,1.5,180.0,4.641446907629812,1134.1882517740285,0.0,180.0,HIGH,0
A_22,2026-09-11T15:52:42.106615,12.969700000000005,77.5946,1.5,180.0,3.218287783472867,1145.3077444384585,0.0,180.0,HIGH,0
A_23,2026-09-11T15:51:07.107620,12.9716,77.5946,1.5,180.0,4.337622284183811,934.0373838142893,0.0,180.0,HIGH,0
A_23,2026-09-11T15:51:12.107620,12.9715,77.5946,1.5,180.0,6.640228311204428,945.1568764787194,0.0,180.0,HIGH,0
A_23,2026-09-11T15:51:17.107620,12.971400000000001,77.5946,1.5,180.0,6.922138019270821,956.2763691431493,0.0,180.0,HIGH,0
A_23,2026-09-11T15:51:22.107620,12.971300000000001,77.5946,1.5,180.0,8.16757231056014,967.3958618075791,0.0,180.0,HIGH,0
A_23,2026-09-11T15:51:27.107620,12.971200000000001,77.5946,1.5,180.0,7.596245043010526,978.5153544720091,0.0,180.0,HIGH,0
A_23,2026-09-11T15:51:32.107620,12.971100000000002,77.5946,1.5,180.0,7.125567973752551,989.634847136439,0.0,180.0,HIGH,0
A_23,2026-09-11T15:51:37.107620,12.971000000000002,77.5946,1.5,180.0,5.877439290898237,1000.754339800869,0.0,180.0,HIGH,0
A_23,2026-09-11T15:51:42.107620,12.970900000000002,77.5946,1.5,180.0,5.835090481952032,1011.8738324652991,0.0,180.0,HIGH,0
A_23,2026-09-11T15:51:47.107620,12.970800000000002,77.5946,1.5,180.0,4.410153797293297,1022.9933251297289,0.0,180.0,HIGH,0
A_23,2026-09-11T15:51:52.107620,12.970700000000003,77.5946,1.5,180.0,8.012513036256246,1034.112817794159,0.0,180.0,HIGH,0
A_23,2026-09-11T15:51:57.107620,12.970600000000003,77.5946,1.5,180.0,5.792726886647197,1045.232310458589,0.0,180.0,HIGH,0
A_23,2026-09-11T15:52:02.107620,12.970500000000003,77.5946,1.5,180.0,3.6565940196228253,1056.3518031230187,0.0,180.0,HIGH,0
A_23,2026-09-11T15:52:07.107620,12.970400000000003,77.5946,1.5,180.0,3.4445134509859905,1067.4712957874488,0.0,180.0,HIGH,0
A_23,2026-09-11T15:52:12.107620,12.970300000000003,77.5946,1.5,180.0,6.634045739694603,1078.5907884518788,0.0,180.0,HIGH,0
A_23,2026-09-11T15:52:17.107620,12.970200000000004,77.5946,1.5,180.0,5.650537778005433,1089.7102811163088,0.0,180.0,HIGH,0
A_23,2026-09-11T15:52:22.107620,12.970100000000004,77.5946,1.5,180.0,5.206495995080434,1100.8297737807388,0.0,180.0,HIGH,0
A_23,2026-09-11T15:52:27.107620,12.970000000000004,77.5946,1.5,180.0,3.7763752145420852,1111.9492664451686,0.0,180.0,HIGH,0
A_23,2026-09-11T15:52:32.107620,12.969900000000004,77.5946,1.5,180.0,3.561155891738,1123.0687591095987,0.0,180.0,HIGH,0
A_23,2026-09-11T15:52:37.107620,12.969800000000005,77.5946,1.5,180.0,9.176101809240373,1134.1882517740285,0.0,180.0,HIGH,0
A_23,2026-09-11T15:52:42.107620,12.969700000000005,77.5946,1.5,180.0,9.408215667269127,1145.3077444384585,0.0,180.0,HIGH,0
A_24,2026-09-11T15:51:07.107620,12.9716,77.5946,1.5,180.0,5.100291453429949,934.0373838142893,0.0,180.0,HIGH,0
A_24,2026-09-11T15:51:12.107620,12.9715,77.5946,1.5,180.0,3.1968276868215533,945.1568764787194,0.0,180.0,HIGH,0
A_24,2026-09-11T15:51:17.107620,12.971400000000001,77.5946,1.5,180.0,3.9845046860797364,956.2763691431493,0.0,180.0,HIGH,0
A_24,2026-09-11T15:51:22.107620,12.971300000000001,77.5946,1.5,180.0,4.283706715580319,967.3958618075791,0.0,180.0,HIGH,0
A_24,2026-09-11T15:51:27.107620,12.971200000000001,77.5946,1.5,180.0,6.786604057207732,978.5153544720091,0.0,180.0,HIGH,0
A_24,2026-09-11T15:51:32.107620,12.971100000000002,77.5946,1.5,180.0,3.184333556498075,989.634847136439,0.0,180.0,HIGH,0
A_24,2026-09-11T15:51:37.107620,12.971000000000002,77.5946,1.5,180.0,3.884081829633219,1000.754339800869,0.0,180.0,HIGH,0
A_24,2026-09-11T15:51:42.107620,12.970900000000002,77.5946,1.5,180.0,6.9285049315490825,1011.8738324652991,0.0,180.0,HIGH,0
A_24,2026-09-11T15:51:47.107620,12.970800000000002,77.5946,1.5,180.0,8.540523970125706,1022.9933251297289,0.0,180.0,HIGH,0
A_24,2026-09-11T15:51:52.107620,12.970700000000003,77.5946,1.5,180.0,6.942586562805369,1034.112817794159,0.0,180.0,HIGH,0
A_24,2026-09-11T15:51:57.107620,12.970600000000003,77.5946,1.5,180.0,3.8897602498266597,1045.232310458589,0.0,180.0,HIGH,0
A_24,2026-09-11T15:52:02.107620,12.970500000000003,77.5946,1.5,180.0,7.589524469345601,1056.3518031230187,0.0,180.0,HIGH,0
A_24,2026-09-11T15:52:07.107620,12.970400000000003,77.5946,1.5,180.0,6.641809368259033,1067.4712957874488,0.0,180.0,HIGH,0
A_24,2026-09-11T15:52:12.107620,12.970300000000003,77.5946,1.5,180.0,2.447789930800499,1078.5907884518788,0.0,180.0,HIGH,0
A_24,2026-09-11T15:52:17.107620,12.970200000000004,77.5946,1.5,180.0,6.035138456924838,1089.7102811163088,0.0,180.0,HIGH,0
A_24,2026-09-11T15:52:22.107620,12.970100000000004,77.5946,1.5,180.0,6.496229595397391,1100.8297737807388,0.0,180.0,HIGH,0
A_24,2026-09-11T15:52:27.107620,12.970000000000004,77.5946,1.5,180.0,9.362551449302327,1111.9492664451686,0.0,180.0,HIGH,0
A_24,2026-09-11T15:52:32.107620,12.969900000000004,77.5946,1.5,180.0,9.982059482093682,1123.0687591095987,0.0,180.0,HIGH,0
A_24,2026-09-11T15:52:37.107620,12.969800000000005,77.5946,1.5,180.0,3.635189683744181,1134.1882517740285,0.0,180.0,HIGH,0
A_24,2026-09-11T15:52:42.107620,12.969700000000005,77.5946,1.5,180.0,7.400154252484088,1145.3077444384585,0.0,180.0,HIGH,0
A_25,2026-09-11T15:51:07.108621,12.9716,77.5946,1.5,180.0,8.978250810668488,934.0373838142893,0.0,180.0,HIGH,0
A_25,2026-09-11T15:51:12.108621,12.9715,77.5946,1.5,180.0,6.97363353991801,945.1568764787194,0.0,180.0,HIGH,0
A_25,2026-09-11T15:51:17.108621,12.971400000000001,77.5946,1.5,180.0,8.442235549127094,956.2763691431493,0.0,180.0,HIGH,0
A_25,2026-09-11T15:51:22.108621,12.971300000000001,77.5946,1.5,180.0,6.186117368187276,967.3958618075791,0.0,180.0,HIGH,0
A_25,2026-09-11T15:51:27.108621,12.971200000000001,77.5946,1.5,180.0,3.3300873322902778,978.5153544720091,0.0,180.0,HIGH,0
A_25,2026-09-11T15:51:32.108621,12.971100000000002,77.5946,1.5,180.0,2.8616493996170034,989.634847136439,0.0,180.0,HIGH,0
A_25,2026-09-11T15:51:37.108621,12.971000000000002,77.5946,1.5,180.0,8.240914133318528,1000.754339800869,0.0,180.0,HIGH,0
A_25,2026-09-11T15:51:42.108621,12.970900000000002,77.5946,1.5,180.0,5.296818699760874,1011.8738324652991,0.0,180.0,HIGH,0
A_25,2026-09-11T15:51:47.108621,12.970800000000002,77.5946,1.5,180.0,2.211556939780243,1022.9933251297289,0.0,180.0,HIGH,0
A_25,2026-09-11T15:51:52.108621,12.970700000000003,77.5946,1.5,180.0,3.0961651974140816,1034.112817794159,0.0,180.0,HIGH,0
A_25,2026-09-11T15:51:57.108621,12.970600000000003,77.5946,1.5,180.0,3.7993683956331425,1045.232310458589,0.0,180.0,HIGH,0
A_25,2026-09-11T15:52:02.108621,12.970500000000003,77.5946,1.5,180.0,8.220147032843371,1056.3518031230187,0.0,180.0,HIGH,0
A_25,2026-09-11T15:52:07.108621,12.970400000000003,77.5946,1.5,180.0,5.7931218077848206,1067.4712957874488,0.0,180.0,HIGH,0
A_25,2026-09-11T15:52:12.108621,12.970300000000003,77.5946,1.5,180.0,9.910989145722302,1078.5907884518788,0.0,180.0,HIGH,0
A_25,2026-09-11T15:52:17.108621,12.970200000000004,77.5946,1.5,180.0,9.249966329240124,1089.7102811163088,0.0,180.0,HIGH,0
A_25,2026-09-11T15:52:22.108621,12.970100000000004,77.5946,1.5,180.0,2.862881459399394,1100.8297737807388,0.0,180.0,HIGH,0
A_25,2026-09-11T15:52:27.108621,12.970000000000004,77.5946,1.5,180.0,7.964744007954962,1111.9492664451686,0.0,180.0,HIGH,0
A_25,2026-09-11T15:52:32.108621,12.969900000000004,77.5946,1.5,180.0,8.836805054202163,1123.0687591095987,0.0,180.0,HIGH,0
A_25,2026-09-11T15:52:37.108621,12.969800000000005,77.5946,1.5,180.0,5.294827848838965,1134.1882517740285,0.0,180.0,HIGH,0
A_25,2026-09-11T15:52:42.108621,12.969700000000005,77.5946,1.5,180.0,3.554701907460478,1145.3077444384585,0.0,180.0,HIGH,0
A_26,2026-09-11T15:51:07.109617,12.9716,77.5946,1.5,180.0,9.524761119699841,934.0373838142893,0.0,180.0,HIGH,0
A_26,2026-09-11T15:51:12.109617,12.9715,77.5946,1.5,180.0,4.397661699326136,945.1568764787194,0.0,180.0,HIGH,0
A_26,2026-09-11T15:51:17.109617,12.971400000000001,77.5946,1.5,180.0,6.025628910591644,956.2763691431493,0.0,180.0,HIGH,0
A_26,2026-09-11T15:51:22.109617,12.971300000000001,77.5946,1.5,180.0,3.6447200257400096,967.3958618075791,0.0,180.0,HIGH,0
A_26,2026-09-11T15:51:27.109617,12.971200000000001,77.5946,1.5,180.0,6.278664125510935,978.5153544720091,0.0,180.0,HIGH,0
A_26,2026-09-11T15:51:32.109617,12.971100000000002,77.5946,1.5,180.0,3.0316619683570725,989.634847136439,0.0,180.0,HIGH,0
A_26,2026-09-11T15:51:37.109617,12.971000000000002,77.5946,1.5,180.0,5.535044738097759,1000.754339800869,0.0,180.0,HIGH,0
A_26,2026-09-11T15:51:42.109617,12.970900000000002,77.5946,1.5,180.0,8.197756023829083,1011.8738324652991,0.0,180.0,HIGH,0
A_26,2026-09-11T15:51:47.109617,12.970800000000002,77.5946,1.5,180.0,5.207891820159896,1022.9933251297289,0.0,180.0,HIGH,0
A_26,2026-09-11T15:51:52.109617,12.970700000000003,77.5946,1.5,180.0,3.48852467347929,1034.112817794159,0.0,180.0,HIGH,0
A_26,2026-09-11T15:51:57.109617,12.970600000000003,77.5946,1.5,180.0,3.64660708576993,1045.232310458589,0.0,180.0,HIGH,0
A_26,2026-09-11T15:52:02.109617,12.970500000000003,77.5946,1.5,180.0,3.27374503932438,1056.3518031230187,0.0,180.0,HIGH,0
A_26,2026-09-11T15:52:07.109617,12.970400000000003,77.5946,1.5,180.0,7.409162868242412,1067.4712957874488,0.0,180.0,HIGH,0
A_26,2026-09-11T15:52:12.109617,12.970300000000003,77.5946,1.5,180.0,2.4680817364902294,1078.5907884518788,0.0,180.0,HIGH,0
A_26,2026-09-11T15:52:17.109617,12.970200000000004,77.5946,1.5,180.0,9.335495177500729,1089.7102811163088,0.0,180.0,HIGH,0
A_26,2026-09-11T15:52:22.109617,12.970100000000004,77.5946,1.5,180.0,3.44292376590744,1100.8297737807388,0.0,180.0,HIGH,0
A_26,2026-09-11T15:52:27.109617,12.970000000000004,77.5946,1.5,180.0,3.690721620087987,1111.9492664451686,0.0,180.0,HIGH,0
A_26,2026-09-11T15:52:32.109617,12.969900000000004,77.5946,1.5,180.0,4.930191943628003,1123.0687591095987,0.0,180.0,HIGH,0
A_26,2026-09-11T15:52:37.109617,12.969800000000005,77.5946,1.5,180.0,3.7465940114679936,1134.1882517740285,0.0,180.0,HIGH,0
A_26,2026-09-11T15:52:42.109617,12.969700000000005,77.5946,1.5,180.0,6.758587878222986,1145.3077444384585,0.0,180.0,HIGH,0
A_27,2026-09-11T15:51:07.109617,12.9716,77.5946,1.5,180.0,2.3413267225575325,934.0373838142893,0.0,180.0,HIGH,0
A_27,2026-09-11T15:51:12.109617,12.9715,77.5946,1.5,180.0,9.901135843188403,945.1568764787194,0.0,180.0,HIGH,0
A_27,2026-09-11T15:51:17.109617,12.971400000000001,77.5946,1.5,180.0,8.601515816286117,956.2763691431493,0.0,180.0,HIGH,0
A_27,2026-09-11T15:51:22.109617,12.971300000000001,77.5946,1.5,180.0,5.073575025776853,967.3958618075791,0.0,180.0,HIGH,0
A_27,2026-09-11T15:51:27.109617,12.971200000000001,77.5946,1.5,180.0,3.092813965491106,978.5153544720091,0.0,180.0,HIGH,0
A_27,2026-09-11T15:51:32.109617,12.971100000000002,77.5946,1.5,180.0,4.915420493288706,989.634847136439,0.0,180.0,HIGH,0
A_27,2026-09-11T15:51:37.109617,12.971000000000002,77.5946,1.5,180.0,9.237463082966599,1000.754339800869,0.0,180.0,HIGH,0
A_27,2026-09-11T15:51:42.109617,12.970900000000002,77.5946,1.5,180.0,8.635814286885001,1011.8738324652991,0.0,180.0,HIGH,0
A_27,2026-09-11T15:51:47.109617,12.970800000000002,77.5946,1.5,180.0,2.9904484551412267,1022.9933251297289,0.0,180.0,HIGH,0
A_27,2026-09-11T15:51:52.109617,12.970700000000003,77.5946,1.5,180.0,2.8953496853122624,1034.112817794159,0.0,180.0,HIGH,0
A_27,2026-09-11T15:51:57.109617,12.970600000000003,77.5946,1.5,180.0,4.813465072703363,1045.232310458589,0.0,180.0,HIGH,0
A_27,2026-09-11T15:52:02.109617,12.970500000000003,77.5946,1.5,180.0,9.302193492579917,1056.3518031230187,0.0,180.0,HIGH,0
A_27,2026-09-11T15:52:07.109617,12.970400000000003,77.5946,1.5,180.0,2.0922873574772716,1067.4712957874488,0.0,180.0,HIGH,0
A_27,2026-09-11T15:52:12.109617,12.970300000000003,77.5946,1.5,180.0,3.222376274679702,1078.5907884518788,0.0,180.0,HIGH,0
A_27,2026-09-11T15:52:17.109617,12.970200000000004,77.5946,1.5,180.0,8.376049954171755,1089.7102811163088,0.0,180.0,HIGH,0
A_27,2026-09-11T15:52:22.109617,12.970100000000004,77.5946,1.5,180.0,2.477174910502937,1100.8297737807388,0.0,180.0,HIGH,0
A_27,2026-09-11T15:52:27.109617,12.970000000000004,77.5946,1.5,180.0,2.9597864183785,1111.9492664451686,0.0,180.0,HIGH,0
A_27,2026-09-11T15:52:32.109617,12.969900000000004,77.5946,1.5,180.0,2.2709292652123736,1123.0687591095987,0.0,180.0,HIGH,0
A_27,2026-09-11T15:52:37.109617,12.969800000000005,77.5946,1.5,180.0,3.951946310463482,1134.1882517740285,0.0,180.0,HIGH,0
A_27,2026-09-11T15:52:42.109617,12.969700000000005,77.5946,1.5,180.0,9.545826665148326,1145.3077444384585,0.0,180.0,HIGH,0
A_28,2026-09-11T15:51:07.111127,12.9716,77.5946,1.5,180.0,7.991248541775639,934.0373838142893,0.0,180.0,HIGH,0
A_28,2026-09-11T15:51:12.111127,12.9715,77.5946,1.5,180.0,9.096509492980358,945.1568764787194,0.0,180.0,HIGH,0
A_28,2026-09-11T15:51:17.111127,12.971400000000001,77.5946,1.5,180.0,7.612210173250124,956.2763691431493,0.0,180.0,HIGH,0
A_28,2026-09-11T15:51:22.111127,12.971300000000001,77.5946,1.5,180.0,4.89831618951479,967.3958618075791,0.0,180.0,HIGH,0
A_28,2026-09-11T15:51:27.111127,12.971200000000001,77.5946,1.5,180.0,9.272749719366189,978.5153544720091,0.0,180.0,HIGH,0
A_28,2026-09-11T15:51:32.111127,12.971100000000002,77.5946,1.5,180.0,6.738068460964786,989.634847136439,0.0,180.0,HIGH,0
A_28,2026-09-11T15:51:37.111127,12.971000000000002,77.5946,1.5,180.0,4.427182974679793,1000.754339800869,0.0,180.0,HIGH,0
A_28,2026-09-11T15:51:42.111127,12.970900000000002,77.5946,1.5,180.0,7.094646206605506,1011.8738324652991,0.0,180.0,HIGH,0
A_28,2026-09-11T15:51:47.111127,12.970800000000002,77.5946,1.5,180.0,4.225913237617239,1022.9933251297289,0.0,180.0,HIGH,0
A_28,2026-09-11T15:51:52.111127,12.970700000000003,77.5946,1.5,180.0,2.1986244191424937,1034.112817794159,0.0,180.0,HIGH,0
A_28,2026-09-11T15:51:57.111127,12.970600000000003,77.5946,1.5,180.0,2.554480272432155,1045.232310458589,0.0,180.0,HIGH,0
A_28,2026-09-11T15:52:02.111127,12.970500000000003,77.5946,1.5,180.0,3.0870859327135465,1056.3518031230187,0.0,180.0,HIGH,0
A_28,2026-09-11T15:52:07.111127,12.970400000000003,77.5946,1.5,180.0,9.947098925453165,1067.4712957874488,0.0,180.0,HIGH,0
A_28,2026-09-11T15:52:12.111127,12.970300000000003,77.5946,1.5,180.0,7.6357685920577305,1078.5907884518788,0.0,180.0,HIGH,0
A_28,2026-09-11T15:52:17.111127,12.970200000000004,77.5946,1.5,180.0,6.244759400764114,1089.7102811163088,0.0,180.0,HIGH,0
A_28,2026-09-11T15:52:22.111127,12.970100000000004,77.5946,1.5,180.0,6.567051370721451,1100.8297737807388,0.0,180.0,HIGH,0
A_28,2026-09-11T15:52:27.111127,12.970000000000004,77.5946,1.5,180.0,5.207831110451718,1111.9492664451686,0.0,180.0,HIGH,0
A_28,2026-09-11T15:52:32.111127,12.969900000000004,77.5946,1.5,180.0,5.185772389415049,1123.0687591095987,0.0,180.0,HIGH,0
A_28,2026-09-11T15:52:37.111127,12.969800000000005,77.5946,1.5,180.0,2.840891039559658,1134.1882517740285,0.0,180.0,HIGH,0
A_28,2026-09-11T15:52:42.111127,12.969700000000005,77.5946,1.5,180.0,7.4614946476802055,1145.3077444384585,0.0,180.0,HIGH,0
A_29,2026-09-11T15:51:07.111127,12.9716,77.5946,1.5,180.0,9.179127650885732,934.0373838142893,0.0,180.0,HIGH,0
A_29,2026-09-11T15:51:12.111127,12.9715,77.5946,1.5,180.0,5.813081385709866,945.1568764787194,0.0,180.0,HIGH,0
A_29,2026-09-11T15:51:17.111127,12.971400000000001,77.5946,1.5,180.0,6.6808235711107855,956.2763691431493,0.0,180.0,HIGH,0
A_29,2026-09-11T15:51:22.111127,12.971300000000001,77.5946,1.5,180.0,8.535000382235188,967.3958618075791,0.0,180.0,HIGH,0
A_29,2026-09-11T15:51:27.111127,12.971200000000001,77.5946,1.5,180.0,7.111761171390424,978.5153544720091,0.0,180.0,HIGH,0
A_29,2026-09-11T15:51:32.111127,12.971100000000002,77.5946,1.5,180.0,8.874230778957088,989.634847136439,0.0,180.0,HIGH,0
A_29,2026-09-11T15:51:37.111127,12.971000000000002,77.5946,1.5,180.0,5.837614138417146,1000.754339800869,0.0,180.0,HIGH,0
A_29,2026-09-11T15:51:42.111127,12.970900000000002,77.5946,1.5,180.0,8.482050083997919,1011.8738324652991,0.0,180.0,HIGH,0
A_29,2026-09-11T15:51:47.111127,12.970800000000002,77.5946,1.5,180.0,5.902396294886362,1022.9933251297289,0.0,180.0,HIGH,0
A_29,2026-09-11T15:51:52.111127,12.970700000000003,77.5946,1.5,180.0,2.520805052519907,1034.112817794159,0.0,180.0,HIGH,0
A_29,2026-09-11T15:51:57.111127,12.970600000000003,77.5946,1.5,180.0,5.421072755052013,1045.232310458589,0.0,180.0,HIGH,0
A_29,2026-09-11T15:52:02.111127,12.970500000000003,77.5946,1.5,180.0,2.075691725786462,1056.3518031230187,0.0,180.0,HIGH,0
A_29,2026-09-11T15:52:07.111127,12.970400000000003,77.5946,1.5,180.0,4.092402791709183,1067.4712957874488,0.0,180.0,HIGH,0
A_29,2026-09-11T15:52:12.111127,12.970300000000003,77.5946,1.5,180.0,9.423662318038271,1078.5907884518788,0.0,180.0,HIGH,0
A_29,2026-09-11T15:52:17.111127,12.970200000000004,77.5946,1.5,180.0,3.0540260054546016,1089.7102811163088,0.0,180.0,HIGH,0
A_29,2026-09-11T15:52:22.111127,12.970100000000004,77.5946,1.5,180.0,4.4471914193211575,1100.8297737807388,0.0,180.0,HIGH,0
A_29,2026-09-11T15:52:27.111127,12.970000000000004,77.5946,1.5,180.0,5.0763761335769555,1111.9492664451686,0.0,180.0,HIGH,0
A_29,2026-09-11T15:52:32.111127,12.969900000000004,77.5946,1.5,180.0,8.224170011483263,1123.0687591095987,0.0,180.0,HIGH,0
A_29,2026-09-11T15:52:37.111127,12.969800000000005,77.5946,1.5,180.0,6.572749405222685,1134.1882517740285,0.0,180.0,HIGH,0
A_29,2026-09-11T15:52:42.111127,12.969700000000005,77.5946,1.5,180.0,7.821497377184325,1145.3077444384585,0.0,180.0,HIGH,0
A_30,2026-09-11T15:51:07.112141,12.9716,77.5946,1.5,180.0,4.743344739174182,934.0373838142893,0.0,180.0,HIGH,0
A_30,2026-09-11T15:51:12.112141,12.9715,77.5946,1.5,180.0,4.209659949216403,945.1568764787194,0.0,180.0,HIGH,0
A_30,2026-09-11T15:51:17.112141,12.971400000000001,77.5946,1.5,180.0,8.060854101560272,956.2763691431493,0.0,180.0,HIGH,0
A_30,2026-09-11T15:51:22.112141,12.971300000000001,77.5946,1.5,180.0,6.425458790274909,967.3958618075791,0.0,180.0,HIGH,0
A_30,2026-09-11T15:51:27.112141,12.971200000000001,77.5946,1.5,180.0,5.705782154789234,978.5153544720091,0.0,180.0,HIGH,0
A_30,2026-09-11T15:51:32.112141,12.971100000000002,77.5946,1.5,180.0,4.447416005907318,989.634847136439,0.0,180.0,HIGH,0
A_30,2026-09-11T15:51:37.112141,12.971000000000002,77.5946,1.5,180.0,7.294841764574631,1000.754339800869,0.0,180.0,HIGH,0
A_30,2026-09-11T15:51:42.112141,12.970900000000002,77.5946,1.5,180.0,7.380692342733253,1011.8738324652991,0.0,180.0,HIGH,0
A_30,2026-09-11T15:51:47.112141,12.970800000000002,77.5946,1.5,180.0,7.682043406530721,1022.9933251297289,0.0,180.0,HIGH,0
A_30,2026-09-11T15:51:52.112141,12.970700000000003,77.5946,1.5,180.0,2.4610789335347727,1034.112817794159,0.0,180.0,HIGH,0
A_30,2026-09-11T15:51:57.112141,12.970600000000003,77.5946,1.5,180.0,4.068880710748146,1045.232310458589,0.0,180.0,HIGH,0
A_30,2026-09-11T15:52:02.112141,12.970500000000003,77.5946,1.5,180.0,4.7913769063003855,1056.3518031230187,0.0,180.0,HIGH,0
A_30,2026-09-11T15:52:07.112141,12.970400000000003,77.5946,1.5,180.0,5.222066975242684,1067.4712957874488,0.0,180.0,HIGH,0
A_30,2026-09-11T15:52:12.112141,12.970300000000003,77.5946,1.5,180.0,7.128238618833442,1078.5907884518788,0.0,180.0,HIGH,0
A_30,2026-09-11T15:52:17.112141,12.970200000000004,77.5946,1.5,180.0,6.232561673560256,1089.7102811163088,0.0,180.0,HIGH,0
A_30,2026-09-11T15:52:22.112141,12.970100000000004,77.5946,1.5,180.0,5.1706742210071335,1100.8297737807388,0.0,180.0,HIGH,0
A_30,2026-09-11T15:52:27.112141,12.970000000000004,77.5946,1.5,180.0,4.016462167437998,1111.9492664451686,0.0,180.0,HIGH,0
A_30,2026-09-11T15:52:32.112141,12.969900000000004,77.5946,1.5,180.0,4.302829745432944,1123.0687591095987,0.0,180.0,HIGH,0
A_30,2026-09-11T15:52:37.112141,12.969800000000005,77.5946,1.5,180.0,9.612462052330399,1134.1882517740285,0.0,180.0,HIGH,0
A_30,2026-09-11T15:52:42.112141,12.969700000000005,77.5946,1.5,180.0,7.803874542291375,1145.3077444384585,0.0,180.0,HIGH,0
A_31,2026-09-11T15:51:07.112141,12.9716,77.5946,1.5,180.0,4.29660618811808,934.0373838142893,0.0,180.0,HIGH,0
A_31,2026-09-11T15:51:12.112141,12.9715,77.5946,1.5,180.0,3.541202817589803,945.1568764787194,0.0,180.0,HIGH,0
A_31,2026-09-11T15:51:17.112141,12.971400000000001,77.5946,1.5,180.0,9.248810024526392,956.2763691431493,0.0,180.0,HIGH,0
A_31,2026-09-11T15:51:22.112141,12.971300000000001,77.5946,1.5,180.0,7.280598681196386,967.3958618075791,0.0,180.0,HIGH,0
A_31,2026-09-11T15:51:27.112141,12.971200000000001,77.5946,1.5,180.0,6.03788898010429,978.5153544720091,0.0,180.0,HIGH,0
A_31,2026-09-11T15:51:32.112141,12.971100000000002,77.5946,1.5,180.0,8.603660769486845,989.634847136439,0.0,180.0,HIGH,0
A_31,2026-09-11T15:51:37.112141,12.971000000000002,77.5946,1.5,180.0,7.517566295351117,1000.754339800869,0.0,180.0,HIGH,0
A_31,2026-09-11T15:51:42.112141,12.970900000000002,77.5946,1.5,180.0,5.405675783580239,1011.8738324652991,0.0,180.0,HIGH,0
A_31,2026-09-11T15:51:47.112141,12.970800000000002,77.5946,1.5,180.0,2.3581124269817755,1022.9933251297289,0.0,180.0,HIGH,0
A_31,2026-09-11T15:51:52.112141,12.970700000000003,77.5946,1.5,180.0,4.793646909036006,1034.112817794159,0.0,180.0,HIGH,0
A_31,2026-09-11T15:51:57.112141,12.970600000000003,77.5946,1.5,180.0,7.727849643492394,1045.232310458589,0.0,180.0,HIGH,0
A_31,2026-09-11T15:52:02.112141,12.970500000000003,77.5946,1.5,180.0,9.124561591810819,1056.3518031230187,0.0,180.0,HIGH,0
A_31,2026-09-11T15:52:07.112141,12.970400000000003,77.5946,1.5,180.0,6.732850587892858,1067.4712957874488,0.0,180.0,HIGH,0
A_31,2026-09-11T15:52:12.112141,12.970300000000003,77.5946,1.5,180.0,5.892221593804086,1078.5907884518788,0.0,180.0,HIGH,0
A_31,2026-09-11T15:52:17.112141,12.970200000000004,77.5946,1.5,180.0,4.653530706080771,1089.7102811163088,0.0,180.0,HIGH,0
A_31,2026-09-11T15:52:22.112141,12.970100000000004,77.5946,1.5,180.0,9.658441127035921,1100.8297737807388,0.0,180.0,HIGH,0
A_31,2026-09-11T15:52:27.112141,12.970000000000004,77.5946,1.5,180.0,3.728013185456579,1111.9492664451686,0.0,180.0,HIGH,0
A_31,2026-09-11T15:52:32.112141,12.969900000000004,77.5946,1.5,180.0,8.584367563354666,1123.0687591095987,0.0,180.0,HIGH,0
A_31,2026-09-11T15:52:37.112141,12.969800000000005,77.5946,1.5,180.0,2.962163034147008,1134.1882517740285,0.0,180.0,HIGH,0
A_31,2026-09-11T15:52:42.112141,12.969700000000005,77.5946,1.5,180.0,6.803688431435166,1145.3077444384585,0.0,180.0,HIGH,0
A_32,2026-09-11T15:51:07.112141,12.9716,77.5946,1.5,180.0,4.3243358376242815,934.0373838142893,0.0,180.0,HIGH,0
A_32,2026-09-11T15:51:12.112141,12.9715,77.5946,1.5,180.0,6.269111565829882,945.1568764787194,0.0,180.0,HIGH,0
A_32,2026-09-11T15:51:17.112141,12.971400000000001,77.5946,1.5,180.0,9.107002897437082,956.2763691431493,0.0,180.0,HIGH,0
A_32,2026-09-11T15:51:22.112141,12.971300000000001,77.5946,1.5,180.0,9.284373508173235,967.3958618075791,0.0,180.0,HIGH,0
A_32,2026-09-11T15:51:27.112141,12.971200000000001,77.5946,1.5,180.0,9.876133399494854,978.5153544720091,0.0,180.0,HIGH,0
A_32,2026-09-11T15:51:32.112141,12.971100000000002,77.5946,1.5,180.0,3.6788414152030207,989.634847136439,0.0,180.0,HIGH,0
A_32,2026-09-11T15:51:37.112141,12.971000000000002,77.5946,1.5,180.0,3.50530047174536,1000.754339800869,0.0,180.0,HIGH,0
A_32,2026-09-11T15:51:42.112141,12.970900000000002,77.5946,1.5,180.0,4.308136252374716,1011.8738324652991,0.0,180.0,HIGH,0
A_32,2026-09-11T15:51:47.112141,12.970800000000002,77.5946,1.5,180.0,2.061577374040203,1022.9933251297289,0.0,180.0,HIGH,0
A_32,2026-09-11T15:51:52.112141,12.970700000000003,77.5946,1.5,180.0,9.375641691951268,1034.112817794159,0.0,180.0,HIGH,0
A_32,2026-09-11T15:51:57.112141,12.970600000000003,77.5946,1.5,180.0,3.5465566920888048,1045.232310458589,0.0,180.0,HIGH,0
A_32,2026-09-11T15:52:02.112141,12.970500000000003,77.5946,1.5,180.0,9.469598375234444,1056.3518031230187,0.0,180.0,HIGH,0
A_32,2026-09-11T15:52:07.112141,12.970400000000003,77.5946,1.5,180.0,2.1926135786442353,1067.4712957874488,0.0,180.0,HIGH,0
A_32,2026-09-11T15:52:12.112141,12.970300000000003,77.5946,1.5,180.0,9.152714483839844,1078.5907884518788,0.0,180.0,HIGH,0
A_32,2026-09-11T15:52:17.112141,12.970200000000004,77.5946,1.5,180.0,7.4137082865261466,1089.7102811163088,0.0,180.0,HIGH,0
A_32,2026-09-11T15:52:22.112141,12.970100000000004,77.5946,1.5,180.0,3.509324222144743,1100.8297737807388,0.0,180.0,HIGH,0
A_32,2026-09-11T15:52:27.112141,12.970000000000004,77.5946,1.5,180.0,2.171829159780355,1111.9492664451686,0.0,180.0,HIGH,0
A_32,2026-09-11T15:52:32.112141,12.969900000000004,77.5946,1.5,180.0,6.853413353436931,1123.0687591095987,0.0,180.0,HIGH,0
A_32,2026-09-11T15:52:37.112141,12.969800000000005,77.5946,1.5,180.0,9.386713208864544,1134.1882517740285,0.0,180.0,HIGH,0
A_32,2026-09-11T15:52:42.112141,12.969700000000005,77.5946,1.5,180.0,7.731518376458801,1145.3077444384585,0.0,180.0,HIGH,0
A_33,2026-09-11T15:51:07.113136,12.9716,77.5946,1.5,180.0,8.369625624684446,934.0373838142893,0.0,180.0,HIGH,0
A_33,2026-09-11T15:51:12.113136,12.9715,77.5946,1.5,180.0,5.048006250592051,945.1568764787194,0.0,180.0,HIGH,0
A_33,2026-09-11T15:51:17.113136,12.971400000000001,77.5946,1.5,180.0,8.950899127166895,956.2763691431493,0.0,180.0,HIGH,0
A_33,2026-09-11T15:51:22.113136,12.971300000000001,77.5946,1.5,180.0,9.553807574732,967.3958618075791,0.0,180.0,HIGH,0
A_33,2026-09-11T15:51:27.113136,12.971200000000001,77.5946,1.5,180.0,9.668857888991099,978.5153544720091,0.0,180.0,HIGH,0
A_33,2026-09-11T15:51:32.113136,12.971100000000002,77.5946,1.5,180.0,8.577720765220157,989.634847136439,0.0,180.0,HIGH,0
A_33,2026-09-11T15:51:37.113136,12.971000000000002,77.5946,1.5,180.0,3.268925632221002,1000.754339800869,0.0,180.0,HIGH,0
A_33,2026-09-11T15:51:42.113136,12.970900000000002,77.5946,1.5,180.0,2.7673849443273184,1011.8738324652991,0.0,180.0,HIGH,0
A_33,2026-09-11T15:51:47.113136,12.970800000000002,77.5946,1.5,180.0,6.7978102477889815,1022.9933251297289,0.0,180.0,HIGH,0
A_33,2026-09-11T15:51:52.113136,12.970700000000003,77.5946,1.5,180.0,9.010243457608208,1034.112817794159,0.0,180.0,HIGH,0
A_33,2026-09-11T15:51:57.113136,12.970600000000003,77.5946,1.5,180.0,2.8053785823219686,1045.232310458589,0.0,180.0,HIGH,0
A_33,2026-09-11T15:52:02.113136,12.970500000000003,77.5946,1.5,180.0,8.786766763037736,1056.3518031230187,0.0,180.0,HIGH,0
A_33,2026-09-11T15:52:07.113136,12.970400000000003,77.5946,1.5,180.0,5.553858829776532,1067.4712957874488,0.0,180.0,HIGH,0
A_33,2026-09-11T15:52:12.113136,12.970300000000003,77.5946,1.5,180.0,5.15946582920763,1078.5907884518788,0.0,180.0,HIGH,0
A_33,2026-09-11T15:52:17.113136,12.970200000000004,77.5946,1.5,180.0,5.205530724000048,1089.7102811163088,0.0,180.0,HIGH,0
A_33,2026-09-11T15:52:22.113136,12.970100000000004,77.5946,1.5,180.0,2.2490250045969358,1100.8297737807388,0.0,180.0,HIGH,0
A_33,2026-09-11T15:52:27.113136,12.970000000000004,77.5946,1.5,180.0,3.893602292761713,1111.9492664451686,0.0,180.0,HIGH,0
A_33,2026-09-11T15:52:32.113136,12.969900000000004,77.5946,1.5,180.0,8.956754480602108,1123.0687591095987,0.0,180.0,HIGH,0
A_33,2026-09-11T15:52:37.113136,12.969800000000005,77.5946,1.5,180.0,8.639963961467778,1134.1882517740285,0.0,180.0,HIGH,0
A_33,2026-09-11T15:52:42.113136,12.969700000000005,77.5946,1.5,180.0,3.502747000698607,1145.3077444384585,0.0,180.0,HIGH,0
A_34,2026-09-11T15:51:07.113136,12.9716,77.5946,1.5,180.0,6.675838337634769,934.0373838142893,0.0,180.0,HIGH,0
A_34,2026-09-11T15:51:12.113136,12.9715,77.5946,1.5,180.0,9.994297425214576,945.1568764787194,0.0,180.0,HIGH,0
A_34,2026-09-11T15:51:17.113136,12.971400000000001,77.5946,1.5,180.0,7.511780071125,956.2763691431493,0.0,180.0,HIGH,0
A_34,2026-09-11T15:51:22.113136,12.971300000000001,77.5946,1.5,180.0,7.541675233524478,967.3958618075791,0.0,180.0,HIGH,0
A_34,2026-09-11T15:51:27.113136,12.971200000000001,77.5946,1.5,180.0,3.146421389309567,978.5153544720091,0.0,180.0,HIGH,0
A_34,2026-09-11T15:51:32.113136,12.971100000000002,77.5946,1.5,180.0,7.891065735605066,989.634847136439,0.0,180.0,HIGH,0
A_34,2026-09-11T15:51:37.113136,12.971000000000002,77.5946,1.5,180.0,6.310716157113831,1000.754339800869,0.0,180.0,HIGH,0
A_34,2026-09-11T15:51:42.113136,12.970900000000002,77.5946,1.5,180.0,8.48327436905636,1011.8738324652991,0.0,180.0,HIGH,0
A_34,2026-09-11T15:51:47.113136,12.970800000000002,77.5946,1.5,180.0,2.154617717083526,1022.9933251297289,0.0,180.0,HIGH,0
A_34,2026-09-11T15:51:52.113136,12.970700000000003,77.5946,1.5,180.0,3.3802177372550535,1034.112817794159,0.0,180.0,HIGH,0
A_34,2026-09-11T15:51:57.113136,12.970600000000003,77.5946,1.5,180.0,3.567737000674965,1045.232310458589,0.0,180.0,HIGH,0
A_34,2026-09-11T15:52:02.113136,12.970500000000003,77.5946,1.5,180.0,2.069704244674683,1056.3518031230187,0.0,180.0,HIGH,0
A_34,2026-09-11T15:52:07.113136,12.970400000000003,77.5946,1.5,180.0,5.989687620639264,1067.4712957874488,0.0,180.0,HIGH,0
A_34,2026-09-11T15:52:12.113136,12.970300000000003,77.5946,1.5,180.0,6.733707519979836,1078.5907884518788,0.0,180.0,HIGH,0
A_34,2026-09-11T15:52:17.113136,12.970200000000004,77.5946,1.5,180.0,7.8965671508360655,1089.7102811163088,0.0,180.0,HIGH,0
A_34,2026-09-11T15:52:22.113136,12.970100000000004,77.5946,1.5,180.0,4.500622768538043,1100.8297737807388,0.0,180.0,HIGH,0
A_34,2026-09-11T15:52:27.113136,12.970000000000004,77.5946,1.5,180.0,7.829051809741577,1111.9492664451686,0.0,180.0,HIGH,0
A_34,2026-09-11T15:52:32.113136,12.969900000000004,77.5946,1.5,180.0,2.276204096551745,1123.0687591095987,0.0,180.0,HIGH,0
A_34,2026-09-11T15:52:37.113136,12.969800000000005,77.5946,1.5,180.0,9.940298340964304,1134.1882517740285,0.0,180.0,HIGH,0
A_34,2026-09-11T15:52:42.113136,12.969700000000005,77.5946,1.5,180.0,6.933297567120571,1145.3077444384585,0.0,180.0,HIGH,0
A_35,2026-09-11T15:51:07.114135,12.9716,77.5946,1.5,180.0,4.641092347946514,934.0373838142893,0.0,180.0,HIGH,0
A_35,2026-09-11T15:51:12.114135,12.9715,77.5946,1.5,180.0,9.194407157172746,945.1568764787194,0.0,180.0,HIGH,0
A_35,2026-09-11T15:51:17.114135,12.971400000000001,77.5946,1.5,180.0,7.999467040950616,956.2763691431493,0.0,180.0,HIGH,0
A_35,2026-09-11T15:51:22.114135,12.971300000000001,77.5946,1.5,180.0,2.0371541239391178,967.3958618075791,0.0,180.0,HIGH,0
A_35,2026-09-11T15:51:27.114135,12.971200000000001,77.5946,1.5,180.0,6.4357813188074315,978.5153544720091,0.0,180.0,HIGH,0
A_35,2026-09-11T15:51:32.114135,12.971100000000002,77.5946,1.5,180.0,3.8735543201910643,989.634847136439,0.0,180.0,HIGH,0
A_35,2026-09-11T15:51:37.114135,12.971000000000002,77.5946,1.5,180.0,4.003812057568361,1000.754339800869,0.0,180.0,HIGH,0
A_35,2026-09-11T15:51:42.114135,12.970900000000002,77.5946,1.5,180.0,4.142602357948982,1011.8738324652991,0.0,180.0,HIGH,0
A_35,2026-09-11T15:51:47.114135,12.970800000000002,77.5946,1.5,180.0,4.7988055070883595,1022.9933251297289,0.0,180.0,HIGH,0
A_35,2026-09-11T15:51:52.114135,12.970700000000003,77.5946,1.5,180.0,9.244444830707733,1034.112817794159,0.0,180.0,HIGH,0
A_35,2026-09-11T15:51:57.114135,12.970600000000003,77.5946,1.5,180.0,4.743976078713669,1045.232310458589,0.0,180.0,HIGH,0
A_35,2026-09-11T15:52:02.114135,12.970500000000003,77.5946,1.5,180.0,5.268586599985677,1056.3518031230187,0.0,180.0,HIGH,0
A_35,2026-09-11T15:52:07.114135,12.970400000000003,77.5946,1.5,180.0,7.096115710108711,1067.4712957874488,0.0,180.0,HIGH,0
A_35,2026-09-11T15:52:12.114135,12.970300000000003,77.5946,1.5,180.0,7.457190325418104,1078.5907884518788,0.0,180.0,HIGH,0
A_35,2026-09-11T15:52:17.114135,12.970200000000004,77.5946,1.5,180.0,9.647312450592153,1089.7102811163088,0.0,180.0,HIGH,0
A_35,2026-09-11T15:52:22.114135,12.970100000000004,77.5946,1.5,180.0,5.819320136905771,1100.8297737807388,0.0,180.0,HIGH,0
A_35,2026-09-11T15:52:27.114135,12.970000000000004,77.5946,1.5,180.0,3.249928793430848,1111.9492664451686,0.0,180.0,HIGH,0
A_35,2026-09-11T15:52:32.114135,12.969900000000004,77.5946,1.5,180.0,7.6151470515019914,1123.0687591095987,0.0,180.0,HIGH,0
A_35,2026-09-11T15:52:37.114135,12.969800000000005,77.5946,1.5,180.0,2.649880239990181,1134.1882517740285,0.0,180.0,HIGH,0
A_35,2026-09-11T15:52:42.114135,12.969700000000005,77.5946,1.5,180.0,9.87469913066475,1145.3077444384585,0.0,180.0,HIGH,0
A_36,2026-09-11T15:51:07.114135,12.9716,77.5946,1.5,180.0,4.141282685318843,934.0373838142893,0.0,180.0,HIGH,0
A_36,2026-09-11T15:51:12.114135,12.9715,77.5946,1.5,180.0,6.359894503487361,945.1568764787194,0.0,180.0,HIGH,0
A_36,2026-09-11T15:51:17.114135,12.971400000000001,77.5946,1.5,180.0,9.675700052926516,956.2763691431493,0.0,180.0,HIGH,0
A_36,2026-09-11T15:51:22.114135,12.971300000000001,77.5946,1.5,180.0,3.433477984646612,967.3958618075791,0.0,180.0,HIGH,0
A_36,2026-09-11T15:51:27.114135,12.971200000000001,77.5946,1.5,180.0,2.1430398417347734,978.5153544720091,0.0,180.0,HIGH,0
A_36,2026-09-11T15:51:32.114135,12.971100000000002,77.5946,1.5,180.0,4.9153263232806195,989.634847136439,0.0,180.0,HIGH,0
A_36,2026-09-11T15:51:37.114135,12.971000000000002,77.5946,1.5,180.0,4.741142309200766,1000.754339800869,0.0,180.0,HIGH,0
A_36,2026-09-11T15:51:42.114135,12.970900000000002,77.5946,1.5,180.0,4.911078620658162,1011.8738324652991,0.0,180.0,HIGH,0
A_36,2026-09-11T15:51:47.114135,12.970800000000002,77.5946,1.5,180.0,6.39996943531375,1022.9933251297289,0.0,180.0,HIGH,0
A_36,2026-09-11T15:51:52.114135,12.970700000000003,77.5946,1.5,180.0,3.5214649898697115,1034.112817794159,0.0,180.0,HIGH,0
A_36,2026-09-11T15:51:57.114135,12.970600000000003,77.5946,1.5,180.0,9.388644600237198,1045.232310458589,0.0,180.0,HIGH,0
A_36,2026-09-11T15:52:02.114135,12.970500000000003,77.5946,1.5,180.0,5.589973142162405,1056.3518031230187,0.0,180.0,HIGH,0
A_36,2026-09-11T15:52:07.114135,12.970400000000003,77.5946,1.5,180.0,3.3604915073351247,1067.4712957874488,0.0,180.0,HIGH,0
A_36,2026-09-11T15:52:12.114135,12.970300000000003,77.5946,1.5,180.0,4.442494642659264,1078.5907884518788,0.0,180.0,HIGH,0
A_36,2026-09-11T15:52:17.114135,12.970200000000004,77.5946,1.5,180.0,6.641663670944939,1089.7102811163088,0.0,180.0,HIGH,0
A_36,2026-09-11T15:52:22.114135,12.970100000000004,77.5946,1.5,180.0,5.054253405290461,1100.8297737807388,0.0,180.0,HIGH,0
A_36,2026-09-11T15:52:27.114135,12.970000000000004,77.5946,1.5,180.0,9.611009295949529,1111.9492664451686,0.0,180.0,HIGH,0
A_36,2026-09-11T15:52:32.114135,12.969900000000004,77.5946,1.5,180.0,9.865491670279205,1123.0687591095987,0.0,180.0,HIGH,0
A_36,2026-09-11T15:52:37.114135,12.969800000000005,77.5946,1.5,180.0,6.994997345011515,1134.1882517740285,0.0,180.0,HIGH,0
A_36,2026-09-11T15:52:42.114135,12.969700000000005,77.5946,1.5,180.0,3.5092679774996354,1145.3077444384585,0.0,180.0,HIGH,0
A_37,2026-09-11T15:51:07.114135,12.9716,77.5946,1.5,180.0,3.0442076853757047,934.0373838142893,0.0,180.0,HIGH,0
A_37,2026-09-11T15:51:12.114135,12.9715,77.5946,1.5,180.0,8.258376259013549,945.1568764787194,0.0,180.0,HIGH,0
A_37,2026-09-11T15:51:17.114135,12.971400000000001,77.5946,1.5,180.0,5.622932290236963,956.2763691431493,0.0,180.0,HIGH,0
A_37,2026-09-11T15:51:22.114135,12.971300000000001,77.5946,1.5,180.0,8.011221551102814,967.3958618075791,0.0,180.0,HIGH,0
A_37,2026-09-11T15:51:27.114135,12.971200000000001,77.5946,1.5,180.0,9.579932260333491,978.5153544720091,0.0,180.0,HIGH,0
A_37,2026-09-11T15:51:32.114135,12.971100000000002,77.5946,1.5,180.0,7.518083537491374,989.634847136439,0.0,180.0,HIGH,0
A_37,2026-09-11T15:51:37.114135,12.971000000000002,77.5946,1.5,180.0,9.768821748212686,1000.754339800869,0.0,180.0,HIGH,0
A_37,2026-09-11T15:51:42.114135,12.970900000000002,77.5946,1.5,180.0,4.843488076598538,1011.8738324652991,0.0,180.0,HIGH,0
A_37,2026-09-11T15:51:47.114135,12.970800000000002,77.5946,1.5,180.0,3.1178056851160436,1022.9933251297289,0.0,180.0,HIGH,0
A_37,2026-09-11T15:51:52.114135,12.970700000000003,77.5946,1.5,180.0,2.429710407405125,1034.112817794159,0.0,180.0,HIGH,0
A_37,2026-09-11T15:51:57.114135,12.970600000000003,77.5946,1.5,180.0,7.216015422155327,1045.232310458589,0.0,180.0,HIGH,0
A_37,2026-09-11T15:52:02.114135,12.970500000000003,77.5946,1.5,180.0,5.96894757175177,1056.3518031230187,0.0,180.0,HIGH,0
A_37,2026-09-11T15:52:07.114135,12.970400000000003,77.5946,1.5,180.0,5.596609961680159,1067.4712957874488,0.0,180.0,HIGH,0
A_37,2026-09-11T15:52:12.114135,12.970300000000003,77.5946,1.5,180.0,5.964752735394928,1078.5907884518788,0.0,180.0,HIGH,0
A_37,2026-09-11T15:52:17.114135,12.970200000000004,77.5946,1.5,180.0,2.267879177887533,1089.7102811163088,0.0,180.0,HIGH,0
A_37,2026-09-11T15:52:22.114135,12.970100000000004,77.5946,1.5,180.0,6.946409650038346,1100.8297737807388,0.0,180.0,HIGH,0
A_37,2026-09-11T15:52:27.114135,12.970000000000004,77.5946,1.5,180.0,8.273607731695321,1111.9492664451686,0.0,180.0,HIGH,0
A_37,2026-09-11T15:52:32.114135,12.969900000000004,77.5946,1.5,180.0,5.482924337510937,1123.0687591095987,0.0,180.0,HIGH,0
A_37,2026-09-11T15:52:37.114135,12.969800000000005,77.5946,1.5,180.0,4.614822151318503,1134.1882517740285,0.0,180.0,HIGH,0
A_37,2026-09-11T15:52:42.114135,12.969700000000005,77.5946,1.5,180.0,5.8040561065148415,1145.3077444384585,0.0,180.0,HIGH,0
A_38,2026-09-11T15:51:07.115137,12.9716,77.5946,1.5,180.0,7.417129367244807,934.0373838142893,0.0,180.0,HIGH,0
A_38,2026-09-11T15:51:12.115137,12.9715,77.5946,1.5,180.0,7.6377201555214596,945.1568764787194,0.0,180.0,HIGH,0
A_38,2026-09-11T15:51:17.115137,12.971400000000001,77.5946,1.5,180.0,6.191303223324493,956.2763691431493,0.0,180.0,HIGH,0
A_38,2026-09-11T15:51:22.115137,12.971300000000001,77.5946,1.5,180.0,7.001645767459434,967.3958618075791,0.0,180.0,HIGH,0
A_38,2026-09-11T15:51:27.115137,12.971200000000001,77.5946,1.5,180.0,8.069396393686016,978.5153544720091,0.0,180.0,HIGH,0
A_38,2026-09-11T15:51:32.115137,12.971100000000002,77.5946,1.5,180.0,2.691676883882365,989.634847136439,0.0,180.0,HIGH,0
A_38,2026-09-11T15:51:37.115137,12.971000000000002,77.5946,1.5,180.0,7.972363691343995,1000.754339800869,0.0,180.0,HIGH,0
A_38,2026-09-11T15:51:42.115137,12.970900000000002,77.5946,1.5,180.0,5.798372734382742,1011.8738324652991,0.0,180.0,HIGH,0
A_38,2026-09-11T15:51:47.115137,12.970800000000002,77.5946,1.5,180.0,4.157997222856621,1022.9933251297289,0.0,180.0,HIGH,0
A_38,2026-09-11T15:51:52.115137,12.970700000000003,77.5946,1.5,180.0,5.559015017217235,1034.112817794159,0.0,180.0,HIGH,0
A_38,2026-09-11T15:51:57.115137,12.970600000000003,77.5946,1.5,180.0,5.196285951647581,1045.232310458589,0.0,180.0,HIGH,0
A_38,2026-09-11T15:52:02.115137,12.970500000000003,77.5946,1.5,180.0,8.043563158874992,1056.3518031230187,0.0,180.0,HIGH,0
A_38,2026-09-11T15:52:07.115137,12.970400000000003,77.5946,1.5,180.0,3.524614941027142,1067.4712957874488,0.0,180.0,HIGH,0
A_38,2026-09-11T15:52:12.115137,12.970300000000003,77.5946,1.5,180.0,5.346730538691356,1078.5907884518788,0.0,180.0,HIGH,0
A_38,2026-09-11T15:52:17.115137,12.970200000000004,77.5946,1.5,180.0,9.15537605887082,1089.7102811163088,0.0,180.0,HIGH,0
A_38,2026-09-11T15:52:22.115137,12.970100000000004,77.5946,1.5,180.0,2.8972703224907983,1100.8297737807388,0.0,180.0,HIGH,0
A_38,2026-09-11T15:52:27.115137,12.970000000000004,77.5946,1.5,180.0,7.305893561641354,1111.9492664451686,0.0,180.0,HIGH,0
A_38,2026-09-11T15:52:32.115137,12.969900000000004,77.5946,1.5,180.0,3.47488175290741,1123.0687591095987,0.0,180.0,HIGH,0
A_38,2026-09-11T15:52:37.115137,12.969800000000005,77.5946,1.5,180.0,3.381609427314742,1134.1882517740285,0.0,180.0,HIGH,0
A_38,2026-09-11T15:52:42.115137,12.969700000000005,77.5946,1.5,180.0,3.785770349861803,1145.3077444384585,0.0,180.0,HIGH,0
A_39,2026-09-11T15:51:07.115137,12.9716,77.5946,1.5,180.0,2.8340059561090722,934.0373838142893,0.0,180.0,HIGH,0
A_39,2026-09-11T15:51:12.115137,12.9715,77.5946,1.5,180.0,9.935007342026946,945.1568764787194,0.0,180.0,HIGH,0
A_39,2026-09-11T15:51:17.115137,12.971400000000001,77.5946,1.5,180.0,6.4050122745079925,956.2763691431493,0.0,180.0,HIGH,0
A_39,2026-09-11T15:51:22.115137,12.971300000000001,77.5946,1.5,180.0,7.323662986564744,967.3958618075791,0.0,180.0,HIGH,0
A_39,2026-09-11T15:51:27.115137,12.971200000000001,77.5946,1.5,180.0,8.472888222670512,978.5153544720091,0.0,180.0,HIGH,0
A_39,2026-09-11T15:51:32.115137,12.971100000000002,77.5946,1.5,180.0,8.088077047078393,989.634847136439,0.0,180.0,HIGH,0
A_39,2026-09-11T15:51:37.115137,12.971000000000002,77.5946,1.5,180.0,3.3343082487274778,1000.754339800869,0.0,180.0,HIGH,0
A_39,2026-09-11T15:51:42.115137,12.970900000000002,77.5946,1.5,180.0,6.034791809650038,1011.8738324652991,0.0,180.0,HIGH,0
A_39,2026-09-11T15:51:47.115137,12.970800000000002,77.5946,1.5,180.0,6.308882726678364,1022.9933251297289,0.0,180.0,HIGH,0
A_39,2026-09-11T15:51:52.115137,12.970700000000003,77.5946,1.5,180.0,4.4486977796092075,1034.112817794159,0.0,180.0,HIGH,0
A_39,2026-09-11T15:51:57.115137,12.970600000000003,77.5946,1.5,180.0,5.419956982043996,1045.232310458589,0.0,180.0,HIGH,0
A_39,2026-09-11T15:52:02.115137,12.970500000000003,77.5946,1.5,180.0,7.005267131481135,1056.3518031230187,0.0,180.0,HIGH,0
A_39,2026-09-11T15:52:07.115137,12.970400000000003,77.5946,1.5,180.0,4.806008378328182,1067.4712957874488,0.0,180.0,HIGH,0
A_39,2026-09-11T15:52:12.115137,12.970300000000003,77.5946,1.5,180.0,2.7704976168307507,1078.5907884518788,0.0,180.0,HIGH,0
A_39,2026-09-11T15:52:17.115137,12.970200000000004,77.5946,1.5,180.0,2.739934376054679,1089.7102811163088,0.0,180.0,HIGH,0
A_39,2026-09-11T15:52:22.115137,12.970100000000004,77.5946,1.5,180.0,7.302519312965794,1100.8297737807388,0.0,180.0,HIGH,0
A_39,2026-09-11T15:52:27.115137,12.970000000000004,77.5946,1.5,180.0,9.712943715329178,1111.9492664451686,0.0,180.0,HIGH,0
A_39,2026-09-11T15:52:32.115137,12.969900000000004,77.5946,1.5,180.0,8.881059413539035,1123.0687591095987,0.0,180.0,HIGH,0
A_39,2026-09-11T15:52:37.115137,12.969800000000005,77.5946,1.5,180.0,4.7835382982596215,1134.1882517740285,0.0,180.0,HIGH,0
A_39,2026-09-11T15:52:42.115137,12.969700000000005,77.5946,1.5,180.0,9.574067744495991,1145.3077444384585,0.0,180.0,HIGH,0
A_40,2026-09-11T15:51:07.116138,12.9716,77.5946,1.5,180.0,3.8106028955008115,934.0373838142893,0.0,180.0,HIGH,0
A_40,2026-09-11T15:51:12.116138,12.9715,77.5946,1.5,180.0,8.648190454206352,945.1568764787194,0.0,180.0,HIGH,0
A_40,2026-09-11T15:51:17.116138,12.971400000000001,77.5946,1.5,180.0,2.473313967580145,956.2763691431493,0.0,180.0,HIGH,0
A_40,2026-09-11T15:51:22.116138,12.971300000000001,77.5946,1.5,180.0,5.356501527631907,967.3958618075791,0.0,180.0,HIGH,0
A_40,2026-09-11T15:51:27.116138,12.971200000000001,77.5946,1.5,180.0,7.66117875308106,978.5153544720091,0.0,180.0,HIGH,0
A_40,2026-09-11T15:51:32.116138,12.971100000000002,77.5946,1.5,180.0,3.79238898910927,989.634847136439,0.0,180.0,HIGH,0
A_40,2026-09-11T15:51:37.116138,12.971000000000002,77.5946,1.5,180.0,6.011600416103054,1000.754339800869,0.0,180.0,HIGH,0
A_40,2026-09-11T15:51:42.116138,12.970900000000002,77.5946,1.5,180.0,7.907817395473267,1011.8738324652991,0.0,180.0,HIGH,0
A_40,2026-09-11T15:51:47.116138,12.970800000000002,77.5946,1.5,180.0,3.3083891308741826,1022.9933251297289,0.0,180.0,HIGH,0
A_40,2026-09-11T15:51:52.116138,12.970700000000003,77.5946,1.5,180.0,4.16071445463401,1034.112817794159,0.0,180.0,HIGH,0
A_40,2026-09-11T15:51:57.116138,12.970600000000003,77.5946,1.5,180.0,6.539090087343708,1045.232310458589,0.0,180.0,HIGH,0
A_40,2026-09-11T15:52:02.116138,12.970500000000003,77.5946,1.5,180.0,9.21301932914023,1056.3518031230187,0.0,180.0,HIGH,0
A_40,2026-09-11T15:52:07.116138,12.970400000000003,77.5946,1.5,180.0,8.017716001608537,1067.4712957874488,0.0,180.0,HIGH,0
A_40,2026-09-11T15:52:12.116138,12.970300000000003,77.5946,1.5,180.0,8.653403402499297,1078.5907884518788,0.0,180.0,HIGH,0
A_40,2026-09-11T15:52:17.116138,12.970200000000004,77.5946,1.5,180.0,5.256450871096097,1089.7102811163088,0.0,180.0,HIGH,0
A_40,2026-09-11T15:52:22.116138,12.970100000000004,77.5946,1.5,180.0,5.275285367975784,1100.8297737807388,0.0,180.0,HIGH,0
A_40,2026-09-11T15:52:27.116138,12.970000000000004,77.5946,1.5,180.0,7.799629366690683,1111.9492664451686,0.0,180.0,HIGH,0
A_40,2026-09-11T15:52:32.116138,12.969900000000004,77.5946,1.5,180.0,4.15771080938602,1123.0687591095987,0.0,180.0,HIGH,0
A_40,2026-09-11T15:52:37.116138,12.969800000000005,77.5946,1.5,180.0,7.5691915800202425,1134.1882517740285,0.0,180.0,HIGH,0
A_40,2026-09-11T15:52:42.116138,12.969700000000005,77.5946,1.5,180.0,5.068300978521278,1145.3077444384585,0.0,180.0,HIGH,0
A_41,2026-09-11T15:51:07.117137,12.9716,77.5946,1.5,180.0,3.5978962028245753,934.0373838142893,0.0,180.0,HIGH,0
A_41,2026-09-11T15:51:12.117137,12.9715,77.5946,1.5,180.0,4.390742364302573,945.1568764787194,0.0,180.0,HIGH,0
A_41,2026-09-11T15:51:17.117137,12.971400000000001,77.5946,1.5,180.0,5.610028763478979,956.2763691431493,0.0,180.0,HIGH,0
A_41,2026-09-11T15:51:22.117137,12.971300000000001,77.5946,1.5,180.0,9.366181937978636,967.3958618075791,0.0,180.0,HIGH,0
A_41,2026-09-11T15:51:27.117137,12.971200000000001,77.5946,1.5,180.0,3.7533275602667064,978.5153544720091,0.0,180.0,HIGH,0
A_41,2026-09-11T15:51:32.117137,12.971100000000002,77.5946,1.5,180.0,8.850438530726386,989.634847136439,0.0,180.0,HIGH,0
A_41,2026-09-11T15:51:37.117137,12.971000000000002,77.5946,1.5,180.0,3.8319801092986863,1000.754339800869,0.0,180.0,HIGH,0
A_41,2026-09-11T15:51:42.117137,12.970900000000002,77.5946,1.5,180.0,6.506189579333079,1011.8738324652991,0.0,180.0,HIGH,0
A_41,2026-09-11T15:51:47.117137,12.970800000000002,77.5946,1.5,180.0,8.840122264331677,1022.9933251297289,0.0,180.0,HIGH,0
A_41,2026-09-11T15:51:52.117137,12.970700000000003,77.5946,1.5,180.0,2.9460104635201088,1034.112817794159,0.0,180.0,HIGH,0
A_41,2026-09-11T15:51:57.117137,12.970600000000003,77.5946,1.5,180.0,4.368587102826724,1045.232310458589,0.0,180.0,HIGH,0
A_41,2026-09-11T15:52:02.117137,12.970500000000003,77.5946,1.5,180.0,9.051052309391576,1056.3518031230187,0.0,180.0,HIGH,0
A_41,2026-09-11T15:52:07.117137,12.970400000000003,77.5946,1.5,180.0,3.7671882998659676,1067.4712957874488,0.0,180.0,HIGH,0
A_41,2026-09-11T15:52:12.117137,12.970300000000003,77.5946,1.5,180.0,5.403653669493216,1078.5907884518788,0.0,180.0,HIGH,0
A_41,2026-09-11T15:52:17.117137,12.970200000000004,77.5946,1.5,180.0,9.228185457256972,1089.7102811163088,0.0,180.0,HIGH,0
A_41,2026-09-11T15:52:22.117137,12.970100000000004,77.5946,1.5,180.0,6.9302441089661615,1100.8297737807388,0.0,180.0,HIGH,0
A_41,2026-09-11T15:52:27.117137,12.970000000000004,77.5946,1.5,180.0,6.167657203192797,1111.9492664451686,0.0,180.0,HIGH,0
A_41,2026-09-11T15:52:32.117137,12.969900000000004,77.5946,1.5,180.0,2.803358333190399,1123.0687591095987,0.0,180.0,HIGH,0
A_41,2026-09-11T15:52:37.117137,12.969800000000005,77.5946,1.5,180.0,7.572648725549004,1134.1882517740285,0.0,180.0,HIGH,0
A_41,2026-09-11T15:52:42.117137,12.969700000000005,77.5946,1.5,180.0,7.691173791167231,1145.3077444384585,0.0,180.0,HIGH,0
A_42,2026-09-11T15:51:07.117137,12.9716,77.5946,1.5,180.0,3.336947254466285,934.0373838142893,0.0,180.0,HIGH,0
A_42,2026-09-11T15:51:12.117137,12.9715,77.5946,1.5,180.0,6.481493911893289,945.1568764787194,0.0,180.0,HIGH,0
A_42,2026-09-11T15:51:17.117137,12.971400000000001,77.5946,1.5,180.0,2.6070514563512814,956.2763691431493,0.0,180.0,HIGH,0
A_42,2026-09-11T15:51:22.117137,12.971300000000001,77.5946,1.5,180.0,5.67438704485298,967.3958618075791,0.0,180.0,HIGH,0
A_42,2026-09-11T15:51:27.117137,12.971200000000001,77.5946,1.5,180.0,7.042060791255562,978.5153544720091,0.0,180.0,HIGH,0
A_42,2026-09-11T15:51:32.117137,12.971100000000002,77.5946,1.5,180.0,8.380755742710019,989.634847136439,0.0,180.0,HIGH,0
A_42,2026-09-11T15:51:37.117137,12.971000000000002,77.5946,1.5,180.0,3.7450001988367623,1000.754339800869,0.0,180.0,HIGH,0
A_42,2026-09-11T15:51:42.117137,12.970900000000002,77.5946,1.5,180.0,8.341342441662377,1011.8738324652991,0.0,180.0,HIGH,0
A_42,2026-09-11T15:51:47.117137,12.970800000000002,77.5946,1.5,180.0,9.257443577151614,1022.9933251297289,0.0,180.0,HIGH,0
A_42,2026-09-11T15:51:52.117137,12.970700000000003,77.5946,1.5,180.0,6.86413986311743,1034.112817794159,0.0,180.0,HIGH,0
A_42,2026-09-11T15:51:57.117137,12.970600000000003,77.5946,1.5,180.0,6.69560289448139,1045.232310458589,0.0,180.0,HIGH,0
A_42,2026-09-11T15:52:02.117137,12.970500000000003,77.5946,1.5,180.0,2.149071346290751,1056.3518031230187,0.0,180.0,HIGH,0
A_42,2026-09-11T15:52:07.117137,12.970400000000003,77.5946,1.5,180.0,3.7251738120300075,1067.4712957874488,0.0,180.0,HIGH,0
A_42,2026-09-11T15:52:12.117137,12.970300000000003,77.5946,1.5,180.0,3.6167713943105015,1078.5907884518788,0.0,180.0,HIGH,0
A_42,2026-09-11T15:52:17.117137,12.970200000000004,77.5946,1.5,180.0,6.347265320475566,1089.7102811163088,0.0,180.0,HIGH,0
A_42,2026-09-11T15:52:22.117137,12.970100000000004,77.5946,1.5,180.0,7.7980969743874065,1100.8297737807388,0.0,180.0,HIGH,0
A_42,2026-09-11T15:52:27.117137,12.970000000000004,77.5946,1.5,180.0,3.2191256631299483,1111.9492664451686,0.0,180.0,HIGH,0
A_42,2026-09-11T15:52:32.117137,12.969900000000004,77.5946,1.5,180.0,9.598256507530285,1123.0687591095987,0.0,180.0,HIGH,0
A_42,2026-09-11T15:52:37.117137,12.969800000000005,77.5946,1.5,180.0,2.07426452614411,1134.1882517740285,0.0,180.0,HIGH,0
A_42,2026-09-11T15:52:42.117137,12.969700000000005,77.5946,1.5,180.0,9.81208588264029,1145.3077444384585,0.0,180.0,HIGH,0
A_43,2026-09-11T15:51:07.118139,12.9716,77.5946,1.5,180.0,2.3312436528041465,934.0373838142893,0.0,180.0,HIGH,0
A_43,2026-09-11T15:51:12.118139,12.9715,77.5946,1.5,180.0,3.3884951639305187,945.1568764787194,0.0,180.0,HIGH,0
A_43,2026-09-11T15:51:17.118139,12.971400000000001,77.5946,1.5,180.0,5.198364195244134,956.2763691431493,0.0,180.0,HIGH,0
A_43,2026-09-11T15:51:22.118139,12.971300000000001,77.5946,1.5,180.0,6.13412669656582,967.3958618075791,0.0,180.0,HIGH,0
A_43,2026-09-11T15:51:27.118139,12.971200000000001,77.5946,1.5,180.0,9.306648165620668,978.5153544720091,0.0,180.0,HIGH,0
A_43,2026-09-11T15:51:32.118139,12.971100000000002,77.5946,1.5,180.0,8.924088314653122,989.634847136439,0.0,180.0,HIGH,0
A_43,2026-09-11T15:51:37.118139,12.971000000000002,77.5946,1.5,180.0,8.796013884072236,1000.754339800869,0.0,180.0,HIGH,0
A_43,2026-09-11T15:51:42.118139,12.970900000000002,77.5946,1.5,180.0,7.8673696939416615,1011.8738324652991,0.0,180.0,HIGH,0
A_43,2026-09-11T15:51:47.118139,12.970800000000002,77.5946,1.5,180.0,8.922677220583687,1022.9933251297289,0.0,180.0,HIGH,0
A_43,2026-09-11T15:51:52.118139,12.970700000000003,77.5946,1.5,180.0,5.5230491085875375,1034.112817794159,0.0,180.0,HIGH,0
A_43,2026-09-11T15:51:57.118139,12.970600000000003,77.5946,1.5,180.0,2.3792770926401525,1045.232310458589,0.0,180.0,HIGH,0
A_43,2026-09-11T15:52:02.118139,12.970500000000003,77.5946,1.5,180.0,2.189468208626769,1056.3518031230187,0.0,180.0,HIGH,0
A_43,2026-09-11T15:52:07.118139,12.970400000000003,77.5946,1.5,180.0,3.554067878221595,1067.4712957874488,0.0,180.0,HIGH,0
A_43,2026-09-11T15:52:12.118139,12.970300000000003,77.5946,1.5,180.0,9.077906558955902,1078.5907884518788,0.0,180.0,HIGH,0
A_43,2026-09-11T15:52:17.118139,12.970200000000004,77.5946,1.5,180.0,2.187342387406953,1089.7102811163088,0.0,180.0,HIGH,0
A_43,2026-09-11T15:52:22.118139,12.970100000000004,77.5946,1.5,180.0,2.288706442799077,1100.8297737807388,0.0,180.0,HIGH,0
A_43,2026-09-11T15:52:27.118139,12.970000000000004,77.5946,1.5,180.0,8.029424921981049,1111.9492664451686,0.0,180.0,HIGH,0
A_43,2026-09-11T15:52:32.118139,12.969900000000004,77.5946,1.5,180.0,3.916985311780901,1123.0687591095987,0.0,180.0,HIGH,0
A_43,2026-09-11T15:52:37.118139,12.969800000000005,77.5946,1.5,180.0,2.943207165175414,1134.1882517740285,0.0,180.0,HIGH,0
A_43,2026-09-11T15:52:42.118139,12.969700000000005,77.5946,1.5,180.0,7.109934696249692,1145.3077444384585,0.0,180.0,HIGH,0
A_44,2026-09-11T15:51:07.118139,12.9716,77.5946,1.5,180.0,2.29129292692872,934.0373838142893,0.0,180.0,HIGH,0
A_44,2026-09-11T15:51:12.118139,12.9715,77.5946,1.5,180.0,3.2611146565352342,945.1568764787194,0.0,180.0,HIGH,0
A_44,2026-09-11T15:51:17.118139,12.971400000000001,77.5946,1.5,180.0,2.009423267251713,956.2763691431493,0.0,180.0,HIGH,0
A_44,2026-09-11T15:51:22.118139,12.971300000000001,77.5946,1.5,180.0,9.393239754755157,967.3958618075791,0.0,180.0,HIGH,0
A_44,2026-09-11T15:51:27.118139,12.971200000000001,77.5946,1.5,180.0,3.591569216229651,978.5153544720091,0.0,180.0,HIGH,0
A_44,2026-09-11T15:51:32.118139,12.971100000000002,77.5946,1.5,180.0,9.151258102139565,989.634847136439,0.0,180.0,HIGH,0
A_44,2026-09-11T15:51:37.118139,12.971000000000002,77.5946,1.5,180.0,7.914338471719064,1000.754339800869,0.0,180.0,HIGH,0
A_44,2026-09-11T15:51:42.118139,12.970900000000002,77.5946,1.5,180.0,5.902857275711167,1011.8738324652991,0.0,180.0,HIGH,0
A_44,2026-09-11T15:51:47.118139,12.970800000000002,77.5946,1.5,180.0,7.419327818213884,1022.9933251297289,0.0,180.0,HIGH,0
A_44,2026-09-11T15:51:52.118139,12.970700000000003,77.5946,1.5,180.0,3.844291258867525,1034.112817794159,0.0,180.0,HIGH,0
A_44,2026-09-11T15:51:57.118139,12.970600000000003,77.5946,1.5,180.0,2.0704653504888793,1045.232310458589,0.0,180.0,HIGH,0
A_44,2026-09-11T15:52:02.118139,12.970500000000003,77.5946,1.5,180.0,9.631464576661207,1056.3518031230187,0.0,180.0,HIGH,0
A_44,2026-09-11T15:52:07.118139,12.970400000000003,77.5946,1.5,180.0,8.623068522462846,1067.4712957874488,0.0,180.0,HIGH,0
A_44,2026-09-11T15:52:12.118139,12.970300000000003,77.5946,1.5,180.0,9.935375771405361,1078.5907884518788,0.0,180.0,HIGH,0
A_44,2026-09-11T15:52:17.118139,12.970200000000004,77.5946,1.5,180.0,2.15085554247472,1089.7102811163088,0.0,180.0,HIGH,0
A_44,2026-09-11T15:52:22.118139,12.970100000000004,77.5946,1.5,180.0,5.0463752871135075,1100.8297737807388,0.0,180.0,HIGH,0
A_44,2026-09-11T15:52:27.118139,12.970000000000004,77.5946,1.5,180.0,6.862518603005343,1111.9492664451686,0.0,180.0,HIGH,0
A_44,2026-09-11T15:52:32.118139,12.969900000000004,77.5946,1.5,180.0,7.418242543720451,1123.0687591095987,0.0,180.0,HIGH,0
A_44,2026-09-11T15:52:37.118139,12.969800000000005,77.5946,1.5,180.0,8.558688271888533,1134.1882517740285,0.0,180.0,HIGH,0
A_44,2026-09-11T15:52:42.118139,12.969700000000005,77.5946,1.5,180.0,8.015854700180949,1145.3077444384585,0.0,180.0,HIGH,0
A_45,2026-09-11T15:51:07.118139,12.9716,77.5946,1.5,180.0,8.58646538970947,934.0373838142893,0.0,180.0,HIGH,0
A_45,2026-09-11T15:51:12.118139,12.9715,77.5946,1.5,180.0,3.2009146456793225,945.1568764787194,0.0,180.0,HIGH,0
A_45,2026-09-11T15:51:17.118139,12.971400000000001,77.5946,1.5,180.0,2.3108946720259986,956.2763691431493,0.0,180.0,HIGH,0
A_45,2026-09-11T15:51:22.118139,12.971300000000001,77.5946,1.5,180.0,8.491116031755025,967.3958618075791,0.0,180.0,HIGH,0
A_45,2026-09-11T15:51:27.118139,12.971200000000001,77.5946,1.5,180.0,2.7803298359132436,978.5153544720091,0.0,180.0,HIGH,0
A_45,2026-09-11T15:51:32.118139,12.971100000000002,77.5946,1.5,180.0,9.784921665619244,989.634847136439,0.0,180.0,HIGH,0
A_45,2026-09-11T15:51:37.118139,12.971000000000002,77.5946,1.5,180.0,3.470781223944175,1000.754339800869,0.0,180.0,HIGH,0
A_45,2026-09-11T15:51:42.118139,12.970900000000002,77.5946,1.5,180.0,3.2567875294613557,1011.8738324652991,0.0,180.0,HIGH,0
A_45,2026-09-11T15:51:47.118139,12.970800000000002,77.5946,1.5,180.0,6.246954258571652,1022.9933251297289,0.0,180.0,HIGH,0
A_45,2026-09-11T15:51:52.118139,12.970700000000003,77.5946,1.5,180.0,5.511854456173162,1034.112817794159,0.0,180.0,HIGH,0
A_45,2026-09-11T15:51:57.118139,12.970600000000003,77.5946,1.5,180.0,3.678309566860925,1045.232310458589,0.0,180.0,HIGH,0
A_45,2026-09-11T15:52:02.118139,12.970500000000003,77.5946,1.5,180.0,3.214537820699026,1056.3518031230187,0.0,180.0,HIGH,0
A_45,2026-09-11T15:52:07.118139,12.970400000000003,77.5946,1.5,180.0,5.679539710681277,1067.4712957874488,0.0,180.0,HIGH,0
A_45,2026-09-11T15:52:12.118139,12.970300000000003,77.5946,1.5,180.0,5.878694398844185,1078.5907884518788,0.0,180.0,HIGH,0
A_45,2026-09-11T15:52:17.118139,12.970200000000004,77.5946,1.5,180.0,8.17490545504688,1089.7102811163088,0.0,180.0,HIGH,0
A_45,2026-09-11T15:52:22.118139,12.970100000000004,77.5946,1.5,180.0,4.850781836298796,1100.8297737807388,0.0,180.0,HIGH,0
A_45,2026-09-11T15:52:27.118139,12.970000000000004,77.5946,1.5,180.0,5.426369246481186,1111.9492664451686,0.0,180.0,HIGH,0
A_45,2026-09-11T15:52:32.118139,12.969900000000004,77.5946,1.5,180.0,8.483581700987436,1123.0687591095987,0.0,180.0,HIGH,0
A_45,2026-09-11T15:52:37.118139,12.969800000000005,77.5946,1.5,180.0,3.37625605016167,1134.1882517740285,0.0,180.0,HIGH,0
A_45,2026-09-11T15:52:42.118139,12.969700000000005,77.5946,1.5,180.0,8.670803780976577,1145.3077444384585,0.0,180.0,HIGH,0
A_46,2026-09-11T15:51:07.119384,12.9716,77.5946,1.5,180.0,2.203797354982153,934.0373838142893,0.0,180.0,HIGH,0
A_46,2026-09-11T15:51:12.119384,12.9715,77.5946,1.5,180.0,8.70306127435822,945.1568764787194,0.0,180.0,HIGH,0
A_46,2026-09-11T15:51:17.119384,12.971400000000001,77.5946,1.5,180.0,3.397649935284549,956.2763691431493,0.0,180.0,HIGH,0
A_46,2026-09-11T15:51:22.119384,12.971300000000001,77.5946,1.5,180.0,5.868849863852061,967.3958618075791,0.0,180.0,HIGH,0
A_46,2026-09-11T15:51:27.119384,12.971200000000001,77.5946,1.5,180.0,6.850428587649419,978.5153544720091,0.0,180.0,HIGH,0
A_46,2026-09-11T15:51:32.119384,12.971100000000002,77.5946,1.5,180.0,5.777021098032125,989.634847136439,0.0,180.0,HIGH,0
A_46,2026-09-11T15:51:37.119384,12.971000000000002,77.5946,1.5,180.0,6.862734963448388,1000.754339800869,0.0,180.0,HIGH,0
A_46,2026-09-11T15:51:42.119384,12.970900000000002,77.5946,1.5,180.0,9.602139895594718,1011.8738324652991,0.0,180.0,HIGH,0
A_46,2026-09-11T15:51:47.119384,12.970800000000002,77.5946,1.5,180.0,2.2522460475952624,1022.9933251297289,0.0,180.0,HIGH,0
A_46,2026-09-11T15:51:52.119384,12.970700000000003,77.5946,1.5,180.0,5.968122721685267,1034.112817794159,0.0,180.0,HIGH,0
A_46,2026-09-11T15:51:57.119384,12.970600000000003,77.5946,1.5,180.0,3.138200526671282,1045.232310458589,0.0,180.0,HIGH,0
A_46,2026-09-11T15:52:02.119384,12.970500000000003,77.5946,1.5,180.0,7.752130558189615,1056.3518031230187,0.0,180.0,HIGH,0
A_46,2026-09-11T15:52:07.119384,12.970400000000003,77.5946,1.5,180.0,6.285337554547059,1067.4712957874488,0.0,180.0,HIGH,0
A_46,2026-09-11T15:52:12.119384,12.970300000000003,77.5946,1.5,180.0,2.1547393789930913,1078.5907884518788,0.0,180.0,HIGH,0
A_46,2026-09-11T15:52:17.119384,12.970200000000004,77.5946,1.5,180.0,5.330326659258689,1089.7102811163088,0.0,180.0,HIGH,0
A_46,2026-09-11T15:52:22.119384,12.970100000000004,77.5946,1.5,180.0,7.166688057860247,1100.8297737807388,0.0,180.0,HIGH,0
A_46,2026-09-11T15:52:27.119384,12.970000000000004,77.5946,1.5,180.0,6.702751665584163,1111.9492664451686,0.0,180.0,HIGH,0
A_46,2026-09-11T15:52:32.119384,12.969900000000004,77.5946,1.5,180.0,6.800176095040299,1123.0687591095987,0.0,180.0,HIGH,0
A_46,2026-09-11T15:52:37.119384,12.969800000000005,77.5946,1.5,180.0,2.4354772395220294,1134.1882517740285,0.0,180.0,HIGH,0
A_46,2026-09-11T15:52:42.119384,12.969700000000005,77.5946,1.5,180.0,2.1724058979665717,1145.3077444384585,0.0,180.0,HIGH,0
A_47,2026-09-11T15:51:07.119384,12.9716,77.5946,1.5,180.0,7.100683426754195,934.0373838142893,0.0,180.0,HIGH,0
A_47,2026-09-11T15:51:12.119384,12.9715,77.5946,1.5,180.0,3.53621808930696,945.1568764787194,0.0,180.0,HIGH,0
A_47,2026-09-11T15:51:17.119384,12.971400000000001,77.5946,1.5,180.0,6.2601452844642465,956.2763691431493,0.0,180.0,HIGH,0
A_47,2026-09-11T15:51:22.119384,12.971300000000001,77.5946,1.5,180.0,9.257110433339742,967.3958618075791,0.0,180.0,HIGH,0
A_47,2026-09-11T15:51:27.119384,12.971200000000001,77.5946,1.5,180.0,2.737783787538093,978.5153544720091,0.0,180.0,HIGH,0
A_47,2026-09-11T15:51:32.119384,12.971100000000002,77.5946,1.5,180.0,4.396626037851814,989.634847136439,0.0,180.0,HIGH,0
A_47,2026-09-11T15:51:37.119384,12.971000000000002,77.5946,1.5,180.0,7.467870684573759,1000.754339800869,0.0,180.0,HIGH,0
A_47,2026-09-11T15:51:42.119384,12.970900000000002,77.5946,1.5,180.0,2.978015826887674,1011.8738324652991,0.0,180.0,HIGH,0
A_47,2026-09-11T15:51:47.119384,12.970800000000002,77.5946,1.5,180.0,5.722218598904435,1022.9933251297289,0.0,180.0,HIGH,0
A_47,2026-09-11T15:51:52.119384,12.970700000000003,77.5946,1.5,180.0,2.402881304001535,1034.112817794159,0.0,180.0,HIGH,0
A_47,2026-09-11T15:51:57.119384,12.970600000000003,77.5946,1.5,180.0,5.703773373608005,1045.232310458589,0.0,180.0,HIGH,0
A_47,2026-09-11T15:52:02.119384,12.970500000000003,77.5946,1.5,180.0,2.587274433005338,1056.3518031230187,0.0,180.0,HIGH,0
A_47,2026-09-11T15:52:07.119384,12.970400000000003,77.5946,1.5,180.0,4.165151596595122,1067.4712957874488,0.0,180.0,HIGH,0
A_47,2026-09-11T15:52:12.119384,12.970300000000003,77.5946,1.5,180.0,3.8242665792834254,1078.5907884518788,0.0,180.0,HIGH,0
A_47,2026-09-11T15:52:17.119384,12.970200000000004,77.5946,1.5,180.0,2.764468310371301,1089.7102811163088,0.0,180.0,HIGH,0
A_47,2026-09-11T15:52:22.119384,12.970100000000004,77.5946,1.5,180.0,8.156518799910195,1100.8297737807388,0.0,180.0,HIGH,0
A_47,2026-09-11T15:52:27.119384,12.970000000000004,77.5946,1.5,180.0,5.4959251012122845,1111.9492664451686,0.0,180.0,HIGH,0
A_47,2026-09-11T15:52:32.119384,12.969900000000004,77.5946,1.5,180.0,6.445138937091809,1123.0687591095987,0.0,180.0,HIGH,0
A_47,2026-09-11T15:52:37.119384,12.969800000000005,77.5946,1.5,180.0,2.658609646706177,1134.1882517740285,0.0,180.0,HIGH,0
A_47,2026-09-11T15:52:42.119384,12.969700000000005,77.5946,1.5,180.0,5.626478772585506,1145.3077444384585,0.0,180.0,HIGH,0
A_48,2026-09-11T15:51:07.120399,12.9716,77.5946,1.5,180.0,5.511107238775565,934.0373838142893,0.0,180.0,HIGH,0
A_48,2026-09-11T15:51:12.120399,12.9715,77.5946,1.5,180.0,9.73491352967497,945.1568764787194,0.0,180.0,HIGH,0
A_48,2026-09-11T15:51:17.120399,12.971400000000001,77.5946,1.5,180.0,2.3188812666688063,956.2763691431493,0.0,180.0,HIGH,0
A_48,2026-09-11T15:51:22.120399,12.971300000000001,77.5946,1.5,180.0,8.722672030076378,967.3958618075791,0.0,180.0,HIGH,0
A_48,2026-09-11T15:51:27.120399,12.971200000000001,77.5946,1.5,180.0,8.162845948573437,978.5153544720091,0.0,180.0,HIGH,0
A_48,2026-09-11T15:51:32.120399,12.971100000000002,77.5946,1.5,180.0,7.471485876862111,989.634847136439,0.0,180.0,HIGH,0
A_48,2026-09-11T15:51:37.120399,12.971000000000002,77.5946,1.5,180.0,5.524192268203954,1000.754339800869,0.0,180.0,HIGH,0
A_48,2026-09-11T15:51:42.120399,12.970900000000002,77.5946,1.5,180.0,7.041295958190734,1011.8738324652991,0.0,180.0,HIGH,0
A_48,2026-09-11T15:51:47.120399,12.970800000000002,77.5946,1.5,180.0,8.440122095727098,1022.9933251297289,0.0,180.0,HIGH,0
A_48,2026-09-11T15:51:52.120399,12.970700000000003,77.5946,1.5,180.0,7.486345587898192,1034.112817794159,0.0,180.0,HIGH,0
A_48,2026-09-11T15:51:57.120399,12.970600000000003,77.5946,1.5,180.0,2.013933857036437,1045.232310458589,0.0,180.0,HIGH,0
A_48,2026-09-11T15:52:02.120399,12.970500000000003,77.5946,1.5,180.0,8.452221578012445,1056.3518031230187,0.0,180.0,HIGH,0
A_48,2026-09-11T15:52:07.120399,12.970400000000003,77.5946,1.5,180.0,2.8908501355261462,1067.4712957874488,0.0,180.0,HIGH,0
A_48,2026-09-11T15:52:12.120399,12.970300000000003,77.5946,1.5,180.0,7.759711108379639,1078.5907884518788,0.0,180.0,HIGH,0
A_48,2026-09-11T15:52:17.120399,12.970200000000004,77.5946,1.5,180.0,8.601453204148102,1089.7102811163088,0.0,180.0,HIGH,0
A_48,2026-09-11T15:52:22.120399,12.970100000000004,77.5946,1.5,180.0,8.913718502573865,1100.8297737807388,0.0,180.0,HIGH,0
A_48,2026-09-11T15:52:27.120399,12.970000000000004,77.5946,1.5,180.0,3.4112803570874846,1111.9492664451686,0.0,180.0,HIGH,0
A_48,2026-09-11T15:52:32.120399,12.969900000000004,77.5946,1.5,180.0,9.081510109996312,1123.0687591095987,0.0,180.0,HIGH,0
A_48,2026-09-11T15:52:37.120399,12.969800000000005,77.5946,1.5,180.0,7.193082083819861,1134.1882517740285,0.0,180.0,HIGH,0
A_48,2026-09-11T15:52:42.120399,12.969700000000005,77.5946,1.5,180.0,5.446249874952377,1145.3077444384585,0.0,180.0,HIGH,0
A_49,2026-09-11T15:51:07.120399,12.9716,77.5946,1.5,180.0,9.649647604792694,934.0373838142893,0.0,180.0,HIGH,0
A_49,2026-09-11T15:51:12.120399,12.9715,77.5946,1.5,180.0,3.171453649883012,945.1568764787194,0.0,180.0,HIGH,0
A_49,2026-09-11T15:51:17.120399,12.971400000000001,77.5946,1.5,180.0,8.978445530612547,956.2763691431493,0.0,180.0,HIGH,0
A_49,2026-09-11T15:51:22.120399,12.971300000000001,77.5946,1.5,180.0,8.015963805287946,967.3958618075791,0.0,180.0,HIGH,0
A_49,2026-09-11T15:51:27.120399,12.971200000000001,77.5946,1.5,180.0,3.107796418019788,978.5153544720091,0.0,180.0,HIGH,0
A_49,2026-09-11T15:51:32.120399,12.971100000000002,77.5946,1.5,180.0,7.154796219755744,989.634847136439,0.0,180.0,HIGH,0
A_49,2026-09-11T15:51:37.120399,12.971000000000002,77.5946,1.5,180.0,4.794665628053827,1000.754339800869,0.0,180.0,HIGH,0
A_49,2026-09-11T15:51:42.120399,12.970900000000002,77.5946,1.5,180.0,4.157242008797107,1011.8738324652991,0.0,180.0,HIGH,0
A_49,2026-09-11T15:51:47.120399,12.970800000000002,77.5946,1.5,180.0,9.985786086311277,1022.9933251297289,0.0,180.0,HIGH,0
A_49,2026-09-11T15:51:52.120399,12.970700000000003,77.5946,1.5,180.0,8.390206956377689,1034.112817794159,0.0,180.0,HIGH,0
A_49,2026-09-11T15:51:57.120399,12.970600000000003,77.5946,1.5,180.0,7.6831644778762325,1045.232310458589,0.0,180.0,HIGH,0
A_49,2026-09-11T15:52:02.120399,12.970500000000003,77.5946,1.5,180.0,8.39055520919553,1056.3518031230187,0.0,180.0,HIGH,0
A_49,2026-09-11T15:52:07.120399,12.970400000000003,77.5946,1.5,180.0,7.869756344388949,1067.4712957874488,0.0,180.0,HIGH,0
A_49,2026-09-11T15:52:12.120399,12.970300000000003,77.5946,1.5,180.0,5.727443641147228,1078.5907884518788,0.0,180.0,HIGH,0
A_49,2026-09-11T15:52:17.120399,12.970200000000004,77.5946,1.5,180.0,7.1132545567025725,1089.7102811163088,0.0,180.0,HIGH,0
A_49,2026-09-11T15:52:22.120399,12.970100000000004,77.5946,1.5,180.0,9.646946628552136,1100.8297737807388,0.0,180.0,HIGH,0
A_49,2026-09-11T15:52:27.120399,12.970000000000004,77.5946,1.5,180.0,3.5203725052989325,1111.9492664451686,0.0,180.0,HIGH,0
A_49,2026-09-11T15:52:32.120399,12.969900000000004,77.5946,1.5,180.0,7.248766087428628,1123.0687591095987,0.0,180.0,HIGH,0
A_49,2026-09-11T15:52:37.120399,12.969800000000005,77.5946,1.5,180.0,7.215809659071367,1134.1882517740285,0.0,180.0,HIGH,0
A_49,2026-09-11T15:52:42.120399,12.969700000000005,77.5946,1.5,180.0,3.9508125257991873,1145.3077444384585,0.0,180.0,HIGH,0
B_0,2026-09-11T15:51:07.121397,12.9716,77.5946,1.5,89.99998877599336,2.030719426594959,378.06275059140876,0.0,89.99998877599336,HIGH,0
B_0,2026-09-11T15:51:12.121397,12.9716,77.5947,1.5,89.99998877599336,5.387709728466289,378.21799934163187,358.35830499244616,91.6416837835472,HIGH,0
B_0,2026-09-11T15:51:17.121397,12.9716,77.5948,1.5,89.99998877599336,4.263903118541906,378.6833637086813,356.7193012640899,93.28068751190347,HIGH,0
B_0,2026-09-11T15:51:22.121397,12.9716,77.59490000000001,1.5,89.99998877599336,3.6311049807713607,379.4577027231705,355.08565371660274,94.91433505939062,HIGH,0
B_0,2026-09-11T15:51:27.121397,12.9716,77.59500000000001,1.5,89.99998877599336,9.956279420244012,380.53913024110983,353.4599751393991,96.54001363659427,HIGH,0
B_0,2026-09-11T15:51:32.121397,12.9716,77.59510000000002,1.5,89.99998877599336,4.075001620083403,381.9250376917757,351.84480173287386,98.1551870431195,HIGH,0
B_0,2026-09-11T15:51:37.121397,12.9716,77.59520000000002,1.5,89.99998877599336,6.4431665588035845,383.6121250293812,350.24257044439923,99.75741833159412,HIGH,0
B_0,2026-09-11T15:51:42.121397,12.9716,77.59530000000002,1.5,89.99998877599336,4.024802702450474,385.5964390470174,348.6555986001308,101.34439017586254,HIGH,0
B_0,2026-09-11T15:51:47.121397,12.9716,77.59540000000003,1.5,89.99998877599336,8.91563709116953,387.87341804306686,347.0860662117394,102.91392256425394,HIGH,0
B_0,2026-09-11T15:51:52.121397,12.9716,77.59550000000003,1.5,89.99998877599336,3.2165746499450316,390.4379417085025,345.53600123389936,104.463987542094,HIGH,0
B_0,2026-09-11T15:51:57.121397,12.9716,77.59560000000003,1.5,89.99998877599336,6.622870835382401,393.2843850310112,344.0072679341583,105.99272084183508,HIGH,0
B_0,2026-09-11T15:52:02.121397,12.9716,77.59570000000004,1.5,89.99998877599336,7.059810476691638,396.40667498839804,342.50155842842963,107.49843034756373,HIGH,0
B_0,2026-09-11T15:52:07.121397,12.9716,77.59580000000004,1.5,89.99998877599336,6.971101365114298,399.7983488259825,341.02038732810786,108.9796014478855,HIGH,0
B_0,2026-09-11T15:52:12.121397,12.9716,77.59590000000004,1.5,89.99998877599336,8.291608025840253,403.4526127751481,339.5650893615277,110.43489941446563,HIGH,0
B_0,2026-09-11T15:52:17.121397,12.9716,77.59600000000005,1.5,89.99998877599336,7.720058098637945,407.3624001656169,338.13681975046177,111.86316902553159,HIGH,0
B_0,2026-09-11T15:52:22.121397,12.9716,77.59610000000005,1.5,89.99998877599336,4.014476854372557,411.5204280042209,336.7365570686278,113.26343170736556,HIGH,0
B_0,2026-09-11T15:52:27.121397,12.9716,77.59620000000005,1.5,89.99998877599336,5.024927815302577,415.919251229548,335.36510826894335,114.63488050705001,HIGH,0
B_0,2026-09-11T15:52:32.121397,12.9716,77.59630000000006,1.5,89.99998877599336,4.456853061023834,420.5513139967628,334.0231155403869,115.97687323560643,HIGH,0
B_0,2026-09-11T15:52:37.121397,12.9716,77.59640000000006,1.5,89.99998877599336,5.194275011531,425.40899749293567,332.7110646538927,117.28892412210064,HIGH,0
B_0,2026-09-11T15:52:42.121397,12.9716,77.59650000000006,1.5,89.99998877599336,4.841521483559115,430.4846639242439,331.42929445693966,118.5706943190537,HIGH,0
B_1,2026-09-11T15:51:07.121397,12.9716,77.5946,1.5,89.99998877599336,3.1238805148436013,378.06275059140876,0.0,89.99998877599336,HIGH,0
B_1,2026-09-11T15:51:12.121397,12.9716,77.5947,1.5,89.99998877599336,7.367874781880174,378.21799934163187,358.35830499244616,91.6416837835472,HIGH,0
B_1,2026-09-11T15:51:17.121397,12.9716,77.5948,1.5,89.99998877599336,3.075052963633593,378.6833637086813,356.7193012640899,93.28068751190347,HIGH,0
B_1,2026-09-11T15:51:22.121397,12.9716,77.59490000000001,1.5,89.99998877599336,3.3366054732693033,379.4577027231705,355.08565371660274,94.91433505939062,HIGH,0
B_1,2026-09-11T15:51:27.121397,12.9716,77.59500000000001,1.5,89.99998877599336,5.725666801122228,380.53913024110983,353.4599751393991,96.54001363659427,HIGH,0
B_1,2026-09-11T15:51:32.121397,12.9716,77.59510000000002,1.5,89.99998877599336,9.00539378105239,381.9250376917757,351.84480173287386,98.1551870431195,HIGH,0
B_1,2026-09-11T15:51:37.121397,12.9716,77.59520000000002,1.5,89.99998877599336,5.672550476385858,383.6121250293812,350.24257044439923,99.75741833159412,HIGH,0
B_1,2026-09-11T15:51:42.121397,12.9716,77.59530000000002,1.5,89.99998877599336,9.954200120684565,385.5964390470174,348.6555986001308,101.34439017586254,HIGH,0
B_1,2026-09-11T15:51:47.121397,12.9716,77.59540000000003,1.5,89.99998877599336,7.1070352560946795,387.87341804306686,347.0860662117394,102.91392256425394,HIGH,0
B_1,2026-09-11T15:51:52.121397,12.9716,77.59550000000003,1.5,89.99998877599336,2.8135276101648703,390.4379417085025,345.53600123389936,104.463987542094,HIGH,0
B_1,2026-09-11T15:51:57.121397,12.9716,77.59560000000003,1.5,89.99998877599336,9.40711894098511,393.2843850310112,344.0072679341583,105.99272084183508,HIGH,0
B_1,2026-09-11T15:52:02.121397,12.9716,77.59570000000004,1.5,89.99998877599336,9.377380409877532,396.40667498839804,342.50155842842963,107.49843034756373,HIGH,0
B_1,2026-09-11T15:52:07.121397,12.9716,77.59580000000004,1.5,89.99998877599336,8.552662446055788,399.7983488259825,341.02038732810786,108.9796014478855,HIGH,0
B_1,2026-09-11T15:52:12.121397,12.9716,77.59590000000004,1.5,89.99998877599336,4.283358172557098,403.4526127751481,339.5650893615277,110.43489941446563,HIGH,0
B_1,2026-09-11T15:52:17.121397,12.9716,77.59600000000005,1.5,89.99998877599336,8.12625300175404,407.3624001656169,338.13681975046177,111.86316902553159,HIGH,0
B_1,2026-09-11T15:52:22.121397,12.9716,77.59610000000005,1.5,89.99998877599336,9.545192118694857,411.5204280042209,336.7365570686278,113.26343170736556,HIGH,0
B_1,2026-09-11T15:52:27.121397,12.9716,77.59620000000005,1.5,89.99998877599336,6.902433428503373,415.919251229548,335.36510826894335,114.63488050705001,HIGH,0
B_1,2026-09-11T15:52:32.121397,12.9716,77.59630000000006,1.5,89.99998877599336,4.92745534624068,420.5513139967628,334.0231155403869,115.97687323560643,HIGH,0
B_1,2026-09-11T15:52:37.121397,12.9716,77.59640000000006,1.5,89.99998877599336,6.724783930798588,425.40899749293567,332.7110646538927,117.28892412210064,HIGH,0
B_1,2026-09-11T15:52:42.121397,12.9716,77.59650000000006,1.5,89.99998877599336,5.900495309031003,430.4846639242439,331.42929445693966,118.5706943190537,HIGH,0
B_2,2026-09-11T15:51:07.122404,12.9716,77.5946,1.5,89.99998877599336,4.7008044517595255,378.06275059140876,0.0,89.99998877599336,HIGH,0
B_2,2026-09-11T15:51:12.122404,12.9716,77.5947,1.5,89.99998877599336,7.165627252420742,378.21799934163187,358.35830499244616,91.6416837835472,HIGH,0
B_2,2026-09-11T15:51:17.122404,12.9716,77.5948,1.5,89.99998877599336,6.448265890123466,378.6833637086813,356.7193012640899,93.28068751190347,HIGH,0
B_2,2026-09-11T15:51:22.122404,12.9716,77.59490000000001,1.5,89.99998877599336,9.295961942549372,379.4577027231705,355.08565371660274,94.91433505939062,HIGH,0
B_2,2026-09-11T15:51:27.122404,12.9716,77.59500000000001,1.5,89.99998877599336,8.163332678467139,380.53913024110983,353.4599751393991,96.54001363659427,HIGH,0
B_2,2026-09-11T15:51:32.122404,12.9716,77.59510000000002,1.5,89.99998877599336,2.0263890998907925,381.9250376917757,351.84480173287386,98.1551870431195,HIGH,0
B_2,2026-09-11T15:51:37.122404,12.9716,77.59520000000002,1.5,89.99998877599336,3.788802941333227,383.6121250293812,350.24257044439923,99.75741833159412,HIGH,0
B_2,2026-09-11T15:51:42.122404,12.9716,77.59530000000002,1.5,89.99998877599336,6.4855900384026635,385.5964390470174,348.6555986001308,101.34439017586254,HIGH,0
B_2,2026-09-11T15:51:47.122404,12.9716,77.59540000000003,1.5,89.99998877599336,2.1862438339285877,387.87341804306686,347.0860662117394,102.91392256425394,HIGH,0
B_2,2026-09-11T15:51:52.122404,12.9716,77.59550000000003,1.5,89.99998877599336,8.177734951033116,390.4379417085025,345.53600123389936,104.463987542094,HIGH,0
B_2,2026-09-11T15:51:57.122404,12.9716,77.59560000000003,1.5,89.99998877599336,2.8894807835714094,393.2843850310112,344.0072679341583,105.99272084183508,HIGH,0
B_2,2026-09-11T15:52:02.122404,12.9716,77.59570000000004,1.5,89.99998877599336,9.589484688389037,396.40667498839804,342.50155842842963,107.49843034756373,HIGH,0
B_2,2026-09-11T15:52:07.122404,12.9716,77.59580000000004,1.5,89.99998877599336,2.6012757845457752,399.7983488259825,341.02038732810786,108.9796014478855,HIGH,0
B_2,2026-09-11T15:52:12.122404,12.9716,77.59590000000004,1.5,89.99998877599336,2.4920884760424133,403.4526127751481,339.5650893615277,110.43489941446563,HIGH,0
B_2,2026-09-11T15:52:17.122404,12.9716,77.59600000000005,1.5,89.99998877599336,4.023487092044835,407.3624001656169,338.13681975046177,111.86316902553159,HIGH,0
B_2,2026-09-11T15:52:22.122404,12.9716,77.59610000000005,1.5,89.99998877599336,7.690624311287369,411.5204280042209,336.7365570686278,113.26343170736556,HIGH,0
B_2,2026-09-11T15:52:27.122404,12.9716,77.59620000000005,1.5,89.99998877599336,4.79115943343066,415.919251229548,335.36510826894335,114.63488050705001,HIGH,0
B_2,2026-09-11T15:52:32.122404,12.9716,77.59630000000006,1.5,89.99998877599336,8.08458801667516,420.5513139967628,334.0231155403869,115.97687323560643,HIGH,0
B_2,2026-09-11T15:52:37.122404,12.9716,77.59640000000006,1.5,89.99998877599336,9.194840007680682,425.40899749293567,332.7110646538927,117.28892412210064,HIGH,0
B_2,2026-09-11T15:52:42.122404,12.9716,77.59650000000006,1.5,89.99998877599336,7.043660625168975,430.4846639242439,331.42929445693966,118.5706943190537,HIGH,0
B_3,2026-09-11T15:51:07.122404,12.9716,77.5946,1.5,89.99998877599336,7.496562515494891,378.06275059140876,0.0,89.99998877599336,HIGH,0
B_3,2026-09-11T15:51:12.122404,12.9716,77.5947,1.5,89.99998877599336,5.36961359745466,378.21799934163187,358.35830499244616,91.6416837835472,HIGH,0
B_3,2026-09-11T15:51:17.122404,12.9716,77.5948,1.5,89.99998877599336,6.7481548043732005,378.6833637086813,356.7193012640899,93.28068751190347,HIGH,0
B_3,2026-09-11T15:51:22.122404,12.9716,77.59490000000001,1.5,89.99998877599336,9.578796934538921,379.4577027231705,355.08565371660274,94.91433505939062,HIGH,0
B_3,2026-09-11T15:51:27.122404,12.9716,77.59500000000001,1.5,89.99998877599336,3.6599281419434035,380.53913024110983,353.4599751393991,96.54001363659427,HIGH,0
B_3,2026-09-11T15:51:32.122404,12.9716,77.59510000000002,1.5,89.99998877599336,5.889954250728529,381.9250376917757,351.84480173287386,98.1551870431195,HIGH,0
B_3,2026-09-11T15:51:37.122404,12.9716,77.59520000000002,1.5,89.99998877599336,8.639768621701734,383.6121250293812,350.24257044439923,99.75741833159412,HIGH,0
B_3,2026-09-11T15:51:42.122404,12.9716,77.59530000000002,1.5,89.99998877599336,7.706558338452354,385.5964390470174,348.6555986001308,101.34439017586254,HIGH,0
B_3,2026-09-11T15:51:47.122404,12.9716,77.59540000000003,1.5,89.99998877599336,9.526142621559424,387.87341804306686,347.0860662117394,102.91392256425394,HIGH,0
B_3,2026-09-11T15:51:52.122404,12.9716,77.59550000000003,1.5,89.99998877599336,4.0706784076742455,390.4379417085025,345.53600123389936,104.463987542094,HIGH,0
B_3,2026-09-11T15:51:57.122404,12.9716,77.59560000000003,1.5,89.99998877599336,3.148420225576287,393.2843850310112,344.0072679341583,105.99272084183508,HIGH,0
B_3,2026-09-11T15:52:02.122404,12.9716,77.59570000000004,1.5,89.99998877599336,8.385926307130799,396.40667498839804,342.50155842842963,107.49843034756373,HIGH,0
B_3,2026-09-11T15:52:07.122404,12.9716,77.59580000000004,1.5,89.99998877599336,8.752435750675712,399.7983488259825,341.02038732810786,108.9796014478855,HIGH,0
B_3,2026-09-11T15:52:12.122404,12.9716,77.59590000000004,1.5,89.99998877599336,4.304186879625619,403.4526127751481,339.5650893615277,110.43489941446563,HIGH,0
B_3,2026-09-11T15:52:17.122404,12.9716,77.59600000000005,1.5,89.99998877599336,4.657579504445751,407.3624001656169,338.13681975046177,111.86316902553159,HIGH,0
B_3,2026-09-11T15:52:22.122404,12.9716,77.59610000000005,1.5,89.99998877599336,6.366515469604891,411.5204280042209,336.7365570686278,113.26343170736556,HIGH,0
B_3,2026-09-11T15:52:27.122404,12.9716,77.59620000000005,1.5,89.99998877599336,5.038592074464011,415.919251229548,335.36510826894335,114.63488050705001,HIGH,0
B_3,2026-09-11T15:52:32.122404,12.9716,77.59630000000006,1.5,89.99998877599336,4.899852684282826,420.5513139967628,334.0231155403869,115.97687323560643,HIGH,0
B_3,2026-09-11T15:52:37.122404,12.9716,77.59640000000006,1.5,89.99998877599336,8.179815997833877,425.40899749293567,332.7110646538927,117.28892412210064,HIGH,0
B_3,2026-09-11T15:52:42.122404,12.9716,77.59650000000006,1.5,89.99998877599336,4.669951449341412,430.4846639242439,331.42929445693966,118.5706943190537,HIGH,0
B_4,2026-09-11T15:51:07.123398,12.9716,77.5946,1.5,89.99998877599336,3.0771047353585708,378.06275059140876,0.0,89.99998877599336,HIGH,0
B_4,2026-09-11T15:51:12.123398,12.9716,77.5947,1.5,89.99998877599336,4.739236663550002,378.21799934163187,358.35830499244616,91.6416837835472,HIGH,0
B_4,2026-09-11T15:51:17.123398,12.9716,77.5948,1.5,89.99998877599336,8.035993984712489,378.6833637086813,356.7193012640899,93.28068751190347,HIGH,0
B_4,2026-09-11T15:51:22.123398,12.9716,77.59490000000001,1.5,89.99998877599336,7.140792484509416,379.4577027231705,355.08565371660274,94.91433505939062,HIGH,0
B_4,2026-09-11T15:51:27.123398,12.9716,77.59500000000001,1.5,89.99998877599336,4.067071189037318,380.53913024110983,353.4599751393991,96.54001363659427,HIGH,0
B_4,2026-09-11T15:51:32.123398,12.9716,77.59510000000002,1.5,89.99998877599336,6.090263970384175,381.9250376917757,351.84480173287386,98.1551870431195,HIGH,0
B_4,2026-09-11T15:51:37.123398,12.9716,77.59520000000002,1.5,89.99998877599336,8.524868949853154,383.6121250293812,350.24257044439923,99.75741833159412,HIGH,0
B_4,2026-09-11T15:51:42.123398,12.9716,77.59530000000002,1.5,89.99998877599336,2.2656683418031625,385.5964390470174,348.6555986001308,101.34439017586254,HIGH,0
B_4,2026-09-11T15:51:47.123398,12.9716,77.59540000000003,1.5,89.99998877599336,9.323768979878068,387.87341804306686,347.0860662117394,102.91392256425394,HIGH,0
B_4,2026-09-11T15:51:52.123398,12.9716,77.59550000000003,1.5,89.99998877599336,8.093806413474084,390.4379417085025,345.53600123389936,104.463987542094,HIGH,0
B_4,2026-09-11T15:51:57.123398,12.9716,77.59560000000003,1.5,89.99998877599336,6.2095435595213235,393.2843850310112,344.0072679341583,105.99272084183508,HIGH,0
B_4,2026-09-11T15:52:02.123398,12.9716,77.59570000000004,1.5,89.99998877599336,4.556256165792352,396.40667498839804,342.50155842842963,107.49843034756373,HIGH,0
B_4,2026-09-11T15:52:07.123398,12.9716,77.59580000000004,1.5,89.99998877599336,2.708454754248261,399.7983488259825,341.02038732810786,108.9796014478855,HIGH,0
B_4,2026-09-11T15:52:12.123398,12.9716,77.59590000000004,1.5,89.99998877599336,6.965569560068132,403.4526127751481,339.5650893615277,110.43489941446563,HIGH,0
B_4,2026-09-11T15:52:17.123398,12.9716,77.59600000000005,1.5,89.99998877599336,4.110621045957693,407.3624001656169,338.13681975046177,111.86316902553159,HIGH,0
B_4,2026-09-11T15:52:22.123398,12.9716,77.59610000000005,1.5,89.99998877599336,3.2650342792684874,411.5204280042209,336.7365570686278,113.26343170736556,HIGH,0
B_4,2026-09-11T15:52:27.123398,12.9716,77.59620000000005,1.5,89.99998877599336,3.607728365592207,415.919251229548,335.36510826894335,114.63488050705001,HIGH,0
B_4,2026-09-11T15:52:32.123398,12.9716,77.59630000000006,1.5,89.99998877599336,4.727121937947333,420.5513139967628,334.0231155403869,115.97687323560643,HIGH,0
B_4,2026-09-11T15:52:37.123398,12.9716,77.59640000000006,1.5,89.99998877599336,6.326577748082033,425.40899749293567,332.7110646538927,117.28892412210064,HIGH,0
B_4,2026-09-11T15:52:42.123398,12.9716,77.59650000000006,1.5,89.99998877599336,5.283292880521804,430.4846639242439,331.42929445693966,118.5706943190537,HIGH,0
B_5,2026-09-11T15:51:07.123398,12.9716,77.5946,1.5,89.99998877599336,5.5195523132314355,378.06275059140876,0.0,89.99998877599336,HIGH,0
B_5,2026-09-11T15:51:12.123398,12.9716,77.5947,1.5,89.99998877599336,2.2925161761983643,378.21799934163187,358.35830499244616,91.6416837835472,HIGH,0
B_5,2026-09-11T15:51:17.123398,12.9716,77.5948,1.5,89.99998877599336,8.045832076476895,378.6833637086813,356.7193012640899,93.28068751190347,HIGH,0
B_5,2026-09-11T15:51:22.123398,12.9716,77.59490000000001,1.5,89.99998877599336,3.2383175602507865,379.4577027231705,355.08565371660274,94.91433505939062,HIGH,0
B_5,2026-09-11T15:51:27.123398,12.9716,77.59500000000001,1.5,89.99998877599336,5.88402983229519,380.53913024110983,353.4599751393991,96.54001363659427,HIGH,0
B_5,2026-09-11T15:51:32.123398,12.9716,77.59510000000002,1.5,89.99998877599336,8.016622852532649,381.9250376917757,351.84480173287386,98.1551870431195,HIGH,0
B_5,2026-09-11T15:51:37.123398,12.9716,77.59520000000002,1.5,89.99998877599336,3.386008229154161,383.6121250293812,350.24257044439923,99.75741833159412,HIGH,0
B_5,2026-09-11T15:51:42.123398,12.9716,77.59530000000002,1.5,89.99998877599336,4.126422838042249,385.5964390470174,348.6555986001308,101.34439017586254,HIGH,0
B_5,2026-09-11T15:51:47.123398,12.9716,77.59540000000003,1.5,89.99998877599336,3.201428162790796,387.87341804306686,347.0860662117394,102.91392256425394,HIGH,0
B_5,2026-09-11T15:51:52.123398,12.9716,77.59550000000003,1.5,89.99998877599336,3.5614816992231617,390.4379417085025,345.53600123389936,104.463987542094,HIGH,0
B_5,2026-09-11T15:51:57.123398,12.9716,77.59560000000003,1.5,89.99998877599336,7.486746306132636,393.2843850310112,344.0072679341583,105.99272084183508,HIGH,0
B_5,2026-09-11T15:52:02.123398,12.9716,77.59570000000004,1.5,89.99998877599336,7.575031977033526,396.40667498839804,342.50155842842963,107.49843034756373,HIGH,0
B_5,2026-09-11T15:52:07.123398,12.9716,77.59580000000004,1.5,89.99998877599336,8.04573305567533,399.7983488259825,341.02038732810786,108.9796014478855,HIGH,0
B_5,2026-09-11T15:52:12.123398,12.9716,77.59590000000004,1.5,89.99998877599336,4.187504248719054,403.4526127751481,339.5650893615277,110.43489941446563,HIGH,0
B_5,2026-09-11T15:52:17.123398,12.9716,77.59600000000005,1.5,89.99998877599336,8.896618934815413,407.3624001656169,338.13681975046177,111.86316902553159,HIGH,0
B_5,2026-09-11T15:52:22.123398,12.9716,77.59610000000005,1.5,89.99998877599336,9.007059566241377,411.5204280042209,336.7365570686278,113.26343170736556,HIGH,0
B_5,2026-09-11T15:52:27.123398,12.9716,77.59620000000005,1.5,89.99998877599336,7.251409820636096,415.919251229548,335.36510826894335,114.63488050705001,HIGH,0
B_5,2026-09-11T15:52:32.123398,12.9716,77.59630000000006,1.5,89.99998877599336,8.082135819318761,420.5513139967628,334.0231155403869,115.97687323560643,HIGH,0
B_5,2026-09-11T15:52:37.123398,12.9716,77.59640000000006,1.5,89.99998877599336,6.993148816288155,425.40899749293567,332.7110646538927,117.28892412210064,HIGH,0
B_5,2026-09-11T15:52:42.123398,12.9716,77.59650000000006,1.5,89.99998877599336,4.234908718495233,430.4846639242439,331.42929445693966,118.5706943190537,HIGH,0
B_6,2026-09-11T15:51:07.124397,12.9716,77.5946,1.5,89.99998877599336,5.707362689451654,378.06275059140876,0.0,89.99998877599336,HIGH,0
B_6,2026-09-11T15:51:12.124397,12.9716,77.5947,1.5,89.99998877599336,9.102624433355661,378.21799934163187,358.35830499244616,91.6416837835472,HIGH,0
B_6,2026-09-11T15:51:17.124397,12.9716,77.5948,1.5,89.99998877599336,6.908885166710885,378.6833637086813,356.7193012640899,93.28068751190347,HIGH,0
B_6,2026-09-11T15:51:22.124397,12.9716,77.59490000000001,1.5,89.99998877599336,8.952440555935642,379.4577027231705,355.08565371660274,94.91433505939062,HIGH,0
B_6,2026-09-11T15:51:27.124397,12.9716,77.59500000000001,1.5,89.99998877599336,9.494017061708243,380.53913024110983,353.4599751393991,96.54001363659427,HIGH,0
B_6,2026-09-11T15:51:32.124397,12.9716,77.59510000000002,1.5,89.99998877599336,9.846455278747193,381.9250376917757,351.84480173287386,98.1551870431195,HIGH,0
B_6,2026-09-11T15:51:37.124397,12.9716,77.59520000000002,1.5,89.99998877599336,9.177188036380258,383.6121250293812,350.24257044439923,99.75741833159412,HIGH,0
B_6,2026-09-11T15:51:42.124397,12.9716,77.59530000000002,1.5,89.99998877599336,4.619929412026765,385.5964390470174,348.6555986001308,101.34439017586254,HIGH,0
B_6,2026-09-11T15:51:47.124397,12.9716,77.59540000000003,1.5,89.99998877599336,2.571087174683578,387.87341804306686,347.0860662117394,102.91392256425394,HIGH,0
B_6,2026-09-11T15:51:52.124397,12.9716,77.59550000000003,1.5,89.99998877599336,2.141387334818396,390.4379417085025,345.53600123389936,104.463987542094,HIGH,0
B_6,2026-09-11T15:51:57.124397,12.9716,77.59560000000003,1.5,89.99998877599336,8.745607262759407,393.2843850310112,344.0072679341583,105.99272084183508,HIGH,0
B_6,2026-09-11T15:52:02.124397,12.9716,77.59570000000004,1.5,89.99998877599336,6.397287808681488,396.40667498839804,342.50155842842963,107.49843034756373,HIGH,0
B_6,2026-09-11T15:52:07.124397,12.9716,77.59580000000004,1.5,89.99998877599336,2.1677008113759006,399.7983488259825,341.02038732810786,108.9796014478855,HIGH,0
B_6,2026-09-11T15:52:12.124397,12.9716,77.59590000000004,1.5,89.99998877599336,5.108849447523464,403.4526127751481,339.5650893615277,110.43489941446563,HIGH,0
B_6,2026-09-11T15:52:17.124397,12.9716,77.59600000000005,1.5,89.99998877599336,4.902292863785901,407.3624001656169,338.13681975046177,111.86316902553159,HIGH,0
B_6,2026-09-11T15:52:22.124397,12.9716,77.59610000000005,1.5,89.99998877599336,5.0726571735937735,411.5204280042209,336.7365570686278,113.26343170736556,HIGH,0
B_6,2026-09-11T15:52:27.124397,12.9716,77.59620000000005,1.5,89.99998877599336,8.197452744873985,415.919251229548,335.36510826894335,114.63488050705001,HIGH,0
B_6,2026-09-11T15:52:32.124397,12.9716,77.59630000000006,1.5,89.99998877599336,3.548687927552665,420.5513139967628,334.0231155403869,115.97687323560643,HIGH,0
B_6,2026-09-11T15:52:37.124397,12.9716,77.59640000000006,1.5,89.99998877599336,7.588740145866325,425.40899749293567,332.7110646538927,117.28892412210064,HIGH,0
B_6,2026-09-11T15:52:42.124397,12.9716,77.59650000000006,1.5,89.99998877599336,9.684135749417111,430.4846639242439,331.42929445693966,118.5706943190537,HIGH,0
B_7,2026-09-11T15:51:07.124397,12.9716,77.5946,1.5,89.99998877599336,8.373614792792939,378.06275059140876,0.0,89.99998877599336,HIGH,0
B_7,2026-09-11T15:51:12.124397,12.9716,77.5947,1.5,89.99998877599336,6.017519829420078,378.21799934163187,358.35830499244616,91.6416837835472,HIGH,0
B_7,2026-09-11T15:51:17.124397,12.9716,77.5948,1.5,89.99998877599336,3.485596825975934,378.6833637086813,356.7193012640899,93.28068751190347,HIGH,0
B_7,2026-09-11T15:51:22.124397,12.9716,77.59490000000001,1.5,89.99998877599336,7.952732299392214,379.4577027231705,355.08565371660274,94.91433505939062,HIGH,0
B_7,2026-09-11T15:51:27.124397,12.9716,77.59500000000001,1.5,89.99998877599336,8.976247684003123,380.53913024110983,353.4599751393991,96.54001363659427,HIGH,0
B_7,2026-09-11T15:51:32.124397,12.9716,77.59510000000002,1.5,89.99998877599336,7.85189855838247,381.9250376917757,351.84480173287386,98.1551870431195,HIGH,0
B_7,2026-09-11T15:51:37.124397,12.9716,77.59520000000002,1.5,89.99998877599336,2.501915165070356,383.6121250293812,350.24257044439923,99.75741833159412,HIGH,0
B_7,2026-09-11T15:51:42.124397,12.9716,77.59530000000002,1.5,89.99998877599336,9.807771282098908,385.5964390470174,348.6555986001308,101.34439017586254,HIGH,0
B_7,2026-09-11T15:51:47.124397,12.9716,77.59540000000003,1.5,89.99998877599336,3.2166531916770076,387.87341804306686,347.0860662117394,102.91392256425394,HIGH,0
B_7,2026-09-11T15:51:52.124397,12.9716,77.59550000000003,1.5,89.99998877599336,4.701725248630923,390.4379417085025,345.53600123389936,104.463987542094,HIGH,0
B_7,2026-09-11T15:51:57.124397,12.9716,77.59560000000003,1.5,89.99998877599336,4.232457277203918,393.2843850310112,344.0072679341583,105.99272084183508,HIGH,0
B_7,2026-09-11T15:52:02.124397,12.9716,77.59570000000004,1.5,89.99998877599336,4.124404289071238,396.40667498839804,342.50155842842963,107.49843034756373,HIGH,0
B_7,2026-09-11T15:52:07.124397,12.9716,77.59580000000004,1.5,89.99998877599336,6.460999174609129,399.7983488259825,341.02038732810786,108.9796014478855,HIGH,0
B_7,2026-09-11T15:52:12.124397,12.9716,77.59590000000004,1.5,89.99998877599336,8.828369814925326,403.4526127751481,339.5650893615277,110.43489941446563,HIGH,0
B_7,2026-09-11T15:52:17.124397,12.9716,77.59600000000005,1.5,89.99998877599336,5.926816823476882,407.3624001656169,338.13681975046177,111.86316902553159,HIGH,0
B_7,2026-09-11T15:52:22.124397,12.9716,77.59610000000005,1.5,89.99998877599336,2.729709637089546,411.5204280042209,336.7365570686278,113.26343170736556,HIGH,0
B_7,2026-09-11T15:52:27.124397,12.9716,77.59620000000005,1.5,89.99998877599336,2.8940334307365267,415.919251229548,335.36510826894335,114.63488050705001,HIGH,0
B_7,2026-09-11T15:52:32.124397,12.9716,77.59630000000006,1.5,89.99998877599336,3.8134040742934445,420.5513139967628,334.0231155403869,115.97687323560643,HIGH,0
B_7,2026-09-11T15:52:37.124397,12.9716,77.59640000000006,1.5,89.99998877599336,4.535138853572944,425.40899749293567,332.7110646538927,117.28892412210064,HIGH,0
B_7,2026-09-11T15:52:42.124397,12.9716,77.59650000000006,1.5,89.99998877599336,8.013119037463579,430.4846639242439,331.42929445693966,118.5706943190537,HIGH,0
B_8,2026-09-11T15:51:07.125398,12.9716,77.5946,1.5,89.99998877599336,6.236443758364161,378.06275059140876,0.0,89.99998877599336,HIGH,0
B_8,2026-09-11T15:51:12.125398,12.9716,77.5947,1.5,89.99998877599336,8.2712649197777,378.21799934163187,358.35830499244616,91.6416837835472,HIGH,0
B_8,2026-09-11T15:51:17.125398,12.9716,77.5948,1.5,89.99998877599336,2.6560668243424885,378.6833637086813,356.7193012640899,93.28068751190347,HIGH,0
B_8,2026-09-11T15:51:22.125398,12.9716,77.59490000000001,1.5,89.99998877599336,2.98896306456866,379.4577027231705,355.08565371660274,94.91433505939062,HIGH,0
B_8,2026-09-11T15:51:27.125398,12.9716,77.59500000000001,1.5,89.99998877599336,2.8599497305294754,380.53913024110983,353.4599751393991,96.54001363659427,HIGH,0
B_8,2026-09-11T15:51:32.125398,12.9716,77.59510000000002,1.5,89.99998877599336,5.101229304497004,381.9250376917757,351.84480173287386,98.1551870431195,HIGH,0
B_8,2026-09-11T15:51:37.125398,12.9716,77.59520000000002,1.5,89.99998877599336,3.5544359665471825,383.6121250293812,350.24257044439923,99.75741833159412,HIGH,0
B_8,2026-09-11T15:51:42.125398,12.9716,77.59530000000002,1.5,89.99998877599336,4.44341216453909,385.5964390470174,348.6555986001308,101.34439017586254,HIGH,0
B_8,2026-09-11T15:51:47.125398,12.9716,77.59540000000003,1.5,89.99998877599336,7.232398310549811,387.87341804306686,347.0860662117394,102.91392256425394,HIGH,0
B_8,2026-09-11T15:51:52.125398,12.9716,77.59550000000003,1.5,89.99998877599336,4.021929297593127,390.4379417085025,345.53600123389936,104.463987542094,HIGH,0
B_8,2026-09-11T15:51:57.125398,12.9716,77.59560000000003,1.5,89.99998877599336,3.219023280508857,393.2843850310112,344.0072679341583,105.99272084183508,HIGH,0
B_8,2026-09-11T15:52:02.125398,12.9716,77.59570000000004,1.5,89.99998877599336,6.194729358860254,396.40667498839804,342.50155842842963,107.49843034756373,HIGH,0
B_8,2026-09-11T15:52:07.125398,12.9716,77.59580000000004,1.5,89.99998877599336,7.048425222259448,399.7983488259825,341.02038732810786,108.9796014478855,HIGH,0
B_8,2026-09-11T15:52:12.125398,12.9716,77.59590000000004,1.5,89.99998877599336,3.064404063659338,403.4526127751481,339.5650893615277,110.43489941446563,HIGH,0
B_8,2026-09-11T15:52:17.125398,12.9716,77.59600000000005,1.5,89.99998877599336,6.917017219952967,407.3624001656169,338.13681975046177,111.86316902553159,HIGH,0
B_8,2026-09-11T15:52:22.125398,12.9716,77.59610000000005,1.5,89.99998877599336,5.391261192600347,411.5204280042209,336.7365570686278,113.26343170736556,HIGH,0
B_8,2026-09-11T15:52:27.125398,12.9716,77.59620000000005,1.5,89.99998877599336,2.200535074256277,415.919251229548,335.36510826894335,114.63488050705001,HIGH,0
B_8,2026-09-11T15:52:32.125398,12.9716,77.59630000000006,1.5,89.99998877599336,5.063716630513799,420.5513139967628,334.0231155403869,115.97687323560643,HIGH,0
B_8,2026-09-11T15:52:37.125398,12.9716,77.59640000000006,1.5,89.99998877599336,5.822753130685845,425.40899749293567,332.7110646538927,117.28892412210064,HIGH,0
B_8,2026-09-11T15:52:42.125398,12.9716,77.59650000000006,1.5,89.99998877599336,5.234569411682062,430.4846639242439,331.42929445693966,118.5706943190537,HIGH,0
B_9,2026-09-11T15:51:07.125398,12.9716,77.5946,1.5,89.99998877599336,4.488668400429549,378.06275059140876,0.0,89.99998877599336,HIGH,0
B_9,2026-09-11T15:51:12.125398,12.9716,77.5947,1.5,89.99998877599336,8.030272552101172,378.21799934163187,358.35830499244616,91.6416837835472,HIGH,0
B_9,2026-09-11T15:51:17.125398,12.9716,77.5948,1.5,89.99998877599336,6.213404268275473,378.6833637086813,356.7193012640899,93.28068751190347,HIGH,0
B_9,2026-09-11T15:51:22.125398,12.9716,77.59490000000001,1.5,89.99998877599336,4.809542209892624,379.4577027231705,355.08565371660274,94.91433505939062,HIGH,0
B_9,2026-09-11T15:51:27.125398,12.9716,77.59500000000001,1.5,89.99998877599336,2.2062429053893284,380.53913024110983,353.4599751393991,96.54001363659427,HIGH,0
B_9,2026-09-11T15:51:32.125398,12.9716,77.59510000000002,1.5,89.99998877599336,8.830685586981975,381.9250376917757,351.84480173287386,98.1551870431195,HIGH,0
B_9,2026-09-11T15:51:37.125398,12.9716,77.59520000000002,1.5,89.99998877599336,4.905857254725559,383.6121250293812,350.24257044439923,99.75741833159412,HIGH,0
B_9,2026-09-11T15:51:42.125398,12.9716,77.59530000000002,1.5,89.99998877599336,5.980248346009296,385.5964390470174,348.6555986001308,101.34439017586254,HIGH,0
B_9,2026-09-11T15:51:47.125398,12.9716,77.59540000000003,1.5,89.99998877599336,7.956107483837978,387.87341804306686,347.0860662117394,102.91392256425394,HIGH,0
B_9,2026-09-11T15:51:52.125398,12.9716,77.59550000000003,1.5,89.99998877599336,2.1378620956320074,390.4379417085025,345.53600123389936,104.463987542094,HIGH,0
B_9,2026-09-11T15:51:57.125398,12.9716,77.59560000000003,1.5,89.99998877599336,4.806496062191042,393.2843850310112,344.0072679341583,105.99272084183508,HIGH,0
B_9,2026-09-11T15:52:02.125398,12.9716,77.59570000000004,1.5,89.99998877599336,2.033203630192874,396.40667498839804,342.50155842842963,107.49843034756373,HIGH,0
B_9,2026-09-11T15:52:07.125398,12.9716,77.59580000000004,1.5,89.99998877599336,8.870629844605844,399.7983488259825,341.02038732810786,108.9796014478855,HIGH,0
B_9,2026-09-11T15:52:12.125398,12.9716,77.59590000000004,1.5,89.99998877599336,9.570509448241047,403.4526127751481,339.5650893615277,110.43489941446563,HIGH,0
B_9,2026-09-11T15:52:17.125398,12.9716,77.59600000000005,1.5,89.99998877599336,8.188612586436268,407.3624001656169,338.13681975046177,111.86316902553159,HIGH,0
B_9,2026-09-11T15:52:22.125398,12.9716,77.59610000000005,1.5,89.99998877599336,8.344795450701675,411.5204280042209,336.7365570686278,113.26343170736556,HIGH,0
B_9,2026-09-11T15:52:27.125398,12.9716,77.59620000000005,1.5,89.99998877599336,7.2815402275266425,415.919251229548,335.36510826894335,114.63488050705001,HIGH,0
B_9,2026-09-11T15:52:32.125398,12.9716,77.59630000000006,1.5,89.99998877599336,9.86096879087651,420.5513139967628,334.0231155403869,115.97687323560643,HIGH,0
B_9,2026-09-11T15:52:37.125398,12.9716,77.59640000000006,1.5,89.99998877599336,7.343079872369424,425.40899749293567,332.7110646538927,117.28892412210064,HIGH,0
B_9,2026-09-11T15:52:42.125398,12.9716,77.59650000000006,1.5,89.99998877599336,6.413891463759037,430.4846639242439,331.42929445693966,118.5706943190537,HIGH,0
B_10,2026-09-11T15:51:07.125398,12.9716,77.5946,1.5,89.99998877599336,4.688673747058786,378.06275059140876,0.0,89.99998877599336,HIGH,0
B_10,2026-09-11T15:51:12.125398,12.9716,77.5947,1.5,89.99998877599336,3.655256401093445,378.21799934163187,358.35830499244616,91.6416837835472,HIGH,0
B_10,2026-09-11T15:51:17.125398,12.9716,77.5948,1.5,89.99998877599336,3.0893433038620115,378.6833637086813,356.7193012640899,93.28068751190347,HIGH,0
B_10,2026-09-11T15:51:22.125398,12.9716,77.59490000000001,1.5,89.99998877599336,3.3665636896403193,379.4577027231705,355.08565371660274,94.91433505939062,HIGH,0
B_10,2026-09-11T15:51:27.125398,12.9716,77.59500000000001,1.5,89.99998877599336,3.5196198830466283,380.53913024110983,353.4599751393991,96.54001363659427,HIGH,0
B_10,2026-09-11T15:51:32.125398,12.9716,77.59510000000002,1.5,89.99998877599336,4.7646563998945615,381.9250376917757,351.84480173287386,98.1551870431195,HIGH,0
B_10,2026-09-11T15:51:37.125398,12.9716,77.59520000000002,1.5,89.99998877599336,7.923660556084722,383.6121250293812,350.24257044439923,99.75741833159412,HIGH,0
B_10,2026-09-11T15:51:42.125398,12.9716,77.59530000000002,1.5,89.99998877599336,8.3881241737934,385.5964390470174,348.6555986001308,101.34439017586254,HIGH,0
B_10,2026-09-11T15:51:47.125398,12.9716,77.59540000000003,1.5,89.99998877599336,7.066071599750516,387.87341804306686,347.0860662117394,102.91392256425394,HIGH,0
B_10,2026-09-11T15:51:52.125398,12.9716,77.59550000000003,1.5,89.99998877599336,7.02421202630665,390.4379417085025,345.53600123389936,104.463987542094,HIGH,0
B_10,2026-09-11T15:51:57.125398,12.9716,77.59560000000003,1.5,89.99998877599336,8.279343714025444,393.2843850310112,344.0072679341583,105.99272084183508,HIGH,0
B_10,2026-09-11T15:52:02.125398,12.9716,77.59570000000004,1.5,89.99998877599336,7.46072156144404,396.40667498839804,342.50155842842963,107.49843034756373,HIGH,0
B_10,2026-09-11T15:52:07.125398,12.9716,77.59580000000004,1.5,89.99998877599336,2.946128835742572,399.7983488259825,341.02038732810786,108.9796014478855,HIGH,0
B_10,2026-09-11T15:52:12.125398,12.9716,77.59590000000004,1.5,89.99998877599336,7.846323917653432,403.4526127751481,339.5650893615277,110.43489941446563,HIGH,0
B_10,2026-09-11T15:52:17.125398,12.9716,77.59600000000005,1.5,89.99998877599336,9.338531705169366,407.3624001656169,338.13681975046177,111.86316902553159,HIGH,0
B_10,2026-09-11T15:52:22.125398,12.9716,77.59610000000005,1.5,89.99998877599336,7.837360936983112,411.5204280042209,336.7365570686278,113.26343170736556,HIGH,0
B_10,2026-09-11T15:52:27.125398,12.9716,77.59620000000005,1.5,89.99998877599336,6.116168162538498,415.919251229548,335.36510826894335,114.63488050705001,HIGH,0
B_10,2026-09-11T15:52:32.125398,12.9716,77.59630000000006,1.5,89.99998877599336,6.279910081291456,420.5513139967628,334.0231155403869,115.97687323560643,HIGH,0
B_10,2026-09-11T15:52:37.125398,12.9716,77.59640000000006,1.5,89.99998877599336,3.498539322918078,425.40899749293567,332.7110646538927,117.28892412210064,HIGH,0
B_10,2026-09-11T15:52:42.125398,12.9716,77.59650000000006,1.5,89.99998877599336,5.660131463286293,430.4846639242439,331.42929445693966,118.5706943190537,HIGH,0
B_11,2026-09-11T15:51:07.126908,12.9716,77.5946,1.5,89.99998877599336,9.72427423381118,378.06275059140876,0.0,89.99998877599336,HIGH,0
B_11,2026-09-11T15:51:12.126908,12.9716,77.5947,1.5,89.99998877599336,5.22897342828035,378.21799934163187,358.35830499244616,91.6416837835472,HIGH,0
B_11,2026-09-11T15:51:17.126908,12.9716,77.5948,1.5,89.99998877599336,4.800180409325827,378.6833637086813,356.7193012640899,93.28068751190347,HIGH,0
B_11,2026-09-11T15:51:22.126908,12.9716,77.59490000000001,1.5,89.99998877599336,9.711437787851018,379.4577027231705,355.08565371660274,94.91433505939062,HIGH,0
B_11,2026-09-11T15:51:27.126908,12.9716,77.59500000000001,1.5,89.99998877599336,8.941872524690273,380.53913024110983,353.4599751393991,96.54001363659427,HIGH,0
B_11,2026-09-11T15:51:32.126908,12.9716,77.59510000000002,1.5,89.99998877599336,6.803932458457185,381.9250376917757,351.84480173287386,98.1551870431195,HIGH,0
B_11,2026-09-11T15:51:37.126908,12.9716,77.59520000000002,1.5,89.99998877599336,9.911341125363622,383.6121250293812,350.24257044439923,99.75741833159412,HIGH,0
B_11,2026-09-11T15:51:42.126908,12.9716,77.59530000000002,1.5,89.99998877599336,4.121655104512035,385.5964390470174,348.6555986001308,101.34439017586254,HIGH,0
B_11,2026-09-11T15:51:47.126908,12.9716,77.59540000000003,1.5,89.99998877599336,5.793949936824467,387.87341804306686,347.0860662117394,102.91392256425394,HIGH,0
B_11,2026-09-11T15:51:52.126908,12.9716,77.59550000000003,1.5,89.99998877599336,4.573168245398986,390.4379417085025,345.53600123389936,104.463987542094,HIGH,0
B_11,2026-09-11T15:51:57.126908,12.9716,77.59560000000003,1.5,89.99998877599336,5.094534696100317,393.2843850310112,344.0072679341583,105.99272084183508,HIGH,0
B_11,2026-09-11T15:52:02.126908,12.9716,77.59570000000004,1.5,89.99998877599336,2.3409597317911395,396.40667498839804,342.50155842842963,107.49843034756373,HIGH,0
B_11,2026-09-11T15:52:07.126908,12.9716,77.59580000000004,1.5,89.99998877599336,8.700779203562632,399.7983488259825,341.02038732810786,108.9796014478855,HIGH,0
B_11,2026-09-11T15:52:12.126908,12.9716,77.59590000000004,1.5,89.99998877599336,3.8559709606569523,403.4526127751481,339.5650893615277,110.43489941446563,HIGH,0
B_11,2026-09-11T15:52:17.126908,12.9716,77.59600000000005,1.5,89.99998877599336,2.326911959963917,407.3624001656169,338.13681975046177,111.86316902553159,HIGH,0
B_11,2026-09-11T15:52:22.126908,12.9716,77.59610000000005,1.5,89.99998877599336,3.15808211506997,411.5204280042209,336.7365570686278,113.26343170736556,HIGH,0
B_11,2026-09-11T15:52:27.126908,12.9716,77.59620000000005,1.5,89.99998877599336,7.336385188303457,415.919251229548,335.36510826894335,114.63488050705001,HIGH,0
B_11,2026-09-11T15:52:32.126908,12.9716,77.59630000000006,1.5,89.99998877599336,2.5163489567959267,420.5513139967628,334.0231155403869,115.97687323560643,HIGH,0
B_11,2026-09-11T15:52:37.126908,12.9716,77.59640000000006,1.5,89.99998877599336,3.1435657785127553,425.40899749293567,332.7110646538927,117.28892412210064,HIGH,0
B_11,2026-09-11T15:52:42.126908,12.9716,77.59650000000006,1.5,89.99998877599336,5.567513134617457,430.4846639242439,331.42929445693966,118.5706943190537,HIGH,0
B_12,2026-09-11T15:51:07.126908,12.9716,77.5946,1.5,89.99998877599336,2.235605152860714,378.06275059140876,0.0,89.99998877599336,HIGH,0
B_12,2026-09-11T15:51:12.126908,12.9716,77.5947,1.5,89.99998877599336,3.5183454475185796,378.21799934163187,358.35830499244616,91.6416837835472,HIGH,0
B_12,2026-09-11T15:51:17.126908,12.9716,77.5948,1.5,89.99998877599336,8.566825526941688,378.6833637086813,356.7193012640899,93.28068751190347,HIGH,0
B_12,2026-09-11T15:51:22.126908,12.9716,77.59490000000001,1.5,89.99998877599336,7.622574034684145,379.4577027231705,355.08565371660274,94.91433505939062,HIGH,0
B_12,2026-09-11T15:51:27.126908,12.9716,77.59500000000001,1.5,89.99998877599336,7.477949872557083,380.53913024110983,353.4599751393991,96.54001363659427,HIGH,0
B_12,2026-09-11T15:51:32.126908,12.9716,77.59510000000002,1.5,89.99998877599336,7.904775068616527,381.9250376917757,351.84480173287386,98.1551870431195,HIGH,0
B_12,2026-09-11T15:51:37.126908,12.9716,77.59520000000002,1.5,89.99998877599336,9.97588247217495,383.6121250293812,350.24257044439923,99.75741833159412,HIGH,0
B_12,2026-09-11T15:51:42.126908,12.9716,77.59530000000002,1.5,89.99998877599336,3.42985466062886,385.5964390470174,348.6555986001308,101.34439017586254,HIGH,0
B_12,2026-09-11T15:51:47.126908,12.9716,77.59540000000003,1.5,89.99998877599336,5.230178263078897,387.87341804306686,347.0860662117394,102.91392256425394,HIGH,0
B_12,2026-09-11T15:51:52.126908,12.9716,77.59550000000003,1.5,89.99998877599336,3.9498259066275594,390.4379417085025,345.53600123389936,104.463987542094,HIGH,0
B_12,2026-09-11T15:51:57.126908,12.9716,77.59560000000003,1.5,89.99998877599336,6.760570070601004,393.2843850310112,344.0072679341583,105.99272084183508,HIGH,0
B_12,2026-09-11T15:52:02.126908,12.9716,77.59570000000004,1.5,89.99998877599336,3.245433430207912,396.40667498839804,342.50155842842963,107.49843034756373,HIGH,0
B_12,2026-09-11T15:52:07.126908,12.9716,77.59580000000004,1.5,89.99998877599336,6.527813511413856,399.7983488259825,341.02038732810786,108.9796014478855,HIGH,0
B_12,2026-09-11T15:52:12.126908,12.9716,77.59590000000004,1.5,89.99998877599336,6.309664194786828,403.4526127751481,339.5650893615277,110.43489941446563,HIGH,0
B_12,2026-09-11T15:52:17.126908,12.9716,77.59600000000005,1.5,89.99998877599336,9.889142125132826,407.3624001656169,338.13681975046177,111.86316902553159,HIGH,0
B_12,2026-09-11T15:52:22.126908,12.9716,77.59610000000005,1.5,89.99998877599336,8.471367258783733,411.5204280042209,336.7365570686278,113.26343170736556,HIGH,0
B_12,2026-09-11T15:52:27.126908,12.9716,77.59620000000005,1.5,89.99998877599336,2.9754318786902,415.919251229548,335.36510826894335,114.63488050705001,HIGH,0
B_12,2026-09-11T15:52:32.126908,12.9716,77.59630000000006,1.5,89.99998877599336,3.5216193017320343,420.5513139967628,334.0231155403869,115.97687323560643,HIGH,0
B_12,2026-09-11T15:52:37.126908,12.9716,77.59640000000006,1.5,89.99998877599336,7.2334754314061405,425.40899749293567,332.7110646538927,117.28892412210064,HIGH,0
B_12,2026-09-11T15:52:42.126908,12.9716,77.59650000000006,1.5,89.99998877599336,3.2187473655148056,430.4846639242439,331.42929445693966,118.5706943190537,HIGH,0
B_13,2026-09-11T15:51:07.127915,12.9716,77.5946,1.5,89.99998877599336,8.822600782715664,378.06275059140876,0.0,89.99998877599336,HIGH,0
B_13,2026-09-11T15:51:12.127915,12.9716,77.5947,1.5,89.99998877599336,8.79978363559008,378.21799934163187,358.35830499244616,91.6416837835472,HIGH,0
B_13,2026-09-11T15:51:17.127915,12.9716,77.5948,1.5,89.99998877599336,2.875631169058109,378.6833637086813,356.7193012640899,93.28068751190347,HIGH,0
B_13,2026-09-11T15:51:22.127915,12.9716,77.59490000000001,1.5,89.99998877599336,7.880188121552732,379.4577027231705,355.08565371660274,94.91433505939062,HIGH,0
B_13,2026-09-11T15:51:27.127915,12.9716,77.59500000000001,1.5,89.99998877599336,5.847931522803467,380.53913024110983,353.4599751393991,96.54001363659427,HIGH,0
B_13,2026-09-11T15:51:32.127915,12.9716,77.59510000000002,1.5,89.99998877599336,8.363229464395053,381.9250376917757,351.84480173287386,98.1551870431195,HIGH,0
B_13,2026-09-11T15:51:37.127915,12.9716,77.59520000000002,1.5,89.99998877599336,2.3412749405608357,383.6121250293812,350.24257044439923,99.75741833159412,HIGH,0
B_13,2026-09-11T15:51:42.127915,12.9716,77.59530000000002,1.5,89.99998877599336,3.5418246783914356,385.5964390470174,348.6555986001308,101.34439017586254,HIGH,0
B_13,2026-09-11T15:51:47.127915,12.9716,77.59540000000003,1.5,89.99998877599336,3.2557641961174006,387.87341804306686,347.0860662117394,102.91392256425394,HIGH,0
B_13,2026-09-11T15:51:52.127915,12.9716,77.59550000000003,1.5,89.99998877599336,2.9615847004271076,390.4379417085025,345.53600123389936,104.463987542094,HIGH,0
B_13,2026-09-11T15:51:57.127915,12.9716,77.59560000000003,1.5,89.99998877599336,5.404835790403241,393.2843850310112,344.0072679341583,105.99272084183508,HIGH,0
B_13,2026-09-11T15:52:02.127915,12.9716,77.59570000000004,1.5,89.99998877599336,9.455021446501505,396.40667498839804,342.50155842842963,107.49843034756373,HIGH,0
B_13,2026-09-11T15:52:07.127915,12.9716,77.59580000000004,1.5,89.99998877599336,9.260929077533063,399.7983488259825,341.02038732810786,108.9796014478855,HIGH,0
B_13,2026-09-11T15:52:12.127915,12.9716,77.59590000000004,1.5,89.99998877599336,4.022562679936658,403.4526127751481,339.5650893615277,110.43489941446563,HIGH,0
B_13,2026-09-11T15:52:17.127915,12.9716,77.59600000000005,1.5,89.99998877599336,2.563684986406635,407.3624001656169,338.13681975046177,111.86316902553159,HIGH,0
B_13,2026-09-11T15:52:22.127915,12.9716,77.59610000000005,1.5,89.99998877599336,8.538957520175018,411.5204280042209,336.7365570686278,113.26343170736556,HIGH,0
B_13,2026-09-11T15:52:27.127915,12.9716,77.59620000000005,1.5,89.99998877599336,7.873293319823889,415.919251229548,335.36510826894335,114.63488050705001,HIGH,0
B_13,2026-09-11T15:52:32.127915,12.9716,77.59630000000006,1.5,89.99998877599336,2.5188812086274766,420.5513139967628,334.0231155403869,115.97687323560643,HIGH,0
B_13,2026-09-11T15:52:37.127915,12.9716,77.59640000000006,1.5,89.99998877599336,8.27606949476479,425.40899749293567,332.7110646538927,117.28892412210064,HIGH,0
B_13,2026-09-11T15:52:42.127915,12.9716,77.59650000000006,1.5,89.99998877599336,5.9501151778385575,430.4846639242439,331.42929445693966,118.5706943190537,HIGH,0
B_14,2026-09-11T15:51:07.127915,12.9716,77.5946,1.5,89.99998877599336,9.36206343435888,378.06275059140876,0.0,89.99998877599336,HIGH,0
B_14,2026-09-11T15:51:12.127915,12.9716,77.5947,1.5,89.99998877599336,9.510645354633548,378.21799934163187,358.35830499244616,91.6416837835472,HIGH,0
B_14,2026-09-11T15:51:17.127915,12.9716,77.5948,1.5,89.99998877599336,4.443856171804553,378.6833637086813,356.7193012640899,93.28068751190347,HIGH,0
B_14,2026-09-11T15:51:22.127915,12.9716,77.59490000000001,1.5,89.99998877599336,2.1070997778167433,379.4577027231705,355.08565371660274,94.91433505939062,HIGH,0
B_14,2026-09-11T15:51:27.127915,12.9716,77.59500000000001,1.5,89.99998877599336,2.6330718516371023,380.53913024110983,353.4599751393991,96.54001363659427,HIGH,0
B_14,2026-09-11T15:51:32.127915,12.9716,77.59510000000002,1.5,89.99998877599336,3.482205866907771,381.9250376917757,351.84480173287386,98.1551870431195,HIGH,0
B_14,2026-09-11T15:51:37.127915,12.9716,77.59520000000002,1.5,89.99998877599336,7.415985208159555,383.6121250293812,350.24257044439923,99.75741833159412,HIGH,0
B_14,2026-09-11T15:51:42.127915,12.9716,77.59530000000002,1.5,89.99998877599336,8.803955899278268,385.5964390470174,348.6555986001308,101.34439017586254,HIGH,0
B_14,2026-09-11T15:51:47.127915,12.9716,77.59540000000003,1.5,89.99998877599336,2.719599594488841,387.87341804306686,347.0860662117394,102.91392256425394,HIGH,0
B_14,2026-09-11T15:51:52.127915,12.9716,77.59550000000003,1.5,89.99998877599336,8.264066640920353,390.4379417085025,345.53600123389936,104.463987542094,HIGH,0
B_14,2026-09-11T15:51:57.127915,12.9716,77.59560000000003,1.5,89.99998877599336,5.436920091299595,393.2843850310112,344.0072679341583,105.99272084183508,HIGH,0
B_14,2026-09-11T15:52:02.127915,12.9716,77.59570000000004,1.5,89.99998877599336,8.797266847044927,396.40667498839804,342.50155842842963,107.49843034756373,HIGH,0
B_14,2026-09-11T15:52:07.127915,12.9716,77.59580000000004,1.5,89.99998877599336,5.023406193191123,399.7983488259825,341.02038732810786,108.9796014478855,HIGH,0
B_14,2026-09-11T15:52:12.127915,12.9716,77.59590000000004,1.5,89.99998877599336,8.321052715758242,403.4526127751481,339.5650893615277,110.43489941446563,HIGH,0
B_14,2026-09-11T15:52:17.127915,12.9716,77.59600000000005,1.5,89.99998877599336,2.679635519196861,407.3624001656169,338.13681975046177,111.86316902553159,HIGH,0
B_14,2026-09-11T15:52:22.127915,12.9716,77.59610000000005,1.5,89.99998877599336,2.987195235164081,411.5204280042209,336.7365570686278,113.26343170736556,HIGH,0
B_14,2026-09-11T15:52:27.127915,12.9716,77.59620000000005,1.5,89.99998877599336,8.74897726389358,415.919251229548,335.36510826894335,114.63488050705001,HIGH,0
B_14,2026-09-11T15:52:32.127915,12.9716,77.59630000000006,1.5,89.99998877599336,2.4062412812221794,420.5513139967628,334.0231155403869,115.97687323560643,HIGH,0
B_14,2026-09-11T15:52:37.127915,12.9716,77.59640000000006,1.5,89.99998877599336,4.8436456878719865,425.40899749293567,332.7110646538927,117.28892412210064,HIGH,0
B_14,2026-09-11T15:52:42.127915,12.9716,77.59650000000006,1.5,89.99998877599336,5.3838318589150695,430.4846639242439,331.42929445693966,118.5706943190537,HIGH,0
B_15,2026-09-11T15:51:07.127915,12.9716,77.5946,1.5,89.99998877599336,2.7839101578795606,378.06275059140876,0.0,89.99998877599336,HIGH,0
B_15,2026-09-11T15:51:12.127915,12.9716,77.5947,1.5,89.99998877599336,3.4330470541894957,378.21799934163187,358.35830499244616,91.6416837835472,HIGH,0
B_15,2026-09-11T15:51:17.127915,12.9716,77.5948,1.5,89.99998877599336,8.931221854561002,378.6833637086813,356.7193012640899,93.28068751190347,HIGH,0
B_15,2026-09-11T15:51:22.127915,12.9716,77.59490000000001,1.5,89.99998877599336,4.8831170689263566,379.4577027231705,355.08565371660274,94.91433505939062,HIGH,0
B_15,2026-09-11T15:51:27.127915,12.9716,77.59500000000001,1.5,89.99998877599336,2.401857816899355,380.53913024110983,353.4599751393991,96.54001363659427,HIGH,0
B_15,2026-09-11T15:51:32.127915,12.9716,77.59510000000002,1.5,89.99998877599336,7.923458280917595,381.9250376917757,351.84480173287386,98.1551870431195,HIGH,0
B_15,2026-09-11T15:51:37.127915,12.9716,77.59520000000002,1.5,89.99998877599336,2.9247676945936742,383.6121250293812,350.24257044439923,99.75741833159412,HIGH,0
B_15,2026-09-11T15:51:42.127915,12.9716,77.59530000000002,1.5,89.99998877599336,7.436164125388723,385.5964390470174,348.6555986001308,101.34439017586254,HIGH,0
B_15,2026-09-11T15:51:47.127915,12.9716,77.59540000000003,1.5,89.99998877599336,3.568379660180584,387.87341804306686,347.0860662117394,102.91392256425394,HIGH,0
B_15,2026-09-11T15:51:52.127915,12.9716,77.59550000000003,1.5,89.99998877599336,8.621950416491549,390.4379417085025,345.53600123389936,104.463987542094,HIGH,0
B_15,2026-09-11T15:51:57.127915,12.9716,77.59560000000003,1.5,89.99998877599336,6.417621272103,393.2843850310112,344.0072679341583,105.99272084183508,HIGH,0
B_15,2026-09-11T15:52:02.127915,12.9716,77.59570000000004,1.5,89.99998877599336,6.653921446815793,396.40667498839804,342.50155842842963,107.49843034756373,HIGH,0
B_15,2026-09-11T15:52:07.127915,12.9716,77.59580000000004,1.5,89.99998877599336,7.6166218689966385,399.7983488259825,341.02038732810786,108.9796014478855,HIGH,0
B_15,2026-09-11T15:52:12.127915,12.9716,77.59590000000004,1.5,89.99998877599336,4.411407434898435,403.4526127751481,339.5650893615277,110.43489941446563,HIGH,0
B_15,2026-09-11T15:52:17.127915,12.9716,77.59600000000005,1.5,89.99998877599336,9.773824398404042,407.3624001656169,338.13681975046177,111.86316902553159,HIGH,0
B_15,2026-09-11T15:52:22.127915,12.9716,77.59610000000005,1.5,89.99998877599336,8.210900715284028,411.5204280042209,336.7365570686278,113.26343170736556,HIGH,0
B_15,2026-09-11T15:52:27.127915,12.9716,77.59620000000005,1.5,89.99998877599336,2.0168095627074436,415.919251229548,335.36510826894335,114.63488050705001,HIGH,0
B_15,2026-09-11T15:52:32.127915,12.9716,77.59630000000006,1.5,89.99998877599336,2.199378378734499,420.5513139967628,334.0231155403869,115.97687323560643,HIGH,0
B_15,2026-09-11T15:52:37.127915,12.9716,77.59640000000006,1.5,89.99998877599336,7.874292747721258,425.40899749293567,332.7110646538927,117.28892412210064,HIGH,0
B_15,2026-09-11T15:52:42.127915,12.9716,77.59650000000006,1.5,89.99998877599336,2.5780999956309847,430.4846639242439,331.42929445693966,118.5706943190537,HIGH,0
B_16,2026-09-11T15:51:07.128916,12.9716,77.5946,1.5,89.99998877599336,2.340086919789691,378.06275059140876,0.0,89.99998877599336,HIGH,0
B_16,2026-09-11T15:51:12.128916,12.9716,77.5947,1.5,89.99998877599336,2.1511672459954587,378.21799934163187,358.35830499244616,91.6416837835472,HIGH,0
B_16,2026-09-11T15:51:17.128916,12.9716,77.5948,1.5,89.99998877599336,2.900822829668141,378.6833637086813,356.7193012640899,93.28068751190347,HIGH,0
B_16,2026-09-11T15:51:22.128916,12.9716,77.59490000000001,1.5,89.99998877599336,3.5654844354220163,379.4577027231705,355.08565371660274,94.91433505939062,HIGH,0
B_16,2026-09-11T15:51:27.128916,12.9716,77.59500000000001,1.5,89.99998877599336,7.507583142817923,380.53913024110983,353.4599751393991,96.54001363659427,HIGH,0
B_16,2026-09-11T15:51:32.128916,12.9716,77.59510000000002,1.5,89.99998877599336,7.694475998713605,381.9250376917757,351.84480173287386,98.1551870431195,HIGH,0
B_16,2026-09-11T15:51:37.128916,12.9716,77.59520000000002,1.5,89.99998877599336,3.6145615311810024,383.6121250293812,350.24257044439923,99.75741833159412,HIGH,0
B_16,2026-09-11T15:51:42.128916,12.9716,77.59530000000002,1.5,89.99998877599336,3.4527124562228817,385.5964390470174,348.6555986001308,101.34439017586254,HIGH,0
B_16,2026-09-11T15:51:47.128916,12.9716,77.59540000000003,1.5,89.99998877599336,3.48121619994685,387.87341804306686,347.0860662117394,102.91392256425394,HIGH,0
B_16,2026-09-11T15:51:52.128916,12.9716,77.59550000000003,1.5,89.99998877599336,5.728891342112363,390.4379417085025,345.53600123389936,104.463987542094,HIGH,0
B_16,2026-09-11T15:51:57.128916,12.9716,77.59560000000003,1.5,89.99998877599336,4.8938312163827336,393.2843850310112,344.0072679341583,105.99272084183508,HIGH,0
B_16,2026-09-11T15:52:02.128916,12.9716,77.59570000000004,1.5,89.99998877599336,8.754172305253917,396.40667498839804,342.50155842842963,107.49843034756373,HIGH,0
B_16,2026-09-11T15:52:07.128916,12.9716,77.59580000000004,1.5,89.99998877599336,9.120749280310891,399.7983488259825,341.02038732810786,108.9796014478855,HIGH,0
B_16,2026-09-11T15:52:12.128916,12.9716,77.59590000000004,1.5,89.99998877599336,8.169267422003289,403.4526127751481,339.5650893615277,110.43489941446563,HIGH,0
B_16,2026-09-11T15:52:17.128916,12.9716,77.59600000000005,1.5,89.99998877599336,2.949792402038609,407.3624001656169,338.13681975046177,111.86316902553159,HIGH,0
B_16,2026-09-11T15:52:22.128916,12.9716,77.59610000000005,1.5,89.99998877599336,3.487735233187469,411.5204280042209,336.7365570686278,113.26343170736556,HIGH,0
B_16,2026-09-11T15:52:27.128916,12.9716,77.59620000000005,1.5,89.99998877599336,7.33402549084865,415.919251229548,335.36510826894335,114.63488050705001,HIGH,0
B_16,2026-09-11T15:52:32.128916,12.9716,77.59630000000006,1.5,89.99998877599336,6.73666856383381,420.5513139967628,334.0231155403869,115.97687323560643,HIGH,0
B_16,2026-09-11T15:52:37.128916,12.9716,77.59640000000006,1.5,89.99998877599336,8.010780641357282,425.40899749293567,332.7110646538927,117.28892412210064,HIGH,0
B_16,2026-09-11T15:52:42.128916,12.9716,77.59650000000006,1.5,89.99998877599336,2.2164716660112322,430.4846639242439,331.42929445693966,118.5706943190537,HIGH,0
B_17,2026-09-11T15:51:07.128916,12.9716,77.5946,1.5,89.99998877599336,3.9700683279125917,378.06275059140876,0.0,89.99998877599336,HIGH,0
B_17,2026-09-11T15:51:12.128916,12.9716,77.5947,1.5,89.99998877599336,5.214977153845924,378.21799934163187,358.35830499244616,91.6416837835472,HIGH,0
B_17,2026-09-11T15:51:17.128916,12.9716,77.5948,1.5,89.99998877599336,6.5830880274670385,378.6833637086813,356.7193012640899,93.28068751190347,HIGH,0
B_17,2026-09-11T15:51:22.128916,12.9716,77.59490000000001,1.5,89.99998877599336,2.6247493653985288,379.4577027231705,355.08565371660274,94.91433505939062,HIGH,0
B_17,2026-09-11T15:51:27.128916,12.9716,77.59500000000001,1.5,89.99998877599336,4.4208538338926155,380.53913024110983,353.4599751393991,96.54001363659427,HIGH,0
B_17,2026-09-11T15:51:32.128916,12.9716,77.59510000000002,1.5,89.99998877599336,5.113927186546082,381.9250376917757,351.84480173287386,98.1551870431195,HIGH,0
B_17,2026-09-11T15:51:37.128916,12.9716,77.59520000000002,1.5,89.99998877599336,3.7251701379300686,383.6121250293812,350.24257044439923,99.75741833159412,HIGH,0
B_17,2026-09-11T15:51:42.128916,12.9716,77.59530000000002,1.5,89.99998877599336,6.1369796280958475,385.5964390470174,348.6555986001308,101.34439017586254,HIGH,0
B_17,2026-09-11T15:51:47.128916,12.9716,77.59540000000003,1.5,89.99998877599336,9.42562538667643,387.87341804306686,347.0860662117394,102.91392256425394,HIGH,0
B_17,2026-09-11T15:51:52.128916,12.9716,77.59550000000003,1.5,89.99998877599336,8.792366278059196,390.4379417085025,345.53600123389936,104.463987542094,HIGH,0
B_17,2026-09-11T15:51:57.128916,12.9716,77.59560000000003,1.5,89.99998877599336,6.587051077667219,393.2843850310112,344.0072679341583,105.99272084183508,HIGH,0
B_17,2026-09-11T15:52:02.128916,12.9716,77.59570000000004,1.5,89.99998877599336,8.076546140771411,396.40667498839804,342.50155842842963,107.49843034756373,HIGH,0
B_17,2026-09-11T15:52:07.128916,12.9716,77.59580000000004,1.5,89.99998877599336,9.907083319586157,399.7983488259825,341.02038732810786,108.9796014478855,HIGH,0
B_17,2026-09-11T15:52:12.128916,12.9716,77.59590000000004,1.5,89.99998877599336,3.8520603576807035,403.4526127751481,339.5650893615277,110.43489941446563,HIGH,0
B_17,2026-09-11T15:52:17.128916,12.9716,77.59600000000005,1.5,89.99998877599336,7.529249819878319,407.3624001656169,338.13681975046177,111.86316902553159,HIGH,0
B_17,2026-09-11T15:52:22.128916,12.9716,77.59610000000005,1.5,89.99998877599336,9.359605119731487,411.5204280042209,336.7365570686278,113.26343170736556,HIGH,0
B_17,2026-09-11T15:52:27.128916,12.9716,77.59620000000005,1.5,89.99998877599336,2.405527869797499,415.919251229548,335.36510826894335,114.63488050705001,HIGH,0
B_17,2026-09-11T15:52:32.128916,12.9716,77.59630000000006,1.5,89.99998877599336,2.237623253672705,420.5513139967628,334.0231155403869,115.97687323560643,HIGH,0
B_17,2026-09-11T15:52:37.128916,12.9716,77.59640000000006,1.5,89.99998877599336,9.996894989438552,425.40899749293567,332.7110646538927,117.28892412210064,HIGH,0
B_17,2026-09-11T15:52:42.128916,12.9716,77.59650000000006,1.5,89.99998877599336,5.342752607091286,430.4846639242439,331.42929445693966,118.5706943190537,HIGH,0
B_18,2026-09-11T15:51:07.129918,12.9716,77.5946,1.5,89.99998877599336,4.164885294586972,378.06275059140876,0.0,89.99998877599336,HIGH,0
B_18,2026-09-11T15:51:12.129918,12.9716,77.5947,1.5,89.99998877599336,3.63818626683826,378.21799934163187,358.35830499244616,91.6416837835472,HIGH,0
B_18,2026-09-11T15:51:17.129918,12.9716,77.5948,1.5,89.99998877599336,3.5781869332707794,378.6833637086813,356.7193012640899,93.28068751190347,HIGH,0
B_18,2026-09-11T15:51:22.129918,12.9716,77.59490000000001,1.5,89.99998877599336,6.913098658531975,379.4577027231705,355.08565371660274,94.91433505939062,HIGH,0
B_18,2026-09-11T15:51:27.129918,12.9716,77.59500000000001,1.5,89.99998877599336,3.9411554711792363,380.53913024110983,353.4599751393991,96.54001363659427,HIGH,0
B_18,2026-09-11T15:51:32.129918,12.9716,77.59510000000002,1.5,89.99998877599336,7.780841216413941,381.9250376917757,351.84480173287386,98.1551870431195,HIGH,0
B_18,2026-09-11T15:51:37.129918,12.9716,77.59520000000002,1.5,89.99998877599336,6.6737148515263875,383.6121250293812,350.24257044439923,99.75741833159412,HIGH,0
B_18,2026-09-11T15:51:42.129918,12.9716,77.59530000000002,1.5,89.99998877599336,6.97846159105774,385.5964390470174,348.6555986001308,101.34439017586254,HIGH,0
B_18,2026-09-11T15:51:47.129918,12.9716,77.59540000000003,1.5,89.99998877599336,9.202426498111386,387.87341804306686,347.0860662117394,102.91392256425394,HIGH,0
B_18,2026-09-11T15:51:52.129918,12.9716,77.59550000000003,1.5,89.99998877599336,7.199325800609025,390.4379417085025,345.53600123389936,104.463987542094,HIGH,0
B_18,2026-09-11T15:51:57.129918,12.9716,77.59560000000003,1.5,89.99998877599336,9.80404513296546,393.2843850310112,344.0072679341583,105.99272084183508,HIGH,0
B_18,2026-09-11T15:52:02.129918,12.9716,77.59570000000004,1.5,89.99998877599336,7.2421817392619525,396.40667498839804,342.50155842842963,107.49843034756373,HIGH,0
B_18,2026-09-11T15:52:07.129918,12.9716,77.59580000000004,1.5,89.99998877599336,5.6394225337992765,399.7983488259825,341.02038732810786,108.9796014478855,HIGH,0
B_18,2026-09-11T15:52:12.129918,12.9716,77.59590000000004,1.5,89.99998877599336,7.119371839540273,403.4526127751481,339.5650893615277,110.43489941446563,HIGH,0
B_18,2026-09-11T15:52:17.129918,12.9716,77.59600000000005,1.5,89.99998877599336,4.470098874017168,407.3624001656169,338.13681975046177,111.86316902553159,HIGH,0
B_18,2026-09-11T15:52:22.129918,12.9716,77.59610000000005,1.5,89.99998877599336,9.717643585055063,411.5204280042209,336.7365570686278,113.26343170736556,HIGH,0
B_18,2026-09-11T15:52:27.129918,12.9716,77.59620000000005,1.5,89.99998877599336,9.129137404260256,415.919251229548,335.36510826894335,114.63488050705001,HIGH,0
B_18,2026-09-11T15:52:32.129918,12.9716,77.59630000000006,1.5,89.99998877599336,9.810538065016274,420.5513139967628,334.0231155403869,115.97687323560643,HIGH,0
B_18,2026-09-11T15:52:37.129918,12.9716,77.59640000000006,1.5,89.99998877599336,9.266298169193753,425.40899749293567,332.7110646538927,117.28892412210064,HIGH,0
B_18,2026-09-11T15:52:42.129918,12.9716,77.59650000000006,1.5,89.99998877599336,5.325130850624163,430.4846639242439,331.42929445693966,118.5706943190537,HIGH,0
B_19,2026-09-11T15:51:07.129918,12.9716,77.5946,1.5,89.99998877599336,3.531668879249664,378.06275059140876,0.0,89.99998877599336,HIGH,0
B_19,2026-09-11T15:51:12.129918,12.9716,77.5947,1.5,89.99998877599336,2.9041759646223646,378.21799934163187,358.35830499244616,91.6416837835472,HIGH,0
B_19,2026-09-11T15:51:17.129918,12.9716,77.5948,1.5,89.99998877599336,3.5982569171654797,378.6833637086813,356.7193012640899,93.28068751190347,HIGH,0
B_19,2026-09-11T15:51:22.129918,12.9716,77.59490000000001,1.5,89.99998877599336,6.442942236617203,379.4577027231705,355.08565371660274,94.91433505939062,HIGH,0
B_19,2026-09-11T15:51:27.129918,12.9716,77.59500000000001,1.5,89.99998877599336,5.520952395787743,380.53913024110983,353.4599751393991,96.54001363659427,HIGH,0
B_19,2026-09-11T15:51:32.129918,12.9716,77.59510000000002,1.5,89.99998877599336,4.403873982997932,381.9250376917757,351.84480173287386,98.1551870431195,HIGH,0
B_19,2026-09-11T15:51:37.129918,12.9716,77.59520000000002,1.5,89.99998877599336,4.92234133787854,383.6121250293812,350.24257044439923,99.75741833159412,HIGH,0
B_19,2026-09-11T15:51:42.129918,12.9716,77.59530000000002,1.5,89.99998877599336,2.437906784302962,385.5964390470174,348.6555986001308,101.34439017586254,HIGH,0
B_19,2026-09-11T15:51:47.129918,12.9716,77.59540000000003,1.5,89.99998877599336,7.5771749893928675,387.87341804306686,347.0860662117394,102.91392256425394,HIGH,0
B_19,2026-09-11T15:51:52.129918,12.9716,77.59550000000003,1.5,89.99998877599336,8.500423610989586,390.4379417085025,345.53600123389936,104.463987542094,HIGH,0
B_19,2026-09-11T15:51:57.129918,12.9716,77.59560000000003,1.5,89.99998877599336,6.775864002512342,393.2843850310112,344.0072679341583,105.99272084183508,HIGH,0
B_19,2026-09-11T15:52:02.129918,12.9716,77.59570000000004,1.5,89.99998877599336,8.981792039092827,396.40667498839804,342.50155842842963,107.49843034756373,HIGH,0
B_19,2026-09-11T15:52:07.129918,12.9716,77.59580000000004,1.5,89.99998877599336,2.2888536034785494,399.7983488259825,341.02038732810786,108.9796014478855,HIGH,0
B_19,2026-09-11T15:52:12.129918,12.9716,77.59590000000004,1.5,89.99998877599336,5.79905384645612,403.4526127751481,339.5650893615277,110.43489941446563,HIGH,0
B_19,2026-09-11T15:52:17.129918,12.9716,77.59600000000005,1.5,89.99998877599336,7.31944853108622,407.3624001656169,338.13681975046177,111.86316902553159,HIGH,0
B_19,2026-09-11T15:52:22.129918,12.9716,77.59610000000005,1.5,89.99998877599336,5.738198245031245,411.5204280042209,336.7365570686278,113.26343170736556,HIGH,0
B_19,2026-09-11T15:52:27.129918,12.9716,77.59620000000005,1.5,89.99998877599336,8.09397429285899,415.919251229548,335.36510826894335,114.63488050705001,HIGH,0
B_19,2026-09-11T15:52:32.129918,12.9716,77.59630000000006,1.5,89.99998877599336,4.324620014032494,420.5513139967628,334.0231155403869,115.97687323560643,HIGH,0
B_19,2026-09-11T15:52:37.129918,12.9716,77.59640000000006,1.5,89.99998877599336,9.229326896901568,425.40899749293567,332.7110646538927,117.28892412210064,HIGH,0
B_19,2026-09-11T15:52:42.129918,12.9716,77.59650000000006,1.5,89.99998877599336,4.601133563541309,430.4846639242439,331.42929445693966,118.5706943190537,HIGH,0
B_20,2026-09-11T15:51:07.129918,12.9716,77.5946,1.5,89.99998877599336,9.089099495452555,378.06275059140876,0.0,89.99998877599336,HIGH,0
B_20,2026-09-11T15:51:12.129918,12.9716,77.5947,1.5,89.99998877599336,7.737241595624217,378.21799934163187,358.35830499244616,91.6416837835472,HIGH,0
B_20,2026-09-11T15:51:17.129918,12.9716,77.5948,1.5,89.99998877599336,9.023866214157247,378.6833637086813,356.7193012640899,93.28068751190347,HIGH,0
B_20,2026-09-11T15:51:22.129918,12.9716,77.59490000000001,1.5,89.99998877599336,4.630678000568172,379.4577027231705,355.08565371660274,94.91433505939062,HIGH,0
B_20,2026-09-11T15:51:27.129918,12.9716,77.59500000000001,1.5,89.99998877599336,8.60869105793828,380.53913024110983,353.4599751393991,96.54001363659427,HIGH,0
B_20,2026-09-11T15:51:32.129918,12.9716,77.59510000000002,1.5,89.99998877599336,5.231906306831581,381.9250376917757,351.84480173287386,98.1551870431195,HIGH,0
B_20,2026-09-11T15:51:37.129918,12.9716,77.59520000000002,1.5,89.99998877599336,6.671467477203704,383.6121250293812,350.24257044439923,99.75741833159412,HIGH,0
B_20,2026-09-11T15:51:42.129918,12.9716,77.59530000000002,1.5,89.99998877599336,8.318044445224372,385.5964390470174,348.6555986001308,101.34439017586254,HIGH,0
B_20,2026-09-11T15:51:47.129918,12.9716,77.59540000000003,1.5,89.99998877599336,7.953653708313596,387.87341804306686,347.0860662117394,102.91392256425394,HIGH,0
B_20,2026-09-11T15:51:52.129918,12.9716,77.59550000000003,1.5,89.99998877599336,9.564149562943895,390.4379417085025,345.53600123389936,104.463987542094,HIGH,0
B_20,2026-09-11T15:51:57.129918,12.9716,77.59560000000003,1.5,89.99998877599336,5.073895408617923,393.2843850310112,344.0072679341583,105.99272084183508,HIGH,0
B_20,2026-09-11T15:52:02.129918,12.9716,77.59570000000004,1.5,89.99998877599336,4.217537860067765,396.40667498839804,342.50155842842963,107.49843034756373,HIGH,0
B_20,2026-09-11T15:52:07.129918,12.9716,77.59580000000004,1.5,89.99998877599336,2.9520419839160414,399.7983488259825,341.02038732810786,108.9796014478855,HIGH,0
B_20,2026-09-11T15:52:12.129918,12.9716,77.59590000000004,1.5,89.99998877599336,9.046319256775197,403.4526127751481,339.5650893615277,110.43489941446563,HIGH,0
B_20,2026-09-11T15:52:17.129918,12.9716,77.59600000000005,1.5,89.99998877599336,7.6748148598673085,407.3624001656169,338.13681975046177,111.86316902553159,HIGH,0
B_20,2026-09-11T15:52:22.129918,12.9716,77.59610000000005,1.5,89.99998877599336,2.0404561562899763,411.5204280042209,336.7365570686278,113.26343170736556,HIGH,0
B_20,2026-09-11T15:52:27.129918,12.9716,77.59620000000005,1.5,89.99998877599336,9.33911400032094,415.919251229548,335.36510826894335,114.63488050705001,HIGH,0
B_20,2026-09-11T15:52:32.129918,12.9716,77.59630000000006,1.5,89.99998877599336,9.619578905179125,420.5513139967628,334.0231155403869,115.97687323560643,HIGH,0
B_20,2026-09-11T15:52:37.129918,12.9716,77.59640000000006,1.5,89.99998877599336,9.567868399442116,425.40899749293567,332.7110646538927,117.28892412210064,HIGH,0
B_20,2026-09-11T15:52:42.129918,12.9716,77.59650000000006,1.5,89.99998877599336,9.496794656176068,430.4846639242439,331.42929445693966,118.5706943190537,HIGH,0
B_21,2026-09-11T15:51:07.131087,12.9716,77.5946,1.5,89.99998877599336,9.005360965963645,378.06275059140876,0.0,89.99998877599336,HIGH,0
B_21,2026-09-11T15:51:12.131087,12.9716,77.5947,1.5,89.99998877599336,3.6289093094899894,378.21799934163187,358.35830499244616,91.6416837835472,HIGH,0
B_21,2026-09-11T15:51:17.131087,12.9716,77.5948,1.5,89.99998877599336,5.5523076268172264,378.6833637086813,356.7193012640899,93.28068751190347,HIGH,0
B_21,2026-09-11T15:51:22.131087,12.9716,77.59490000000001,1.5,89.99998877599336,8.404600998236809,379.4577027231705,355.08565371660274,94.91433505939062,HIGH,0
B_21,2026-09-11T15:51:27.131087,12.9716,77.59500000000001,1.5,89.99998877599336,5.027295878385808,380.53913024110983,353.4599751393991,96.54001363659427,HIGH,0
B_21,2026-09-11T15:51:32.131087,12.9716,77.59510000000002,1.5,89.99998877599336,4.964714523623779,381.9250376917757,351.84480173287386,98.1551870431195,HIGH,0
B_21,2026-09-11T15:51:37.131087,12.9716,77.59520000000002,1.5,89.99998877599336,5.316941023501468,383.6121250293812,350.24257044439923,99.75741833159412,HIGH,0
B_21,2026-09-11T15:51:42.131087,12.9716,77.59530000000002,1.5,89.99998877599336,9.527241635310933,385.5964390470174,348.6555986001308,101.34439017586254,HIGH,0
B_21,2026-09-11T15:51:47.131087,12.9716,77.59540000000003,1.5,89.99998877599336,6.504393681449374,387.87341804306686,347.0860662117394,102.91392256425394,HIGH,0
B_21,2026-09-11T15:51:52.131087,12.9716,77.59550000000003,1.5,89.99998877599336,4.341579455280046,390.4379417085025,345.53600123389936,104.463987542094,HIGH,0
B_21,2026-09-11T15:51:57.131087,12.9716,77.59560000000003,1.5,89.99998877599336,3.367959254305311,393.2843850310112,344.0072679341583,105.99272084183508,HIGH,0
B_21,2026-09-11T15:52:02.131087,12.9716,77.59570000000004,1.5,89.99998877599336,2.376114732462497,396.40667498839804,342.50155842842963,107.49843034756373,HIGH,0
B_21,2026-09-11T15:52:07.131087,12.9716,77.59580000000004,1.5,89.99998877599336,3.0594438885119333,399.7983488259825,341.02038732810786,108.9796014478855,HIGH,0
B_21,2026-09-11T15:52:12.131087,12.9716,77.59590000000004,1.5,89.99998877599336,5.399387513706385,403.4526127751481,339.5650893615277,110.43489941446563,HIGH,0
B_21,2026-09-11T15:52:17.131087,12.9716,77.59600000000005,1.5,89.99998877599336,7.551241618738277,407.3624001656169,338.13681975046177,111.86316902553159,HIGH,0
B_21,2026-09-11T15:52:22.131087,12.9716,77.59610000000005,1.5,89.99998877599336,6.549842986879089,411.5204280042209,336.7365570686278,113.26343170736556,HIGH,0
B_21,2026-09-11T15:52:27.131087,12.9716,77.59620000000005,1.5,89.99998877599336,3.38648927153465,415.919251229548,335.36510826894335,114.63488050705001,HIGH,0
B_21,2026-09-11T15:52:32.131087,12.9716,77.59630000000006,1.5,89.99998877599336,6.050000763926901,420.5513139967628,334.0231155403869,115.97687323560643,HIGH,0
B_21,2026-09-11T15:52:37.131087,12.9716,77.59640000000006,1.5,89.99998877599336,2.7870189519533337,425.40899749293567,332.7110646538927,117.28892412210064,HIGH,0
B_21,2026-09-11T15:52:42.131087,12.9716,77.59650000000006,1.5,89.99998877599336,8.390213281106805,430.4846639242439,331.42929445693966,118.5706943190537,HIGH,0
B_22,2026-09-11T15:51:07.131087,12.9716,77.5946,1.5,89.99998877599336,7.730643029097455,378.06275059140876,0.0,89.99998877599336,HIGH,0
B_22,2026-09-11T15:51:12.131087,12.9716,77.5947,1.5,89.99998877599336,2.5839940827800714,378.21799934163187,358.35830499244616,91.6416837835472,HIGH,0
B_22,2026-09-11T15:51:17.131087,12.9716,77.5948,1.5,89.99998877599336,3.102254016572142,378.6833637086813,356.7193012640899,93.28068751190347,HIGH,0
B_22,2026-09-11T15:51:22.131087,12.9716,77.59490000000001,1.5,89.99998877599336,3.894528362616442,379.4577027231705,355.08565371660274,94.91433505939062,HIGH,0
B_22,2026-09-11T15:51:27.131087,12.9716,77.59500000000001,1.5,89.99998877599336,7.479056155190541,380.53913024110983,353.4599751393991,96.54001363659427,HIGH,0
B_22,2026-09-11T15:51:32.131087,12.9716,77.59510000000002,1.5,89.99998877599336,3.978499080640189,381.9250376917757,351.84480173287386,98.1551870431195,HIGH,0
B_22,2026-09-11T15:51:37.131087,12.9716,77.59520000000002,1.5,89.99998877599336,8.355263462679885,383.6121250293812,350.24257044439923,99.75741833159412,HIGH,0
B_22,2026-09-11T15:51:42.131087,12.9716,77.59530000000002,1.5,89.99998877599336,7.825543692861183,385.5964390470174,348.6555986001308,101.34439017586254,HIGH,0
B_22,2026-09-11T15:51:47.131087,12.9716,77.59540000000003,1.5,89.99998877599336,5.238006140340333,387.87341804306686,347.0860662117394,102.91392256425394,HIGH,0
B_22,2026-09-11T15:51:52.131087,12.9716,77.59550000000003,1.5,89.99998877599336,4.6598465400525955,390.4379417085025,345.53600123389936,104.463987542094,HIGH,0
B_22,2026-09-11T15:51:57.131087,12.9716,77.59560000000003,1.5,89.99998877599336,5.013305802682717,393.2843850310112,344.0072679341583,105.99272084183508,HIGH,0
B_22,2026-09-11T15:52:02.131087,12.9716,77.59570000000004,1.5,89.99998877599336,5.880827922140512,396.40667498839804,342.50155842842963,107.49843034756373,HIGH,0
B_22,2026-09-11T15:52:07.131087,12.9716,77.59580000000004,1.5,89.99998877599336,3.083714797251365,399.7983488259825,341.02038732810786,108.9796014478855,HIGH,0
B_22,2026-09-11T15:52:12.131087,12.9716,77.59590000000004,1.5,89.99998877599336,6.636032454546343,403.4526127751481,339.5650893615277,110.43489941446563,HIGH,0
B_22,2026-09-11T15:52:17.131087,12.9716,77.59600000000005,1.5,89.99998877599336,4.686836812141478,407.3624001656169,338.13681975046177,111.86316902553159,HIGH,0
B_22,2026-09-11T15:52:22.131087,12.9716,77.59610000000005,1.5,89.99998877599336,9.435615589604609,411.5204280042209,336.7365570686278,113.26343170736556,HIGH,0
B_22,2026-09-11T15:52:27.131087,12.9716,77.59620000000005,1.5,89.99998877599336,7.975236801460973,415.919251229548,335.36510826894335,114.63488050705001,HIGH,0
B_22,2026-09-11T15:52:32.131087,12.9716,77.59630000000006,1.5,89.99998877599336,4.400142430818722,420.5513139967628,334.0231155403869,115.97687323560643,HIGH,0
B_22,2026-09-11T15:52:37.131087,12.9716,77.59640000000006,1.5,89.99998877599336,8.958460330748052,425.40899749293567,332.7110646538927,117.28892412210064,HIGH,0
B_22,2026-09-11T15:52:42.131087,12.9716,77.59650000000006,1.5,89.99998877599336,3.9477128517349014,430.4846639242439,331.42929445693966,118.5706943190537,HIGH,0
B_23,2026-09-11T15:51:07.132113,12.9716,77.5946,1.5,89.99998877599336,3.123274184989741,378.06275059140876,0.0,89.99998877599336,HIGH,0
B_23,2026-09-11T15:51:12.132113,12.9716,77.5947,1.5,89.99998877599336,7.550281000404532,378.21799934163187,358.35830499244616,91.6416837835472,HIGH,0
B_23,2026-09-11T15:51:17.132113,12.9716,77.5948,1.5,89.99998877599336,9.749356203280996,378.6833637086813,356.7193012640899,93.28068751190347,HIGH,0
B_23,2026-09-11T15:51:22.132113,12.9716,77.59490000000001,1.5,89.99998877599336,8.417100418523104,379.4577027231705,355.08565371660274,94.91433505939062,HIGH,0
B_23,2026-09-11T15:51:27.132113,12.9716,77.59500000000001,1.5,89.99998877599336,8.031692364502033,380.53913024110983,353.4599751393991,96.54001363659427,HIGH,0
B_23,2026-09-11T15:51:32.132113,12.9716,77.59510000000002,1.5,89.99998877599336,2.8126418915671447,381.9250376917757,351.84480173287386,98.1551870431195,HIGH,0
B_23,2026-09-11T15:51:37.132113,12.9716,77.59520000000002,1.5,89.99998877599336,7.236607936960585,383.6121250293812,350.24257044439923,99.75741833159412,HIGH,0
B_23,2026-09-11T15:51:42.132113,12.9716,77.59530000000002,1.5,89.99998877599336,4.702358738900867,385.5964390470174,348.6555986001308,101.34439017586254,HIGH,0
B_23,2026-09-11T15:51:47.132113,12.9716,77.59540000000003,1.5,89.99998877599336,7.961386621988893,387.87341804306686,347.0860662117394,102.91392256425394,HIGH,0
B_23,2026-09-11T15:51:52.132113,12.9716,77.59550000000003,1.5,89.99998877599336,4.639323232106367,390.4379417085025,345.53600123389936,104.463987542094,HIGH,0
B_23,2026-09-11T15:51:57.132113,12.9716,77.59560000000003,1.5,89.99998877599336,6.212024387049515,393.2843850310112,344.0072679341583,105.99272084183508,HIGH,0
B_23,2026-09-11T15:52:02.132113,12.9716,77.59570000000004,1.5,89.99998877599336,3.0834751883726845,396.40667498839804,342.50155842842963,107.49843034756373,HIGH,0
B_23,2026-09-11T15:52:07.132113,12.9716,77.59580000000004,1.5,89.99998877599336,8.499572154658985,399.7983488259825,341.02038732810786,108.9796014478855,HIGH,0
B_23,2026-09-11T15:52:12.132113,12.9716,77.59590000000004,1.5,89.99998877599336,5.015696829536461,403.4526127751481,339.5650893615277,110.43489941446563,HIGH,0
B_23,2026-09-11T15:52:17.132113,12.9716,77.59600000000005,1.5,89.99998877599336,3.525401100428007,407.3624001656169,338.13681975046177,111.86316902553159,HIGH,0
B_23,2026-09-11T15:52:22.132113,12.9716,77.59610000000005,1.5,89.99998877599336,8.068282901193308,411.5204280042209,336.7365570686278,113.26343170736556,HIGH,0
B_23,2026-09-11T15:52:27.132113,12.9716,77.59620000000005,1.5,89.99998877599336,2.2693842960368835,415.919251229548,335.36510826894335,114.63488050705001,HIGH,0
B_23,2026-09-11T15:52:32.132113,12.9716,77.59630000000006,1.5,89.99998877599336,7.044612958543587,420.5513139967628,334.0231155403869,115.97687323560643,HIGH,0
B_23,2026-09-11T15:52:37.132113,12.9716,77.59640000000006,1.5,89.99998877599336,6.48724152961202,425.40899749293567,332.7110646538927,117.28892412210064,HIGH,0
B_23,2026-09-11T15:52:42.132113,12.9716,77.59650000000006,1.5,89.99998877599336,9.911726543640475,430.4846639242439,331.42929445693966,118.5706943190537,HIGH,0
B_24,2026-09-11T15:51:07.133026,12.9716,77.5946,1.5,89.99998877599336,2.9563112960838858,378.06275059140876,0.0,89.99998877599336,HIGH,0
B_24,2026-09-11T15:51:12.133026,12.9716,77.5947,1.5,89.99998877599336,4.035305209544704,378.21799934163187,358.35830499244616,91.6416837835472,HIGH,0
B_24,2026-09-11T15:51:17.133026,12.9716,77.5948,1.5,89.99998877599336,5.100209948551642,378.6833637086813,356.7193012640899,93.28068751190347,HIGH,0
B_24,2026-09-11T15:51:22.133026,12.9716,77.59490000000001,1.5,89.99998877599336,9.283225221916316,379.4577027231705,355.08565371660274,94.91433505939062,HIGH,0
B_24,2026-09-11T15:51:27.133026,12.9716,77.59500000000001,1.5,89.99998877599336,3.771598352755678,380.53913024110983,353.4599751393991,96.54001363659427,HIGH,0
B_24,2026-09-11T15:51:32.133026,12.9716,77.59510000000002,1.5,89.99998877599336,9.148751241156354,381.9250376917757,351.84480173287386,98.1551870431195,HIGH,0
B_24,2026-09-11T15:51:37.133026,12.9716,77.59520000000002,1.5,89.99998877599336,3.5294232680525335,383.6121250293812,350.24257044439923,99.75741833159412,HIGH,0
B_24,2026-09-11T15:51:42.133026,12.9716,77.59530000000002,1.5,89.99998877599336,8.758380566785416,385.5964390470174,348.6555986001308,101.34439017586254,HIGH,0
B_24,2026-09-11T15:51:47.133026,12.9716,77.59540000000003,1.5,89.99998877599336,7.3731825720702,387.87341804306686,347.0860662117394,102.91392256425394,HIGH,0
B_24,2026-09-11T15:51:52.133026,12.9716,77.59550000000003,1.5,89.99998877599336,8.670098784737206,390.4379417085025,345.53600123389936,104.463987542094,HIGH,0
B_24,2026-09-11T15:51:57.133026,12.9716,77.59560000000003,1.5,89.99998877599336,5.200181945190688,393.2843850310112,344.0072679341583,105.99272084183508,HIGH,0
B_24,2026-09-11T15:52:02.133026,12.9716,77.59570000000004,1.5,89.99998877599336,8.892407030509393,396.40667498839804,342.50155842842963,107.49843034756373,HIGH,0
B_24,2026-09-11T15:52:07.133026,12.9716,77.59580000000004,1.5,89.99998877599336,8.958150270320884,399.7983488259825,341.02038732810786,108.9796014478855,HIGH,0
B_24,2026-09-11T15:52:12.133026,12.9716,77.59590000000004,1.5,89.99998877599336,4.048847732618413,403.4526127751481,339.5650893615277,110.43489941446563,HIGH,0
B_24,2026-09-11T15:52:17.133026,12.9716,77.59600000000005,1.5,89.99998877599336,7.391336522051943,407.3624001656169,338.13681975046177,111.86316902553159,HIGH,0
B_24,2026-09-11T15:52:22.133026,12.9716,77.59610000000005,1.5,89.99998877599336,7.4603238661298175,411.5204280042209,336.7365570686278,113.26343170736556,HIGH,0
B_24,2026-09-11T15:52:27.133026,12.9716,77.59620000000005,1.5,89.99998877599336,4.091650135941893,415.919251229548,335.36510826894335,114.63488050705001,HIGH,0
B_24,2026-09-11T15:52:32.133026,12.9716,77.59630000000006,1.5,89.99998877599336,2.0873863721285213,420.5513139967628,334.0231155403869,115.97687323560643,HIGH,0
B_24,2026-09-11T15:52:37.133026,12.9716,77.59640000000006,1.5,89.99998877599336,4.99621367023948,425.40899749293567,332.7110646538927,117.28892412210064,HIGH,0
B_24,2026-09-11T15:52:42.133026,12.9716,77.59650000000006,1.5,89.99998877599336,9.315433728291623,430.4846639242439,331.42929445693966,118.5706943190537,HIGH,0
B_25,2026-09-11T15:51:07.133536,12.9716,77.5946,1.5,89.99998877599336,9.235911999892597,378.06275059140876,0.0,89.99998877599336,HIGH,0
B_25,2026-09-11T15:51:12.133536,12.9716,77.5947,1.5,89.99998877599336,7.67223594799502,378.21799934163187,358.35830499244616,91.6416837835472,HIGH,0
B_25,2026-09-11T15:51:17.133536,12.9716,77.5948,1.5,89.99998877599336,7.691651463456905,378.6833637086813,356.7193012640899,93.28068751190347,HIGH,0
B_25,2026-09-11T15:51:22.133536,12.9716,77.59490000000001,1.5,89.99998877599336,4.65649215243993,379.4577027231705,355.08565371660274,94.91433505939062,HIGH,0
B_25,2026-09-11T15:51:27.133536,12.9716,77.59500000000001,1.5,89.99998877599336,8.172223326245874,380.53913024110983,353.4599751393991,96.54001363659427,HIGH,0
B_25,2026-09-11T15:51:32.133536,12.9716,77.59510000000002,1.5,89.99998877599336,2.8420886388719966,381.9250376917757,351.84480173287386,98.1551870431195,HIGH,0
B_25,2026-09-11T15:51:37.133536,12.9716,77.59520000000002,1.5,89.99998877599336,8.963554874146721,383.6121250293812,350.24257044439923,99.75741833159412,HIGH,0
B_25,2026-09-11T15:51:42.133536,12.9716,77.59530000000002,1.5,89.99998877599336,8.053444998940211,385.5964390470174,348.6555986001308,101.34439017586254,HIGH,0
B_25,2026-09-11T15:51:47.133536,12.9716,77.59540000000003,1.5,89.99998877599336,9.256617475408248,387.87341804306686,347.0860662117394,102.91392256425394,HIGH,0
B_25,2026-09-11T15:51:52.133536,12.9716,77.59550000000003,1.5,89.99998877599336,2.6473116702622246,390.4379417085025,345.53600123389936,104.463987542094,HIGH,0
B_25,2026-09-11T15:51:57.133536,12.9716,77.59560000000003,1.5,89.99998877599336,6.927117809083006,393.2843850310112,344.0072679341583,105.99272084183508,HIGH,0
B_25,2026-09-11T15:52:02.133536,12.9716,77.59570000000004,1.5,89.99998877599336,4.213963555733511,396.40667498839804,342.50155842842963,107.49843034756373,HIGH,0
B_25,2026-09-11T15:52:07.133536,12.9716,77.59580000000004,1.5,89.99998877599336,9.242800152254112,399.7983488259825,341.02038732810786,108.9796014478855,HIGH,0
B_25,2026-09-11T15:52:12.133536,12.9716,77.59590000000004,1.5,89.99998877599336,5.8259823538654665,403.4526127751481,339.5650893615277,110.43489941446563,HIGH,0
B_25,2026-09-11T15:52:17.133536,12.9716,77.59600000000005,1.5,89.99998877599336,3.300885117995141,407.3624001656169,338.13681975046177,111.86316902553159,HIGH,0
B_25,2026-09-11T15:52:22.133536,12.9716,77.59610000000005,1.5,89.99998877599336,4.137053472248602,411.5204280042209,336.7365570686278,113.26343170736556,HIGH,0
B_25,2026-09-11T15:52:27.133536,12.9716,77.59620000000005,1.5,89.99998877599336,6.87226793085905,415.919251229548,335.36510826894335,114.63488050705001,HIGH,0
B_25,2026-09-11T15:52:32.133536,12.9716,77.59630000000006,1.5,89.99998877599336,4.904611762656097,420.5513139967628,334.0231155403869,115.97687323560643,HIGH,0
B_25,2026-09-11T15:52:37.133536,12.9716,77.59640000000006,1.5,89.99998877599336,2.013050491547765,425.40899749293567,332.7110646538927,117.28892412210064,HIGH,0
B_25,2026-09-11T15:52:42.133536,12.9716,77.59650000000006,1.5,89.99998877599336,4.856368747269676,430.4846639242439,331.42929445693966,118.5706943190537,HIGH,0
B_26,2026-09-11T15:51:07.133536,12.9716,77.5946,1.5,89.99998877599336,3.8809102263845876,378.06275059140876,0.0,89.99998877599336,HIGH,0
B_26,2026-09-11T15:51:12.133536,12.9716,77.5947,1.5,89.99998877599336,9.62394443979673,378.21799934163187,358.35830499244616,91.6416837835472,HIGH,0
B_26,2026-09-11T15:51:17.133536,12.9716,77.5948,1.5,89.99998877599336,6.310958844375475,378.6833637086813,356.7193012640899,93.28068751190347,HIGH,0
B_26,2026-09-11T15:51:22.133536,12.9716,77.59490000000001,1.5,89.99998877599336,7.876535238544408,379.4577027231705,355.08565371660274,94.91433505939062,HIGH,0
B_26,2026-09-11T15:51:27.133536,12.9716,77.59500000000001,1.5,89.99998877599336,5.270300385119105,380.53913024110983,353.4599751393991,96.54001363659427,HIGH,0
B_26,2026-09-11T15:51:32.133536,12.9716,77.59510000000002,1.5,89.99998877599336,4.784376859879997,381.9250376917757,351.84480173287386,98.1551870431195,HIGH,0
B_26,2026-09-11T15:51:37.133536,12.9716,77.59520000000002,1.5,89.99998877599336,8.226549499505495,383.6121250293812,350.24257044439923,99.75741833159412,HIGH,0
B_26,2026-09-11T15:51:42.133536,12.9716,77.59530000000002,1.5,89.99998877599336,7.168850874830356,385.5964390470174,348.6555986001308,101.34439017586254,HIGH,0
B_26,2026-09-11T15:51:47.133536,12.9716,77.59540000000003,1.5,89.99998877599336,5.329746386453219,387.87341804306686,347.0860662117394,102.91392256425394,HIGH,0
B_26,2026-09-11T15:51:52.133536,12.9716,77.59550000000003,1.5,89.99998877599336,4.032668515100871,390.4379417085025,345.53600123389936,104.463987542094,HIGH,0
B_26,2026-09-11T15:51:57.133536,12.9716,77.59560000000003,1.5,89.99998877599336,8.979487392163499,393.2843850310112,344.0072679341583,105.99272084183508,HIGH,0
B_26,2026-09-11T15:52:02.133536,12.9716,77.59570000000004,1.5,89.99998877599336,6.846759693895674,396.40667498839804,342.50155842842963,107.49843034756373,HIGH,0
B_26,2026-09-11T15:52:07.133536,12.9716,77.59580000000004,1.5,89.99998877599336,4.939581939629713,399.7983488259825,341.02038732810786,108.9796014478855,HIGH,0
B_26,2026-09-11T15:52:12.133536,12.9716,77.59590000000004,1.5,89.99998877599336,5.926213784912983,403.4526127751481,339.5650893615277,110.43489941446563,HIGH,0
B_26,2026-09-11T15:52:17.133536,12.9716,77.59600000000005,1.5,89.99998877599336,3.238274589108891,407.3624001656169,338.13681975046177,111.86316902553159,HIGH,0
B_26,2026-09-11T15:52:22.133536,12.9716,77.59610000000005,1.5,89.99998877599336,2.9372661977018426,411.5204280042209,336.7365570686278,113.26343170736556,HIGH,0
B_26,2026-09-11T15:52:27.133536,12.9716,77.59620000000005,1.5,89.99998877599336,6.880167499707331,415.919251229548,335.36510826894335,114.63488050705001,HIGH,0
B_26,2026-09-11T15:52:32.133536,12.9716,77.59630000000006,1.5,89.99998877599336,8.986580705232848,420.5513139967628,334.0231155403869,115.97687323560643,HIGH,0
B_26,2026-09-11T15:52:37.133536,12.9716,77.59640000000006,1.5,89.99998877599336,8.339422877325193,425.40899749293567,332.7110646538927,117.28892412210064,HIGH,0
B_26,2026-09-11T15:52:42.133536,12.9716,77.59650000000006,1.5,89.99998877599336,6.291764660949551,430.4846639242439,331.42929445693966,118.5706943190537,HIGH,0
B_27,2026-09-11T15:51:07.134077,12.9716,77.5946,1.5,89.99998877599336,5.907900712741605,378.06275059140876,0.0,89.99998877599336,HIGH,0
B_27,2026-09-11T15:51:12.134077,12.9716,77.5947,1.5,89.99998877599336,7.753191743851494,378.21799934163187,358.35830499244616,91.6416837835472,HIGH,0
B_27,2026-09-11T15:51:17.134077,12.9716,77.5948,1.5,89.99998877599336,6.888060438595615,378.6833637086813,356.7193012640899,93.28068751190347,HIGH,0
B_27,2026-09-11T15:51:22.134077,12.9716,77.59490000000001,1.5,89.99998877599336,8.189229379995968,379.4577027231705,355.08565371660274,94.91433505939062,HIGH,0
B_27,2026-09-11T15:51:27.134077,12.9716,77.59500000000001,1.5,89.99998877599336,8.968748777357453,380.53913024110983,353.4599751393991,96.54001363659427,HIGH,0
B_27,2026-09-11T15:51:32.134077,12.9716,77.59510000000002,1.5,89.99998877599336,9.233562937688532,381.9250376917757,351.84480173287386,98.1551870431195,HIGH,0
B_27,2026-09-11T15:51:37.134077,12.9716,77.59520000000002,1.5,89.99998877599336,3.5916403876199547,383.6121250293812,350.24257044439923,99.75741833159412,HIGH,0
B_27,2026-09-11T15:51:42.134077,12.9716,77.59530000000002,1.5,89.99998877599336,9.718677475174545,385.5964390470174,348.6555986001308,101.34439017586254,HIGH,0
B_27,2026-09-11T15:51:47.134077,12.9716,77.59540000000003,1.5,89.99998877599336,7.642055527945293,387.87341804306686,347.0860662117394,102.91392256425394,HIGH,0
B_27,2026-09-11T15:51:52.134077,12.9716,77.59550000000003,1.5,89.99998877599336,9.464422059075487,390.4379417085025,345.53600123389936,104.463987542094,HIGH,0
B_27,2026-09-11T15:51:57.134077,12.9716,77.59560000000003,1.5,89.99998877599336,9.408960295885402,393.2843850310112,344.0072679341583,105.99272084183508,HIGH,0
B_27,2026-09-11T15:52:02.134077,12.9716,77.59570000000004,1.5,89.99998877599336,8.506636656456434,396.40667498839804,342.50155842842963,107.49843034756373,HIGH,0
B_27,2026-09-11T15:52:07.134077,12.9716,77.59580000000004,1.5,89.99998877599336,2.5824272106765545,399.7983488259825,341.02038732810786,108.9796014478855,HIGH,0
B_27,2026-09-11T15:52:12.134077,12.9716,77.59590000000004,1.5,89.99998877599336,6.060552921989725,403.4526127751481,339.5650893615277,110.43489941446563,HIGH,0
B_27,2026-09-11T15:52:17.134077,12.9716,77.59600000000005,1.5,89.99998877599336,5.244701920051618,407.3624001656169,338.13681975046177,111.86316902553159,HIGH,0
B_27,2026-09-11T15:52:22.134077,12.9716,77.59610000000005,1.5,89.99998877599336,5.281628433534819,411.5204280042209,336.7365570686278,113.26343170736556,HIGH,0
B_27,2026-09-11T15:52:27.134077,12.9716,77.59620000000005,1.5,89.99998877599336,4.481074325365052,415.919251229548,335.36510826894335,114.63488050705001,HIGH,0
B_27,2026-09-11T15:52:32.134077,12.9716,77.59630000000006,1.5,89.99998877599336,3.2977721100473003,420.5513139967628,334.0231155403869,115.97687323560643,HIGH,0
B_27,2026-09-11T15:52:37.134077,12.9716,77.59640000000006,1.5,89.99998877599336,5.169309709402245,425.40899749293567,332.7110646538927,117.28892412210064,HIGH,0
B_27,2026-09-11T15:52:42.134077,12.9716,77.59650000000006,1.5,89.99998877599336,9.67068804573795,430.4846639242439,331.42929445693966,118.5706943190537,HIGH,0
B_28,2026-09-11T15:51:07.134606,12.9716,77.5946,1.5,89.99998877599336,5.106882753741319,378.06275059140876,0.0,89.99998877599336,HIGH,0
B_28,2026-09-11T15:51:12.134606,12.9716,77.5947,1.5,89.99998877599336,3.5809847073508836,378.21799934163187,358.35830499244616,91.6416837835472,HIGH,0
B_28,2026-09-11T15:51:17.134606,12.9716,77.5948,1.5,89.99998877599336,3.1485746091813622,378.6833637086813,356.7193012640899,93.28068751190347,HIGH,0
B_28,2026-09-11T15:51:22.134606,12.9716,77.59490000000001,1.5,89.99998877599336,3.935460046783838,379.4577027231705,355.08565371660274,94.91433505939062,HIGH,0
B_28,2026-09-11T15:51:27.134606,12.9716,77.59500000000001,1.5,89.99998877599336,7.248040935974191,380.53913024110983,353.4599751393991,96.54001363659427,HIGH,0
B_28,2026-09-11T15:51:32.134606,12.9716,77.59510000000002,1.5,89.99998877599336,3.308856172361134,381.9250376917757,351.84480173287386,98.1551870431195,HIGH,0
B_28,2026-09-11T15:51:37.134606,12.9716,77.59520000000002,1.5,89.99998877599336,8.077696458378984,383.6121250293812,350.24257044439923,99.75741833159412,HIGH,0
B_28,2026-09-11T15:51:42.134606,12.9716,77.59530000000002,1.5,89.99998877599336,6.285900282230111,385.5964390470174,348.6555986001308,101.34439017586254,HIGH,0
B_28,2026-09-11T15:51:47.134606,12.9716,77.59540000000003,1.5,89.99998877599336,2.067842150285453,387.87341804306686,347.0860662117394,102.91392256425394,HIGH,0
B_28,2026-09-11T15:51:52.134606,12.9716,77.59550000000003,1.5,89.99998877599336,6.577642406747471,390.4379417085025,345.53600123389936,104.463987542094,HIGH,0
B_28,2026-09-11T15:51:57.134606,12.9716,77.59560000000003,1.5,89.99998877599336,4.259168963525807,393.2843850310112,344.0072679341583,105.99272084183508,HIGH,0
B_28,2026-09-11T15:52:02.134606,12.9716,77.59570000000004,1.5,89.99998877599336,7.460941012280173,396.40667498839804,342.50155842842963,107.49843034756373,HIGH,0
B_28,2026-09-11T15:52:07.134606,12.9716,77.59580000000004,1.5,89.99998877599336,6.802760483419582,399.7983488259825,341.02038732810786,108.9796014478855,HIGH,0
B_28,2026-09-11T15:52:12.134606,12.9716,77.59590000000004,1.5,89.99998877599336,7.834922749093067,403.4526127751481,339.5650893615277,110.43489941446563,HIGH,0
B_28,2026-09-11T15:52:17.134606,12.9716,77.59600000000005,1.5,89.99998877599336,2.9324204006652694,407.3624001656169,338.13681975046177,111.86316902553159,HIGH,0
B_28,2026-09-11T15:52:22.134606,12.9716,77.59610000000005,1.5,89.99998877599336,4.4562850783142345,411.5204280042209,336.7365570686278,113.26343170736556,HIGH,0
B_28,2026-09-11T15:52:27.134606,12.9716,77.59620000000005,1.5,89.99998877599336,3.2823959993780774,415.919251229548,335.36510826894335,114.63488050705001,HIGH,0
B_28,2026-09-11T15:52:32.134606,12.9716,77.59630000000006,1.5,89.99998877599336,3.5355344033958014,420.5513139967628,334.0231155403869,115.97687323560643,HIGH,0
B_28,2026-09-11T15:52:37.134606,12.9716,77.59640000000006,1.5,89.99998877599336,2.0302999171912637,425.40899749293567,332.7110646538927,117.28892412210064,HIGH,0
B_28,2026-09-11T15:52:42.134606,12.9716,77.59650000000006,1.5,89.99998877599336,3.472481336741107,430.4846639242439,331.42929445693966,118.5706943190537,HIGH,0
B_29,2026-09-11T15:51:07.135135,12.9716,77.5946,1.5,89.99998877599336,3.718411759975428,378.06275059140876,0.0,89.99998877599336,HIGH,0
B_29,2026-09-11T15:51:12.135135,12.9716,77.5947,1.5,89.99998877599336,6.491885580808182,378.21799934163187,358.35830499244616,91.6416837835472,HIGH,0
B_29,2026-09-11T15:51:17.135135,12.9716,77.5948,1.5,89.99998877599336,9.27624037808574,378.6833637086813,356.7193012640899,93.28068751190347,HIGH,0
B_29,2026-09-11T15:51:22.135135,12.9716,77.59490000000001,1.5,89.99998877599336,3.383262883726955,379.4577027231705,355.08565371660274,94.91433505939062,HIGH,0
B_29,2026-09-11T15:51:27.135135,12.9716,77.59500000000001,1.5,89.99998877599336,7.223558009842303,380.53913024110983,353.4599751393991,96.54001363659427,HIGH,0
B_29,2026-09-11T15:51:32.135135,12.9716,77.59510000000002,1.5,89.99998877599336,3.306423352619354,381.9250376917757,351.84480173287386,98.1551870431195,HIGH,0
B_29,2026-09-11T15:51:37.135135,12.9716,77.59520000000002,1.5,89.99998877599336,4.408609985539879,383.6121250293812,350.24257044439923,99.75741833159412,HIGH,0
B_29,2026-09-11T15:51:42.135135,12.9716,77.59530000000002,1.5,89.99998877599336,7.523621570703698,385.5964390470174,348.6555986001308,101.34439017586254,HIGH,0
B_29,2026-09-11T15:51:47.135135,12.9716,77.59540000000003,1.5,89.99998877599336,5.797530987350796,387.87341804306686,347.0860662117394,102.91392256425394,HIGH,0
B_29,2026-09-11T15:51:52.135135,12.9716,77.59550000000003,1.5,89.99998877599336,2.0341869435365405,390.4379417085025,345.53600123389936,104.463987542094,HIGH,0
B_29,2026-09-11T15:51:57.135135,12.9716,77.59560000000003,1.5,89.99998877599336,7.892470082211718,393.2843850310112,344.0072679341583,105.99272084183508,HIGH,0
B_29,2026-09-11T15:52:02.135135,12.9716,77.59570000000004,1.5,89.99998877599336,8.05237675683242,396.40667498839804,342.50155842842963,107.49843034756373,HIGH,0
B_29,2026-09-11T15:52:07.135135,12.9716,77.59580000000004,1.5,89.99998877599336,2.5225583796093813,399.7983488259825,341.02038732810786,108.9796014478855,HIGH,0
B_29,2026-09-11T15:52:12.135135,12.9716,77.59590000000004,1.5,89.99998877599336,4.456934971687722,403.4526127751481,339.5650893615277,110.43489941446563,HIGH,0
B_29,2026-09-11T15:52:17.135135,12.9716,77.59600000000005,1.5,89.99998877599336,9.950640069441437,407.3624001656169,338.13681975046177,111.86316902553159,HIGH,0
B_29,2026-09-11T15:52:22.135135,12.9716,77.59610000000005,1.5,89.99998877599336,3.5498676954776505,411.5204280042209,336.7365570686278,113.26343170736556,HIGH,0
B_29,2026-09-11T15:52:27.135135,12.9716,77.59620000000005,1.5,89.99998877599336,3.568813891258533,415.919251229548,335.36510826894335,114.63488050705001,HIGH,0
B_29,2026-09-11T15:52:32.135135,12.9716,77.59630000000006,1.5,89.99998877599336,4.342224803850186,420.5513139967628,334.0231155403869,115.97687323560643,HIGH,0
B_29,2026-09-11T15:52:37.135135,12.9716,77.59640000000006,1.5,89.99998877599336,6.458923222075184,425.40899749293567,332.7110646538927,117.28892412210064,HIGH,0
B_29,2026-09-11T15:52:42.135135,12.9716,77.59650000000006,1.5,89.99998877599336,2.824211155589813,430.4846639242439,331.42929445693966,118.5706943190537,HIGH,0
B_30,2026-09-11T15:51:07.135659,12.9716,77.5946,1.5,89.99998877599336,4.994899576023544,378.06275059140876,0.0,89.99998877599336,HIGH,0
B_30,2026-09-11T15:51:12.135659,12.9716,77.5947,1.5,89.99998877599336,7.654096355134901,378.21799934163187,358.35830499244616,91.6416837835472,HIGH,0
B_30,2026-09-11T15:51:17.135659,12.9716,77.5948,1.5,89.99998877599336,3.5357867214058176,378.6833637086813,356.7193012640899,93.28068751190347,HIGH,0
B_30,2026-09-11T15:51:22.135659,12.9716,77.59490000000001,1.5,89.99998877599336,4.248617341415431,379.4577027231705,355.08565371660274,94.91433505939062,HIGH,0
B_30,2026-09-11T15:51:27.135659,12.9716,77.59500000000001,1.5,89.99998877599336,3.9566636683580283,380.53913024110983,353.4599751393991,96.54001363659427,HIGH,0
B_30,2026-09-11T15:51:32.135659,12.9716,77.59510000000002,1.5,89.99998877599336,8.136391453321568,381.9250376917757,351.84480173287386,98.1551870431195,HIGH,0
B_30,2026-09-11T15:51:37.135659,12.9716,77.59520000000002,1.5,89.99998877599336,7.392136411074003,383.6121250293812,350.24257044439923,99.75741833159412,HIGH,0
B_30,2026-09-11T15:51:42.135659,12.9716,77.59530000000002,1.5,89.99998877599336,2.644343867723152,385.5964390470174,348.6555986001308,101.34439017586254,HIGH,0
B_30,2026-09-11T15:51:47.135659,12.9716,77.59540000000003,1.5,89.99998877599336,5.532991308217574,387.87341804306686,347.0860662117394,102.91392256425394,HIGH,0
B_30,2026-09-11T15:51:52.135659,12.9716,77.59550000000003,1.5,89.99998877599336,3.456607655663163,390.4379417085025,345.53600123389936,104.463987542094,HIGH,0
B_30,2026-09-11T15:51:57.135659,12.9716,77.59560000000003,1.5,89.99998877599336,9.671391601564167,393.2843850310112,344.0072679341583,105.99272084183508,HIGH,0
B_30,2026-09-11T15:52:02.135659,12.9716,77.59570000000004,1.5,89.99998877599336,6.112325842232964,396.40667498839804,342.50155842842963,107.49843034756373,HIGH,0
B_30,2026-09-11T15:52:07.135659,12.9716,77.59580000000004,1.5,89.99998877599336,8.872230822478553,399.7983488259825,341.02038732810786,108.9796014478855,HIGH,0
B_30,2026-09-11T15:52:12.135659,12.9716,77.59590000000004,1.5,89.99998877599336,2.757263377831584,403.4526127751481,339.5650893615277,110.43489941446563,HIGH,0
B_30,2026-09-11T15:52:17.135659,12.9716,77.59600000000005,1.5,89.99998877599336,2.0302841141450125,407.3624001656169,338.13681975046177,111.86316902553159,HIGH,0
B_30,2026-09-11T15:52:22.135659,12.9716,77.59610000000005,1.5,89.99998877599336,2.982520751238021,411.5204280042209,336.7365570686278,113.26343170736556,HIGH,0
B_30,2026-09-11T15:52:27.135659,12.9716,77.59620000000005,1.5,89.99998877599336,5.989142076388936,415.919251229548,335.36510826894335,114.63488050705001,HIGH,0
B_30,2026-09-11T15:52:32.135659,12.9716,77.59630000000006,1.5,89.99998877599336,9.018197960779172,420.5513139967628,334.0231155403869,115.97687323560643,HIGH,0
B_30,2026-09-11T15:52:37.135659,12.9716,77.59640000000006,1.5,89.99998877599336,7.044795867078092,425.40899749293567,332.7110646538927,117.28892412210064,HIGH,0
B_30,2026-09-11T15:52:42.135659,12.9716,77.59650000000006,1.5,89.99998877599336,7.848702830094713,430.4846639242439,331.42929445693966,118.5706943190537,HIGH,0
B_31,2026-09-11T15:51:07.135659,12.9716,77.5946,1.5,89.99998877599336,9.907686560617876,378.06275059140876,0.0,89.99998877599336,HIGH,0
B_31,2026-09-11T15:51:12.135659,12.9716,77.5947,1.5,89.99998877599336,5.473745466270302,378.21799934163187,358.35830499244616,91.6416837835472,HIGH,0
B_31,2026-09-11T15:51:17.135659,12.9716,77.5948,1.5,89.99998877599336,8.57982518892729,378.6833637086813,356.7193012640899,93.28068751190347,HIGH,0
B_31,2026-09-11T15:51:22.135659,12.9716,77.59490000000001,1.5,89.99998877599336,4.207066402808666,379.4577027231705,355.08565371660274,94.91433505939062,HIGH,0
B_31,2026-09-11T15:51:27.135659,12.9716,77.59500000000001,1.5,89.99998877599336,4.58674316107027,380.53913024110983,353.4599751393991,96.54001363659427,HIGH,0
B_31,2026-09-11T15:51:32.135659,12.9716,77.59510000000002,1.5,89.99998877599336,7.1008653565532,381.9250376917757,351.84480173287386,98.1551870431195,HIGH,0
B_31,2026-09-11T15:51:37.135659,12.9716,77.59520000000002,1.5,89.99998877599336,6.197146934366956,383.6121250293812,350.24257044439923,99.75741833159412,HIGH,0
B_31,2026-09-11T15:51:42.135659,12.9716,77.59530000000002,1.5,89.99998877599336,9.275547407928627,385.5964390470174,348.6555986001308,101.34439017586254,HIGH,0
B_31,2026-09-11T15:51:47.135659,12.9716,77.59540000000003,1.5,89.99998877599336,6.817770282339043,387.87341804306686,347.0860662117394,102.91392256425394,HIGH,0
B_31,2026-09-11T15:51:52.135659,12.9716,77.59550000000003,1.5,89.99998877599336,6.752422954670078,390.4379417085025,345.53600123389936,104.463987542094,HIGH,0
B_31,2026-09-11T15:51:57.135659,12.9716,77.59560000000003,1.5,89.99998877599336,3.276864189644378,393.2843850310112,344.0072679341583,105.99272084183508,HIGH,0
B_31,2026-09-11T15:52:02.135659,12.9716,77.59570000000004,1.5,89.99998877599336,3.728698038587349,396.40667498839804,342.50155842842963,107.49843034756373,HIGH,0
B_31,2026-09-11T15:52:07.135659,12.9716,77.59580000000004,1.5,89.99998877599336,6.434110086112062,399.7983488259825,341.02038732810786,108.9796014478855,HIGH,0
B_31,2026-09-11T15:52:12.135659,12.9716,77.59590000000004,1.5,89.99998877599336,4.2178919945617395,403.4526127751481,339.5650893615277,110.43489941446563,HIGH,0
B_31,2026-09-11T15:52:17.135659,12.9716,77.59600000000005,1.5,89.99998877599336,2.4052588658412066,407.3624001656169,338.13681975046177,111.86316902553159,HIGH,0
B_31,2026-09-11T15:52:22.135659,12.9716,77.59610000000005,1.5,89.99998877599336,5.624938771521463,411.5204280042209,336.7365570686278,113.26343170736556,HIGH,0
B_31,2026-09-11T15:52:27.135659,12.9716,77.59620000000005,1.5,89.99998877599336,9.017414384768175,415.919251229548,335.36510826894335,114.63488050705001,HIGH,0
B_31,2026-09-11T15:52:32.135659,12.9716,77.59630000000006,1.5,89.99998877599336,5.377156977110299,420.5513139967628,334.0231155403869,115.97687323560643,HIGH,0
B_31,2026-09-11T15:52:37.135659,12.9716,77.59640000000006,1.5,89.99998877599336,5.403866497355624,425.40899749293567,332.7110646538927,117.28892412210064,HIGH,0
B_31,2026-09-11T15:52:42.135659,12.9716,77.59650000000006,1.5,89.99998877599336,3.631739286147444,430.4846639242439,331.42929445693966,118.5706943190537,HIGH,0
B_32,2026-09-11T15:51:07.136190,12.9716,77.5946,1.5,89.99998877599336,2.4339818185683404,378.06275059140876,0.0,89.99998877599336,HIGH,0
B_32,2026-09-11T15:51:12.136190,12.9716,77.5947,1.5,89.99998877599336,3.2076793486453363,378.21799934163187,358.35830499244616,91.6416837835472,HIGH,0
B_32,2026-09-11T15:51:17.136190,12.9716,77.5948,1.5,89.99998877599336,4.4325903998513745,378.6833637086813,356.7193012640899,93.28068751190347,HIGH,0
B_32,2026-09-11T15:51:22.136190,12.9716,77.59490000000001,1.5,89.99998877599336,6.841489677066597,379.4577027231705,355.08565371660274,94.91433505939062,HIGH,0
B_32,2026-09-11T15:51:27.136190,12.9716,77.59500000000001,1.5,89.99998877599336,9.568040760919924,380.53913024110983,353.4599751393991,96.54001363659427,HIGH,0
B_32,2026-09-11T15:51:32.136190,12.9716,77.59510000000002,1.5,89.99998877599336,8.978060403599315,381.9250376917757,351.84480173287386,98.1551870431195,HIGH,0
B_32,2026-09-11T15:51:37.136190,12.9716,77.59520000000002,1.5,89.99998877599336,3.7526928968301414,383.6121250293812,350.24257044439923,99.75741833159412,HIGH,0
B_32,2026-09-11T15:51:42.136190,12.9716,77.59530000000002,1.5,89.99998877599336,5.368132099834969,385.5964390470174,348.6555986001308,101.34439017586254,HIGH,0
B_32,2026-09-11T15:51:47.136190,12.9716,77.59540000000003,1.5,89.99998877599336,5.655858647160802,387.87341804306686,347.0860662117394,102.91392256425394,HIGH,0
B_32,2026-09-11T15:51:52.136190,12.9716,77.59550000000003,1.5,89.99998877599336,6.437842837750103,390.4379417085025,345.53600123389936,104.463987542094,HIGH,0
B_32,2026-09-11T15:51:57.136190,12.9716,77.59560000000003,1.5,89.99998877599336,5.915634374638454,393.2843850310112,344.0072679341583,105.99272084183508,HIGH,0
B_32,2026-09-11T15:52:02.136190,12.9716,77.59570000000004,1.5,89.99998877599336,7.2691412168009135,396.40667498839804,342.50155842842963,107.49843034756373,HIGH,0
B_32,2026-09-11T15:52:07.136190,12.9716,77.59580000000004,1.5,89.99998877599336,3.173637189069918,399.7983488259825,341.02038732810786,108.9796014478855,HIGH,0
B_32,2026-09-11T15:52:12.136190,12.9716,77.59590000000004,1.5,89.99998877599336,8.020813666582287,403.4526127751481,339.5650893615277,110.43489941446563,HIGH,0
B_32,2026-09-11T15:52:17.136190,12.9716,77.59600000000005,1.5,89.99998877599336,9.579628933255734,407.3624001656169,338.13681975046177,111.86316902553159,HIGH,0
B_32,2026-09-11T15:52:22.136190,12.9716,77.59610000000005,1.5,89.99998877599336,6.867022143480746,411.5204280042209,336.7365570686278,113.26343170736556,HIGH,0
B_32,2026-09-11T15:52:27.136190,12.9716,77.59620000000005,1.5,89.99998877599336,7.469397763908575,415.919251229548,335.36510826894335,114.63488050705001,HIGH,0
B_32,2026-09-11T15:52:32.136190,12.9716,77.59630000000006,1.5,89.99998877599336,2.300786016605266,420.5513139967628,334.0231155403869,115.97687323560643,HIGH,0
B_32,2026-09-11T15:52:37.136190,12.9716,77.59640000000006,1.5,89.99998877599336,5.432119561035766,425.40899749293567,332.7110646538927,117.28892412210064,HIGH,0
B_32,2026-09-11T15:52:42.136190,12.9716,77.59650000000006,1.5,89.99998877599336,6.861468004482832,430.4846639242439,331.42929445693966,118.5706943190537,HIGH,0
B_33,2026-09-11T15:51:07.136733,12.9716,77.5946,1.5,89.99998877599336,2.7673580866902903,378.06275059140876,0.0,89.99998877599336,HIGH,0
B_33,2026-09-11T15:51:12.136733,12.9716,77.5947,1.5,89.99998877599336,3.664852701196411,378.21799934163187,358.35830499244616,91.6416837835472,HIGH,0
B_33,2026-09-11T15:51:17.136733,12.9716,77.5948,1.5,89.99998877599336,9.615074029247975,378.6833637086813,356.7193012640899,93.28068751190347,HIGH,0
B_33,2026-09-11T15:51:22.136733,12.9716,77.59490000000001,1.5,89.99998877599336,6.288523290858772,379.4577027231705,355.08565371660274,94.91433505939062,HIGH,0
B_33,2026-09-11T15:51:27.136733,12.9716,77.59500000000001,1.5,89.99998877599336,8.20800466968138,380.53913024110983,353.4599751393991,96.54001363659427,HIGH,0
B_33,2026-09-11T15:51:32.136733,12.9716,77.59510000000002,1.5,89.99998877599336,7.503473476255293,381.9250376917757,351.84480173287386,98.1551870431195,HIGH,0
B_33,2026-09-11T15:51:37.136733,12.9716,77.59520000000002,1.5,89.99998877599336,4.069504405923821,383.6121250293812,350.24257044439923,99.75741833159412,HIGH,0
B_33,2026-09-11T15:51:42.136733,12.9716,77.59530000000002,1.5,89.99998877599336,8.854425854882109,385.5964390470174,348.6555986001308,101.34439017586254,HIGH,0
B_33,2026-09-11T15:51:47.136733,12.9716,77.59540000000003,1.5,89.99998877599336,3.542547796692893,387.87341804306686,347.0860662117394,102.91392256425394,HIGH,0
B_33,2026-09-11T15:51:52.136733,12.9716,77.59550000000003,1.5,89.99998877599336,3.194399336257562,390.4379417085025,345.53600123389936,104.463987542094,HIGH,0
B_33,2026-09-11T15:51:57.136733,12.9716,77.59560000000003,1.5,89.99998877599336,4.106180118024545,393.2843850310112,344.0072679341583,105.99272084183508,HIGH,0
B_33,2026-09-11T15:52:02.136733,12.9716,77.59570000000004,1.5,89.99998877599336,7.404613776773192,396.40667498839804,342.50155842842963,107.49843034756373,HIGH,0
B_33,2026-09-11T15:52:07.136733,12.9716,77.59580000000004,1.5,89.99998877599336,9.9236732325313,399.7983488259825,341.02038732810786,108.9796014478855,HIGH,0
B_33,2026-09-11T15:52:12.136733,12.9716,77.59590000000004,1.5,89.99998877599336,2.2323348778002856,403.4526127751481,339.5650893615277,110.43489941446563,HIGH,0
B_33,2026-09-11T15:52:17.136733,12.9716,77.59600000000005,1.5,89.99998877599336,2.2397380050243374,407.3624001656169,338.13681975046177,111.86316902553159,HIGH,0
B_33,2026-09-11T15:52:22.136733,12.9716,77.59610000000005,1.5,89.99998877599336,5.682348151874611,411.5204280042209,336.7365570686278,113.26343170736556,HIGH,0
B_33,2026-09-11T15:52:27.136733,12.9716,77.59620000000005,1.5,89.99998877599336,9.120922333118827,415.919251229548,335.36510826894335,114.63488050705001,HIGH,0
B_33,2026-09-11T15:52:32.136733,12.9716,77.59630000000006,1.5,89.99998877599336,3.2917547512696856,420.5513139967628,334.0231155403869,115.97687323560643,HIGH,0
B_33,2026-09-11T15:52:37.136733,12.9716,77.59640000000006,1.5,89.99998877599336,2.0167560081803044,425.40899749293567,332.7110646538927,117.28892412210064,HIGH,0
B_33,2026-09-11T15:52:42.136733,12.9716,77.59650000000006,1.5,89.99998877599336,9.114283645925198,430.4846639242439,331.42929445693966,118.5706943190537,HIGH,0
B_34,2026-09-11T15:51:07.137426,12.9716,77.5946,1.5,89.99998877599336,6.415345146415422,378.06275059140876,0.0,89.99998877599336,HIGH,0
B_34,2026-09-11T15:51:12.137426,12.9716,77.5947,1.5,89.99998877599336,4.7835520107050025,378.21799934163187,358.35830499244616,91.6416837835472,HIGH,0
B_34,2026-09-11T15:51:17.137426,12.9716,77.5948,1.5,89.99998877599336,8.560931389286361,378.6833637086813,356.7193012640899,93.28068751190347,HIGH,0
B_34,2026-09-11T15:51:22.137426,12.9716,77.59490000000001,1.5,89.99998877599336,5.328416911522906,379.4577027231705,355.08565371660274,94.91433505939062,HIGH,0
B_34,2026-09-11T15:51:27.137426,12.9716,77.59500000000001,1.5,89.99998877599336,4.575663508746608,380.53913024110983,353.4599751393991,96.54001363659427,HIGH,0
B_34,2026-09-11T15:51:32.137426,12.9716,77.59510000000002,1.5,89.99998877599336,5.427265533341607,381.9250376917757,351.84480173287386,98.1551870431195,HIGH,0
B_34,2026-09-11T15:51:37.137426,12.9716,77.59520000000002,1.5,89.99998877599336,5.1789275248648545,383.6121250293812,350.24257044439923,99.75741833159412,HIGH,0
B_34,2026-09-11T15:51:42.137426,12.9716,77.59530000000002,1.5,89.99998877599336,6.181292460941049,385.5964390470174,348.6555986001308,101.34439017586254,HIGH,0
B_34,2026-09-11T15:51:47.137426,12.9716,77.59540000000003,1.5,89.99998877599336,3.6409760234324446,387.87341804306686,347.0860662117394,102.91392256425394,HIGH,0
B_34,2026-09-11T15:51:52.137426,12.9716,77.59550000000003,1.5,89.99998877599336,4.289874620643909,390.4379417085025,345.53600123389936,104.463987542094,HIGH,0
B_34,2026-09-11T15:51:57.137426,12.9716,77.59560000000003,1.5,89.99998877599336,3.651861042386093,393.2843850310112,344.0072679341583,105.99272084183508,HIGH,0
B_34,2026-09-11T15:52:02.137426,12.9716,77.59570000000004,1.5,89.99998877599336,2.2812788790703795,396.40667498839804,342.50155842842963,107.49843034756373,HIGH,0
B_34,2026-09-11T15:52:07.137426,12.9716,77.59580000000004,1.5,89.99998877599336,7.325927397699595,399.7983488259825,341.02038732810786,108.9796014478855,HIGH,0
B_34,2026-09-11T15:52:12.137426,12.9716,77.59590000000004,1.5,89.99998877599336,9.816282502217458,403.4526127751481,339.5650893615277,110.43489941446563,HIGH,0
B_34,2026-09-11T15:52:17.137426,12.9716,77.59600000000005,1.5,89.99998877599336,4.632295450110983,407.3624001656169,338.13681975046177,111.86316902553159,HIGH,0
B_34,2026-09-11T15:52:22.137426,12.9716,77.59610000000005,1.5,89.99998877599336,8.038676196941111,411.5204280042209,336.7365570686278,113.26343170736556,HIGH,0
B_34,2026-09-11T15:52:27.137426,12.9716,77.59620000000005,1.5,89.99998877599336,8.170111961047912,415.919251229548,335.36510826894335,114.63488050705001,HIGH,0
B_34,2026-09-11T15:52:32.137426,12.9716,77.59630000000006,1.5,89.99998877599336,8.43173422250743,420.5513139967628,334.0231155403869,115.97687323560643,HIGH,0
B_34,2026-09-11T15:52:37.137426,12.9716,77.59640000000006,1.5,89.99998877599336,9.5785475036196,425.40899749293567,332.7110646538927,117.28892412210064,HIGH,0
B_34,2026-09-11T15:52:42.137426,12.9716,77.59650000000006,1.5,89.99998877599336,3.9728705527123616,430.4846639242439,331.42929445693966,118.5706943190537,HIGH,0
B_35,2026-09-11T15:51:07.137969,12.9716,77.5946,1.5,89.99998877599336,4.291951014789258,378.06275059140876,0.0,89.99998877599336,HIGH,0
B_35,2026-09-11T15:51:12.137969,12.9716,77.5947,1.5,89.99998877599336,2.23748943963953,378.21799934163187,358.35830499244616,91.6416837835472,HIGH,0
B_35,2026-09-11T15:51:17.137969,12.9716,77.5948,1.5,89.99998877599336,6.583412155664071,378.6833637086813,356.7193012640899,93.28068751190347,HIGH,0
B_35,2026-09-11T15:51:22.137969,12.9716,77.59490000000001,1.5,89.99998877599336,7.6088925224525354,379.4577027231705,355.08565371660274,94.91433505939062,HIGH,0
B_35,2026-09-11T15:51:27.137969,12.9716,77.59500000000001,1.5,89.99998877599336,9.521010297137407,380.53913024110983,353.4599751393991,96.54001363659427,HIGH,0
B_35,2026-09-11T15:51:32.137969,12.9716,77.59510000000002,1.5,89.99998877599336,2.2392251177791884,381.9250376917757,351.84480173287386,98.1551870431195,HIGH,0
B_35,2026-09-11T15:51:37.137969,12.9716,77.59520000000002,1.5,89.99998877599336,9.001784389916171,383.6121250293812,350.24257044439923,99.75741833159412,HIGH,0
B_35,2026-09-11T15:51:42.137969,12.9716,77.59530000000002,1.5,89.99998877599336,2.2004111216390205,385.5964390470174,348.6555986001308,101.34439017586254,HIGH,0
B_35,2026-09-11T15:51:47.137969,12.9716,77.59540000000003,1.5,89.99998877599336,6.044496927396464,387.87341804306686,347.0860662117394,102.91392256425394,HIGH,0
B_35,2026-09-11T15:51:52.137969,12.9716,77.59550000000003,1.5,89.99998877599336,2.9307569580440527,390.4379417085025,345.53600123389936,104.463987542094,HIGH,0
B_35,2026-09-11T15:51:57.137969,12.9716,77.59560000000003,1.5,89.99998877599336,8.405047569599786,393.2843850310112,344.0072679341583,105.99272084183508,HIGH,0
B_35,2026-09-11T15:52:02.137969,12.9716,77.59570000000004,1.5,89.99998877599336,8.714082020990535,396.40667498839804,342.50155842842963,107.49843034756373,HIGH,0
B_35,2026-09-11T15:52:07.137969,12.9716,77.59580000000004,1.5,89.99998877599336,3.9317880482461547,399.7983488259825,341.02038732810786,108.9796014478855,HIGH,0
B_35,2026-09-11T15:52:12.137969,12.9716,77.59590000000004,1.5,89.99998877599336,7.918557848048619,403.4526127751481,339.5650893615277,110.43489941446563,HIGH,0
B_35,2026-09-11T15:52:17.137969,12.9716,77.59600000000005,1.5,89.99998877599336,6.917983325719502,407.3624001656169,338.13681975046177,111.86316902553159,HIGH,0
B_35,2026-09-11T15:52:22.137969,12.9716,77.59610000000005,1.5,89.99998877599336,8.901813013094719,411.5204280042209,336.7365570686278,113.26343170736556,HIGH,0
B_35,2026-09-11T15:52:27.137969,12.9716,77.59620000000005,1.5,89.99998877599336,4.927541633825976,415.919251229548,335.36510826894335,114.63488050705001,HIGH,0
B_35,2026-09-11T15:52:32.137969,12.9716,77.59630000000006,1.5,89.99998877599336,2.1296880162685436,420.5513139967628,334.0231155403869,115.97687323560643,HIGH,0
B_35,2026-09-11T15:52:37.137969,12.9716,77.59640000000006,1.5,89.99998877599336,6.39438142418452,425.40899749293567,332.7110646538927,117.28892412210064,HIGH,0
B_35,2026-09-11T15:52:42.137969,12.9716,77.59650000000006,1.5,89.99998877599336,6.7310550059917835,430.4846639242439,331.42929445693966,118.5706943190537,HIGH,0
B_36,2026-09-11T15:51:07.138492,12.9716,77.5946,1.5,89.99998877599336,5.86404859106542,378.06275059140876,0.0,89.99998877599336,HIGH,0
B_36,2026-09-11T15:51:12.138492,12.9716,77.5947,1.5,89.99998877599336,3.7705943976549667,378.21799934163187,358.35830499244616,91.6416837835472,HIGH,0
B_36,2026-09-11T15:51:17.138492,12.9716,77.5948,1.5,89.99998877599336,2.896320473396612,378.6833637086813,356.7193012640899,93.28068751190347,HIGH,0
B_36,2026-09-11T15:51:22.138492,12.9716,77.59490000000001,1.5,89.99998877599336,8.485611450644829,379.4577027231705,355.08565371660274,94.91433505939062,HIGH,0
B_36,2026-09-11T15:51:27.138492,12.9716,77.59500000000001,1.5,89.99998877599336,9.207479645574939,380.53913024110983,353.4599751393991,96.54001363659427,HIGH,0
B_36,2026-09-11T15:51:32.138492,12.9716,77.59510000000002,1.5,89.99998877599336,4.289084883511764,381.9250376917757,351.84480173287386,98.1551870431195,HIGH,0
B_36,2026-09-11T15:51:37.138492,12.9716,77.59520000000002,1.5,89.99998877599336,4.4583338823650145,383.6121250293812,350.24257044439923,99.75741833159412,HIGH,0
B_36,2026-09-11T15:51:42.138492,12.9716,77.59530000000002,1.5,89.99998877599336,2.9348201418330584,385.5964390470174,348.6555986001308,101.34439017586254,HIGH,0
B_36,2026-09-11T15:51:47.138492,12.9716,77.59540000000003,1.5,89.99998877599336,7.924762784402001,387.87341804306686,347.0860662117394,102.91392256425394,HIGH,0
B_36,2026-09-11T15:51:52.138492,12.9716,77.59550000000003,1.5,89.99998877599336,8.872048375640745,390.4379417085025,345.53600123389936,104.463987542094,HIGH,0
B_36,2026-09-11T15:51:57.138492,12.9716,77.59560000000003,1.5,89.99998877599336,6.7800770543037245,393.2843850310112,344.0072679341583,105.99272084183508,HIGH,0
B_36,2026-09-11T15:52:02.138492,12.9716,77.59570000000004,1.5,89.99998877599336,9.36735097171368,396.40667498839804,342.50155842842963,107.49843034756373,HIGH,0
B_36,2026-09-11T15:52:07.138492,12.9716,77.59580000000004,1.5,89.99998877599336,2.0645448532705224,399.7983488259825,341.02038732810786,108.9796014478855,HIGH,0
B_36,2026-09-11T15:52:12.138492,12.9716,77.59590000000004,1.5,89.99998877599336,9.740255122812613,403.4526127751481,339.5650893615277,110.43489941446563,HIGH,0
B_36,2026-09-11T15:52:17.138492,12.9716,77.59600000000005,1.5,89.99998877599336,8.263692180957232,407.3624001656169,338.13681975046177,111.86316902553159,HIGH,0
B_36,2026-09-11T15:52:22.138492,12.9716,77.59610000000005,1.5,89.99998877599336,2.417938054184959,411.5204280042209,336.7365570686278,113.26343170736556,HIGH,0
B_36,2026-09-11T15:52:27.138492,12.9716,77.59620000000005,1.5,89.99998877599336,3.336773071015588,415.919251229548,335.36510826894335,114.63488050705001,HIGH,0
B_36,2026-09-11T15:52:32.138492,12.9716,77.59630000000006,1.5,89.99998877599336,2.2753128039450736,420.5513139967628,334.0231155403869,115.97687323560643,HIGH,0
B_36,2026-09-11T15:52:37.138492,12.9716,77.59640000000006,1.5,89.99998877599336,6.031506541689303,425.40899749293567,332.7110646538927,117.28892412210064,HIGH,0
B_36,2026-09-11T15:52:42.138492,12.9716,77.59650000000006,1.5,89.99998877599336,3.3294761417146734,430.4846639242439,331.42929445693966,118.5706943190537,HIGH,0
B_37,2026-09-11T15:51:07.138492,12.9716,77.5946,1.5,89.99998877599336,7.423028008144226,378.06275059140876,0.0,89.99998877599336,HIGH,0
B_37,2026-09-11T15:51:12.138492,12.9716,77.5947,1.5,89.99998877599336,8.826147577779183,378.21799934163187,358.35830499244616,91.6416837835472,HIGH,0
B_37,2026-09-11T15:51:17.138492,12.9716,77.5948,1.5,89.99998877599336,9.308107940466094,378.6833637086813,356.7193012640899,93.28068751190347,HIGH,0
B_37,2026-09-11T15:51:22.138492,12.9716,77.59490000000001,1.5,89.99998877599336,5.6486026256966735,379.4577027231705,355.08565371660274,94.91433505939062,HIGH,0
B_37,2026-09-11T15:51:27.138492,12.9716,77.59500000000001,1.5,89.99998877599336,3.8328111427435667,380.53913024110983,353.4599751393991,96.54001363659427,HIGH,0
B_37,2026-09-11T15:51:32.138492,12.9716,77.59510000000002,1.5,89.99998877599336,6.948477048973861,381.9250376917757,351.84480173287386,98.1551870431195,HIGH,0
B_37,2026-09-11T15:51:37.138492,12.9716,77.59520000000002,1.5,89.99998877599336,8.749170039814082,383.6121250293812,350.24257044439923,99.75741833159412,HIGH,0
B_37,2026-09-11T15:51:42.138492,12.9716,77.59530000000002,1.5,89.99998877599336,9.163387431388891,385.5964390470174,348.6555986001308,101.34439017586254,HIGH,0
B_37,2026-09-11T15:51:47.138492,12.9716,77.59540000000003,1.5,89.99998877599336,9.587110932634475,387.87341804306686,347.0860662117394,102.91392256425394,HIGH,0
B_37,2026-09-11T15:51:52.138492,12.9716,77.59550000000003,1.5,89.99998877599336,9.171593651190017,390.4379417085025,345.53600123389936,104.463987542094,HIGH,0
B_37,2026-09-11T15:51:57.138492,12.9716,77.59560000000003,1.5,89.99998877599336,5.954728360624953,393.2843850310112,344.0072679341583,105.99272084183508,HIGH,0
B_37,2026-09-11T15:52:02.138492,12.9716,77.59570000000004,1.5,89.99998877599336,2.9470576127586376,396.40667498839804,342.50155842842963,107.49843034756373,HIGH,0
B_37,2026-09-11T15:52:07.138492,12.9716,77.59580000000004,1.5,89.99998877599336,9.630844586768097,399.7983488259825,341.02038732810786,108.9796014478855,HIGH,0
B_37,2026-09-11T15:52:12.138492,12.9716,77.59590000000004,1.5,89.99998877599336,2.7053876584584673,403.4526127751481,339.5650893615277,110.43489941446563,HIGH,0
B_37,2026-09-11T15:52:17.138492,12.9716,77.59600000000005,1.5,89.99998877599336,2.7922825662531343,407.3624001656169,338.13681975046177,111.86316902553159,HIGH,0
B_37,2026-09-11T15:52:22.138492,12.9716,77.59610000000005,1.5,89.99998877599336,6.966282407453138,411.5204280042209,336.7365570686278,113.26343170736556,HIGH,0
B_37,2026-09-11T15:52:27.138492,12.9716,77.59620000000005,1.5,89.99998877599336,3.7213630927740216,415.919251229548,335.36510826894335,114.63488050705001,HIGH,0
B_37,2026-09-11T15:52:32.138492,12.9716,77.59630000000006,1.5,89.99998877599336,8.912457626111223,420.5513139967628,334.0231155403869,115.97687323560643,HIGH,0
B_37,2026-09-11T15:52:37.138492,12.9716,77.59640000000006,1.5,89.99998877599336,6.437804477945272,425.40899749293567,332.7110646538927,117.28892412210064,HIGH,0
B_37,2026-09-11T15:52:42.138492,12.9716,77.59650000000006,1.5,89.99998877599336,2.687700815751862,430.4846639242439,331.42929445693966,118.5706943190537,HIGH,0
B_38,2026-09-11T15:51:07.139015,12.9716,77.5946,1.5,89.99998877599336,3.5639205869131416,378.06275059140876,0.0,89.99998877599336,HIGH,0
B_38,2026-09-11T15:51:12.139015,12.9716,77.5947,1.5,89.99998877599336,9.327144943656684,378.21799934163187,358.35830499244616,91.6416837835472,HIGH,0
B_38,2026-09-11T15:51:17.139015,12.9716,77.5948,1.5,89.99998877599336,5.178723805226315,378.6833637086813,356.7193012640899,93.28068751190347,HIGH,0
B_38,2026-09-11T15:51:22.139015,12.9716,77.59490000000001,1.5,89.99998877599336,6.099899753500898,379.4577027231705,355.08565371660274,94.91433505939062,HIGH,0
B_38,2026-09-11T15:51:27.139015,12.9716,77.59500000000001,1.5,89.99998877599336,7.811915036199384,380.53913024110983,353.4599751393991,96.54001363659427,HIGH,0
B_38,2026-09-11T15:51:32.139015,12.9716,77.59510000000002,1.5,89.99998877599336,7.706546495266515,381.9250376917757,351.84480173287386,98.1551870431195,HIGH,0
B_38,2026-09-11T15:51:37.139015,12.9716,77.59520000000002,1.5,89.99998877599336,5.007156597090703,383.6121250293812,350.24257044439923,99.75741833159412,HIGH,0
B_38,2026-09-11T15:51:42.139015,12.9716,77.59530000000002,1.5,89.99998877599336,9.604553212064316,385.5964390470174,348.6555986001308,101.34439017586254,HIGH,0
B_38,2026-09-11T15:51:47.139015,12.9716,77.59540000000003,1.5,89.99998877599336,8.496746138726522,387.87341804306686,347.0860662117394,102.91392256425394,HIGH,0
B_38,2026-09-11T15:51:52.139015,12.9716,77.59550000000003,1.5,89.99998877599336,3.403398673974947,390.4379417085025,345.53600123389936,104.463987542094,HIGH,0
B_38,2026-09-11T15:51:57.139015,12.9716,77.59560000000003,1.5,89.99998877599336,4.718544319374762,393.2843850310112,344.0072679341583,105.99272084183508,HIGH,0
B_38,2026-09-11T15:52:02.139015,12.9716,77.59570000000004,1.5,89.99998877599336,8.533389013498905,396.40667498839804,342.50155842842963,107.49843034756373,HIGH,0
B_38,2026-09-11T15:52:07.139015,12.9716,77.59580000000004,1.5,89.99998877599336,6.201284155395084,399.7983488259825,341.02038732810786,108.9796014478855,HIGH,0
B_38,2026-09-11T15:52:12.139015,12.9716,77.59590000000004,1.5,89.99998877599336,5.641717684868434,403.4526127751481,339.5650893615277,110.43489941446563,HIGH,0
B_38,2026-09-11T15:52:17.139015,12.9716,77.59600000000005,1.5,89.99998877599336,4.195173313879149,407.3624001656169,338.13681975046177,111.86316902553159,HIGH,0
B_38,2026-09-11T15:52:22.139015,12.9716,77.59610000000005,1.5,89.99998877599336,2.7151161341971415,411.5204280042209,336.7365570686278,113.26343170736556,HIGH,0
B_38,2026-09-11T15:52:27.139015,12.9716,77.59620000000005,1.5,89.99998877599336,6.528290366738992,415.919251229548,335.36510826894335,114.63488050705001,HIGH,0
B_38,2026-09-11T15:52:32.139015,12.9716,77.59630000000006,1.5,89.99998877599336,8.523094575323393,420.5513139967628,334.0231155403869,115.97687323560643,HIGH,0
B_38,2026-09-11T15:52:37.139015,12.9716,77.59640000000006,1.5,89.99998877599336,6.305629108842078,425.40899749293567,332.7110646538927,117.28892412210064,HIGH,0
B_38,2026-09-11T15:52:42.139015,12.9716,77.59650000000006,1.5,89.99998877599336,6.846374482354469,430.4846639242439,331.42929445693966,118.5706943190537,HIGH,0
B_39,2026-09-11T15:51:07.139550,12.9716,77.5946,1.5,89.99998877599336,3.0598047333895737,378.06275059140876,0.0,89.99998877599336,HIGH,0
B_39,2026-09-11T15:51:12.139550,12.9716,77.5947,1.5,89.99998877599336,2.8960799779035815,378.21799934163187,358.35830499244616,91.6416837835472,HIGH,0
B_39,2026-09-11T15:51:17.139550,12.9716,77.5948,1.5,89.99998877599336,5.249403622381901,378.6833637086813,356.7193012640899,93.28068751190347,HIGH,0
B_39,2026-09-11T15:51:22.139550,12.9716,77.59490000000001,1.5,89.99998877599336,7.770597818018102,379.4577027231705,355.08565371660274,94.91433505939062,HIGH,0
B_39,2026-09-11T15:51:27.139550,12.9716,77.59500000000001,1.5,89.99998877599336,5.604956877925521,380.53913024110983,353.4599751393991,96.54001363659427,HIGH,0
B_39,2026-09-11T15:51:32.139550,12.9716,77.59510000000002,1.5,89.99998877599336,3.275774252141807,381.9250376917757,351.84480173287386,98.1551870431195,HIGH,0
B_39,2026-09-11T15:51:37.139550,12.9716,77.59520000000002,1.5,89.99998877599336,9.270226188751064,383.6121250293812,350.24257044439923,99.75741833159412,HIGH,0
B_39,2026-09-11T15:51:42.139550,12.9716,77.59530000000002,1.5,89.99998877599336,7.924632946301119,385.5964390470174,348.6555986001308,101.34439017586254,HIGH,0
B_39,2026-09-11T15:51:47.139550,12.9716,77.59540000000003,1.5,89.99998877599336,4.480218623972713,387.87341804306686,347.0860662117394,102.91392256425394,HIGH,0
B_39,2026-09-11T15:51:52.139550,12.9716,77.59550000000003,1.5,89.99998877599336,2.351886899463257,390.4379417085025,345.53600123389936,104.463987542094,HIGH,0
B_39,2026-09-11T15:51:57.139550,12.9716,77.59560000000003,1.5,89.99998877599336,2.205725194581121,393.2843850310112,344.0072679341583,105.99272084183508,HIGH,0
B_39,2026-09-11T15:52:02.139550,12.9716,77.59570000000004,1.5,89.99998877599336,4.107720048626079,396.40667498839804,342.50155842842963,107.49843034756373,HIGH,0
B_39,2026-09-11T15:52:07.139550,12.9716,77.59580000000004,1.5,89.99998877599336,6.45086297728138,399.7983488259825,341.02038732810786,108.9796014478855,HIGH,0
B_39,2026-09-11T15:52:12.139550,12.9716,77.59590000000004,1.5,89.99998877599336,8.780533174288653,403.4526127751481,339.5650893615277,110.43489941446563,HIGH,0
B_39,2026-09-11T15:52:17.139550,12.9716,77.59600000000005,1.5,89.99998877599336,2.9310517710572874,407.3624001656169,338.13681975046177,111.86316902553159,HIGH,0
B_39,2026-09-11T15:52:22.139550,12.9716,77.59610000000005,1.5,89.99998877599336,6.8690000055557245,411.5204280042209,336.7365570686278,113.26343170736556,HIGH,0
B_39,2026-09-11T15:52:27.139550,12.9716,77.59620000000005,1.5,89.99998877599336,8.386072479627572,415.919251229548,335.36510826894335,114.63488050705001,HIGH,0
B_39,2026-09-11T15:52:32.139550,12.9716,77.59630000000006,1.5,89.99998877599336,2.4769306772532937,420.5513139967628,334.0231155403869,115.97687323560643,HIGH,0
B_39,2026-09-11T15:52:37.139550,12.9716,77.59640000000006,1.5,89.99998877599336,5.316064626314864,425.40899749293567,332.7110646538927,117.28892412210064,HIGH,0
B_39,2026-09-11T15:52:42.139550,12.9716,77.59650000000006,1.5,89.99998877599336,3.365588477080319,430.4846639242439,331.42929445693966,118.5706943190537,HIGH,0
B_40,2026-09-11T15:51:07.140083,12.9716,77.5946,1.5,89.99998877599336,6.627938350884015,378.06275059140876,0.0,89.99998877599336,HIGH,0
B_40,2026-09-11T15:51:12.140083,12.9716,77.5947,1.5,89.99998877599336,4.546177045448633,378.21799934163187,358.35830499244616,91.6416837835472,HIGH,0
B_40,2026-09-11T15:51:17.140083,12.9716,77.5948,1.5,89.99998877599336,7.294245187536229,378.6833637086813,356.7193012640899,93.28068751190347,HIGH,0
B_40,2026-09-11T15:51:22.140083,12.9716,77.59490000000001,1.5,89.99998877599336,4.484462189794792,379.4577027231705,355.08565371660274,94.91433505939062,HIGH,0
B_40,2026-09-11T15:51:27.140083,12.9716,77.59500000000001,1.5,89.99998877599336,8.543124613433598,380.53913024110983,353.4599751393991,96.54001363659427,HIGH,0
B_40,2026-09-11T15:51:32.140083,12.9716,77.59510000000002,1.5,89.99998877599336,7.376838580484541,381.9250376917757,351.84480173287386,98.1551870431195,HIGH,0
B_40,2026-09-11T15:51:37.140083,12.9716,77.59520000000002,1.5,89.99998877599336,3.843044276727241,383.6121250293812,350.24257044439923,99.75741833159412,HIGH,0
B_40,2026-09-11T15:51:42.140083,12.9716,77.59530000000002,1.5,89.99998877599336,3.171175683117097,385.5964390470174,348.6555986001308,101.34439017586254,HIGH,0
B_40,2026-09-11T15:51:47.140083,12.9716,77.59540000000003,1.5,89.99998877599336,2.4481575768858477,387.87341804306686,347.0860662117394,102.91392256425394,HIGH,0
B_40,2026-09-11T15:51:52.140083,12.9716,77.59550000000003,1.5,89.99998877599336,5.835561203378389,390.4379417085025,345.53600123389936,104.463987542094,HIGH,0
B_40,2026-09-11T15:51:57.140083,12.9716,77.59560000000003,1.5,89.99998877599336,3.1018894128409213,393.2843850310112,344.0072679341583,105.99272084183508,HIGH,0
B_40,2026-09-11T15:52:02.140083,12.9716,77.59570000000004,1.5,89.99998877599336,9.486234000726679,396.40667498839804,342.50155842842963,107.49843034756373,HIGH,0
B_40,2026-09-11T15:52:07.140083,12.9716,77.59580000000004,1.5,89.99998877599336,5.388488382663932,399.7983488259825,341.02038732810786,108.9796014478855,HIGH,0
B_40,2026-09-11T15:52:12.140083,12.9716,77.59590000000004,1.5,89.99998877599336,5.987785761815035,403.4526127751481,339.5650893615277,110.43489941446563,HIGH,0
B_40,2026-09-11T15:52:17.140083,12.9716,77.59600000000005,1.5,89.99998877599336,5.22396312003865,407.3624001656169,338.13681975046177,111.86316902553159,HIGH,0
B_40,2026-09-11T15:52:22.140083,12.9716,77.59610000000005,1.5,89.99998877599336,8.733761277528709,411.5204280042209,336.7365570686278,113.26343170736556,HIGH,0
B_40,2026-09-11T15:52:27.140083,12.9716,77.59620000000005,1.5,89.99998877599336,3.9051456213458584,415.919251229548,335.36510826894335,114.63488050705001,HIGH,0
B_40,2026-09-11T15:52:32.140083,12.9716,77.59630000000006,1.5,89.99998877599336,8.85575671223827,420.5513139967628,334.0231155403869,115.97687323560643,HIGH,0
B_40,2026-09-11T15:52:37.140083,12.9716,77.59640000000006,1.5,89.99998877599336,6.476276948823656,425.40899749293567,332.7110646538927,117.28892412210064,HIGH,0
B_40,2026-09-11T15:52:42.140083,12.9716,77.59650000000006,1.5,89.99998877599336,8.610529845151294,430.4846639242439,331.42929445693966,118.5706943190537,HIGH,0
B_41,2026-09-11T15:51:07.140621,12.9716,77.5946,1.5,89.99998877599336,4.430844211696156,378.06275059140876,0.0,89.99998877599336,HIGH,0
B_41,2026-09-11T15:51:12.140621,12.9716,77.5947,1.5,89.99998877599336,9.160342673165022,378.21799934163187,358.35830499244616,91.6416837835472,HIGH,0
B_41,2026-09-11T15:51:17.140621,12.9716,77.5948,1.5,89.99998877599336,8.942854879293154,378.6833637086813,356.7193012640899,93.28068751190347,HIGH,0
B_41,2026-09-11T15:51:22.140621,12.9716,77.59490000000001,1.5,89.99998877599336,8.729142799883665,379.4577027231705,355.08565371660274,94.91433505939062,HIGH,0
B_41,2026-09-11T15:51:27.140621,12.9716,77.59500000000001,1.5,89.99998877599336,6.225316503141505,380.53913024110983,353.4599751393991,96.54001363659427,HIGH,0
B_41,2026-09-11T15:51:32.140621,12.9716,77.59510000000002,1.5,89.99998877599336,2.9485387684109448,381.9250376917757,351.84480173287386,98.1551870431195,HIGH,0
B_41,2026-09-11T15:51:37.140621,12.9716,77.59520000000002,1.5,89.99998877599336,2.1201544339687466,383.6121250293812,350.24257044439923,99.75741833159412,HIGH,0
B_41,2026-09-11T15:51:42.140621,12.9716,77.59530000000002,1.5,89.99998877599336,6.458338493271331,385.5964390470174,348.6555986001308,101.34439017586254,HIGH,0
B_41,2026-09-11T15:51:47.140621,12.9716,77.59540000000003,1.5,89.99998877599336,7.146346491489968,387.87341804306686,347.0860662117394,102.91392256425394,HIGH,0
B_41,2026-09-11T15:51:52.140621,12.9716,77.59550000000003,1.5,89.99998877599336,3.7547759283453903,390.4379417085025,345.53600123389936,104.463987542094,HIGH,0
B_41,2026-09-11T15:51:57.140621,12.9716,77.59560000000003,1.5,89.99998877599336,9.69456507834147,393.2843850310112,344.0072679341583,105.99272084183508,HIGH,0
B_41,2026-09-11T15:52:02.140621,12.9716,77.59570000000004,1.5,89.99998877599336,5.922812240067717,396.40667498839804,342.50155842842963,107.49843034756373,HIGH,0
B_41,2026-09-11T15:52:07.140621,12.9716,77.59580000000004,1.5,89.99998877599336,4.472214204777953,399.7983488259825,341.02038732810786,108.9796014478855,HIGH,0
B_41,2026-09-11T15:52:12.140621,12.9716,77.59590000000004,1.5,89.99998877599336,6.9702109850274985,403.4526127751481,339.5650893615277,110.43489941446563,HIGH,0
B_41,2026-09-11T15:52:17.140621,12.9716,77.59600000000005,1.5,89.99998877599336,5.137442217315809,407.3624001656169,338.13681975046177,111.86316902553159,HIGH,0
B_41,2026-09-11T15:52:22.140621,12.9716,77.59610000000005,1.5,89.99998877599336,2.327842631847248,411.5204280042209,336.7365570686278,113.26343170736556,HIGH,0
B_41,2026-09-11T15:52:27.140621,12.9716,77.59620000000005,1.5,89.99998877599336,2.7145416079642315,415.919251229548,335.36510826894335,114.63488050705001,HIGH,0
B_41,2026-09-11T15:52:32.140621,12.9716,77.59630000000006,1.5,89.99998877599336,9.924140630942105,420.5513139967628,334.0231155403869,115.97687323560643,HIGH,0
B_41,2026-09-11T15:52:37.140621,12.9716,77.59640000000006,1.5,89.99998877599336,2.909448510569388,425.40899749293567,332.7110646538927,117.28892412210064,HIGH,0
B_41,2026-09-11T15:52:42.140621,12.9716,77.59650000000006,1.5,89.99998877599336,7.437822314760409,430.4846639242439,331.42929445693966,118.5706943190537,HIGH,0
B_42,2026-09-11T15:51:07.141144,12.9716,77.5946,1.5,89.99998877599336,9.888935725372693,378.06275059140876,0.0,89.99998877599336,HIGH,0
B_42,2026-09-11T15:51:12.141144,12.9716,77.5947,1.5,89.99998877599336,3.1347372426685,378.21799934163187,358.35830499244616,91.6416837835472,HIGH,0
B_42,2026-09-11T15:51:17.141144,12.9716,77.5948,1.5,89.99998877599336,6.018129411503723,378.6833637086813,356.7193012640899,93.28068751190347,HIGH,0
B_42,2026-09-11T15:51:22.141144,12.9716,77.59490000000001,1.5,89.99998877599336,7.656916884765724,379.4577027231705,355.08565371660274,94.91433505939062,HIGH,0
B_42,2026-09-11T15:51:27.141144,12.9716,77.59500000000001,1.5,89.99998877599336,8.040646320603376,380.53913024110983,353.4599751393991,96.54001363659427,HIGH,0
B_42,2026-09-11T15:51:32.141144,12.9716,77.59510000000002,1.5,89.99998877599336,6.807278555832843,381.9250376917757,351.84480173287386,98.1551870431195,HIGH,0
B_42,2026-09-11T15:51:37.141144,12.9716,77.59520000000002,1.5,89.99998877599336,2.2566202705984457,383.6121250293812,350.24257044439923,99.75741833159412,HIGH,0
B_42,2026-09-11T15:51:42.141144,12.9716,77.59530000000002,1.5,89.99998877599336,9.938341713499561,385.5964390470174,348.6555986001308,101.34439017586254,HIGH,0
B_42,2026-09-11T15:51:47.141144,12.9716,77.59540000000003,1.5,89.99998877599336,3.809212273646412,387.87341804306686,347.0860662117394,102.91392256425394,HIGH,0
B_42,2026-09-11T15:51:52.141144,12.9716,77.59550000000003,1.5,89.99998877599336,3.1310310465404267,390.4379417085025,345.53600123389936,104.463987542094,HIGH,0
B_42,2026-09-11T15:51:57.141144,12.9716,77.59560000000003,1.5,89.99998877599336,9.91611219578,393.2843850310112,344.0072679341583,105.99272084183508,HIGH,0
B_42,2026-09-11T15:52:02.141144,12.9716,77.59570000000004,1.5,89.99998877599336,8.896118144871224,396.40667498839804,342.50155842842963,107.49843034756373,HIGH,0
B_42,2026-09-11T15:52:07.141144,12.9716,77.59580000000004,1.5,89.99998877599336,3.1115273100916134,399.7983488259825,341.02038732810786,108.9796014478855,HIGH,0
B_42,2026-09-11T15:52:12.141144,12.9716,77.59590000000004,1.5,89.99998877599336,7.348794015282633,403.4526127751481,339.5650893615277,110.43489941446563,HIGH,0
B_42,2026-09-11T15:52:17.141144,12.9716,77.59600000000005,1.5,89.99998877599336,2.1251745482999524,407.3624001656169,338.13681975046177,111.86316902553159,HIGH,0
B_42,2026-09-11T15:52:22.141144,12.9716,77.59610000000005,1.5,89.99998877599336,5.875853070518312,411.5204280042209,336.7365570686278,113.26343170736556,HIGH,0
B_42,2026-09-11T15:52:27.141144,12.9716,77.59620000000005,1.5,89.99998877599336,3.084771683198916,415.919251229548,335.36510826894335,114.63488050705001,HIGH,0
B_42,2026-09-11T15:52:32.141144,12.9716,77.59630000000006,1.5,89.99998877599336,2.264071982052622,420.5513139967628,334.0231155403869,115.97687323560643,HIGH,0
B_42,2026-09-11T15:52:37.141144,12.9716,77.59640000000006,1.5,89.99998877599336,9.46347575953796,425.40899749293567,332.7110646538927,117.28892412210064,HIGH,0
B_42,2026-09-11T15:52:42.141144,12.9716,77.59650000000006,1.5,89.99998877599336,6.65378377303415,430.4846639242439,331.42929445693966,118.5706943190537,HIGH,0
B_43,2026-09-11T15:51:07.141672,12.9716,77.5946,1.5,89.99998877599336,5.099979597642382,378.06275059140876,0.0,89.99998877599336,HIGH,0
B_43,2026-09-11T15:51:12.141672,12.9716,77.5947,1.5,89.99998877599336,2.58183443935245,378.21799934163187,358.35830499244616,91.6416837835472,HIGH,0
B_43,2026-09-11T15:51:17.141672,12.9716,77.5948,1.5,89.99998877599336,8.563789064569686,378.6833637086813,356.7193012640899,93.28068751190347,HIGH,0
B_43,2026-09-11T15:51:22.141672,12.9716,77.59490000000001,1.5,89.99998877599336,4.342446216013386,379.4577027231705,355.08565371660274,94.91433505939062,HIGH,0
B_43,2026-09-11T15:51:27.141672,12.9716,77.59500000000001,1.5,89.99998877599336,4.80242595812563,380.53913024110983,353.4599751393991,96.54001363659427,HIGH,0
B_43,2026-09-11T15:51:32.141672,12.9716,77.59510000000002,1.5,89.99998877599336,3.9969387182676313,381.9250376917757,351.84480173287386,98.1551870431195,HIGH,0
B_43,2026-09-11T15:51:37.141672,12.9716,77.59520000000002,1.5,89.99998877599336,7.412908010462719,383.6121250293812,350.24257044439923,99.75741833159412,HIGH,0
B_43,2026-09-11T15:51:42.141672,12.9716,77.59530000000002,1.5,89.99998877599336,5.676620903954963,385.5964390470174,348.6555986001308,101.34439017586254,HIGH,0
B_43,2026-09-11T15:51:47.141672,12.9716,77.59540000000003,1.5,89.99998877599336,8.12824332713102,387.87341804306686,347.0860662117394,102.91392256425394,HIGH,0
B_43,2026-09-11T15:51:52.141672,12.9716,77.59550000000003,1.5,89.99998877599336,2.6271692151207944,390.4379417085025,345.53600123389936,104.463987542094,HIGH,0
B_43,2026-09-11T15:51:57.141672,12.9716,77.59560000000003,1.5,89.99998877599336,3.3617967145258145,393.2843850310112,344.0072679341583,105.99272084183508,HIGH,0
B_43,2026-09-11T15:52:02.141672,12.9716,77.59570000000004,1.5,89.99998877599336,4.174189620813307,396.40667498839804,342.50155842842963,107.49843034756373,HIGH,0
B_43,2026-09-11T15:52:07.141672,12.9716,77.59580000000004,1.5,89.99998877599336,4.020938298534669,399.7983488259825,341.02038732810786,108.9796014478855,HIGH,0
B_43,2026-09-11T15:52:12.141672,12.9716,77.59590000000004,1.5,89.99998877599336,8.339120498125151,403.4526127751481,339.5650893615277,110.43489941446563,HIGH,0
B_43,2026-09-11T15:52:17.141672,12.9716,77.59600000000005,1.5,89.99998877599336,9.004238879979848,407.3624001656169,338.13681975046177,111.86316902553159,HIGH,0
B_43,2026-09-11T15:52:22.141672,12.9716,77.59610000000005,1.5,89.99998877599336,2.691037163940746,411.5204280042209,336.7365570686278,113.26343170736556,HIGH,0
B_43,2026-09-11T15:52:27.141672,12.9716,77.59620000000005,1.5,89.99998877599336,3.7217820173295086,415.919251229548,335.36510826894335,114.63488050705001,HIGH,0
B_43,2026-09-11T15:52:32.141672,12.9716,77.59630000000006,1.5,89.99998877599336,3.570327094801251,420.5513139967628,334.0231155403869,115.97687323560643,HIGH,0
B_43,2026-09-11T15:52:37.141672,12.9716,77.59640000000006,1.5,89.99998877599336,8.728403805191338,425.40899749293567,332.7110646538927,117.28892412210064,HIGH,0
B_43,2026-09-11T15:52:42.141672,12.9716,77.59650000000006,1.5,89.99998877599336,4.8228545514267935,430.4846639242439,331.42929445693966,118.5706943190537,HIGH,0
B_44,2026-09-11T15:51:07.141672,12.9716,77.5946,1.5,89.99998877599336,2.3013157281503087,378.06275059140876,0.0,89.99998877599336,HIGH,0
B_44,2026-09-11T15:51:12.141672,12.9716,77.5947,1.5,89.99998877599336,2.4151973827173743,378.21799934163187,358.35830499244616,91.6416837835472,HIGH,0
B_44,2026-09-11T15:51:17.141672,12.9716,77.5948,1.5,89.99998877599336,9.003879145108163,378.6833637086813,356.7193012640899,93.28068751190347,HIGH,0
B_44,2026-09-11T15:51:22.141672,12.9716,77.59490000000001,1.5,89.99998877599336,4.80566670309265,379.4577027231705,355.08565371660274,94.91433505939062,HIGH,0
B_44,2026-09-11T15:51:27.141672,12.9716,77.59500000000001,1.5,89.99998877599336,7.942178612904024,380.53913024110983,353.4599751393991,96.54001363659427,HIGH,0
B_44,2026-09-11T15:51:32.141672,12.9716,77.59510000000002,1.5,89.99998877599336,2.8787801868991822,381.9250376917757,351.84480173287386,98.1551870431195,HIGH,0
B_44,2026-09-11T15:51:37.141672,12.9716,77.59520000000002,1.5,89.99998877599336,6.360170951720763,383.6121250293812,350.24257044439923,99.75741833159412,HIGH,0
B_44,2026-09-11T15:51:42.141672,12.9716,77.59530000000002,1.5,89.99998877599336,3.831141059860699,385.5964390470174,348.6555986001308,101.34439017586254,HIGH,0
B_44,2026-09-11T15:51:47.141672,12.9716,77.59540000000003,1.5,89.99998877599336,6.886582323513656,387.87341804306686,347.0860662117394,102.91392256425394,HIGH,0
B_44,2026-09-11T15:51:52.141672,12.9716,77.59550000000003,1.5,89.99998877599336,7.037054120081553,390.4379417085025,345.53600123389936,104.463987542094,HIGH,0
B_44,2026-09-11T15:51:57.141672,12.9716,77.59560000000003,1.5,89.99998877599336,5.61621170547618,393.2843850310112,344.0072679341583,105.99272084183508,HIGH,0
B_44,2026-09-11T15:52:02.141672,12.9716,77.59570000000004,1.5,89.99998877599336,7.588712995670547,396.40667498839804,342.50155842842963,107.49843034756373,HIGH,0
B_44,2026-09-11T15:52:07.141672,12.9716,77.59580000000004,1.5,89.99998877599336,7.103959637781491,399.7983488259825,341.02038732810786,108.9796014478855,HIGH,0
B_44,2026-09-11T15:52:12.141672,12.9716,77.59590000000004,1.5,89.99998877599336,2.614673773462834,403.4526127751481,339.5650893615277,110.43489941446563,HIGH,0
B_44,2026-09-11T15:52:17.141672,12.9716,77.59600000000005,1.5,89.99998877599336,5.282955118929954,407.3624001656169,338.13681975046177,111.86316902553159,HIGH,0
B_44,2026-09-11T15:52:22.141672,12.9716,77.59610000000005,1.5,89.99998877599336,3.4058531686391413,411.5204280042209,336.7365570686278,113.26343170736556,HIGH,0
B_44,2026-09-11T15:52:27.141672,12.9716,77.59620000000005,1.5,89.99998877599336,7.867414611407426,415.919251229548,335.36510826894335,114.63488050705001,HIGH,0
B_44,2026-09-11T15:52:32.141672,12.9716,77.59630000000006,1.5,89.99998877599336,9.472173851632494,420.5513139967628,334.0231155403869,115.97687323560643,HIGH,0
B_44,2026-09-11T15:52:37.141672,12.9716,77.59640000000006,1.5,89.99998877599336,9.191749090985281,425.40899749293567,332.7110646538927,117.28892412210064,HIGH,0
B_44,2026-09-11T15:52:42.141672,12.9716,77.59650000000006,1.5,89.99998877599336,8.272766069407789,430.4846639242439,331.42929445693966,118.5706943190537,HIGH,0
B_45,2026-09-11T15:51:07.142199,12.9716,77.5946,1.5,89.99998877599336,2.390195210934361,378.06275059140876,0.0,89.99998877599336,HIGH,0
B_45,2026-09-11T15:51:12.142199,12.9716,77.5947,1.5,89.99998877599336,6.068235363365172,378.21799934163187,358.35830499244616,91.6416837835472,HIGH,0
B_45,2026-09-11T15:51:17.142199,12.9716,77.5948,1.5,89.99998877599336,8.795305560244888,378.6833637086813,356.7193012640899,93.28068751190347,HIGH,0
B_45,2026-09-11T15:51:22.142199,12.9716,77.59490000000001,1.5,89.99998877599336,9.090464094920033,379.4577027231705,355.08565371660274,94.91433505939062,HIGH,0
B_45,2026-09-11T15:51:27.142199,12.9716,77.59500000000001,1.5,89.99998877599336,5.293796679893291,380.53913024110983,353.4599751393991,96.54001363659427,HIGH,0
B_45,2026-09-11T15:51:32.142199,12.9716,77.59510000000002,1.5,89.99998877599336,4.440036073956261,381.9250376917757,351.84480173287386,98.1551870431195,HIGH,0
B_45,2026-09-11T15:51:37.142199,12.9716,77.59520000000002,1.5,89.99998877599336,7.548752260059357,383.6121250293812,350.24257044439923,99.75741833159412,HIGH,0
B_45,2026-09-11T15:51:42.142199,12.9716,77.59530000000002,1.5,89.99998877599336,8.71778731032698,385.5964390470174,348.6555986001308,101.34439017586254,HIGH,0
B_45,2026-09-11T15:51:47.142199,12.9716,77.59540000000003,1.5,89.99998877599336,5.316937466245074,387.87341804306686,347.0860662117394,102.91392256425394,HIGH,0
B_45,2026-09-11T15:51:52.142199,12.9716,77.59550000000003,1.5,89.99998877599336,3.594756508316988,390.4379417085025,345.53600123389936,104.463987542094,HIGH,0
B_45,2026-09-11T15:51:57.142199,12.9716,77.59560000000003,1.5,89.99998877599336,6.732549793299649,393.2843850310112,344.0072679341583,105.99272084183508,HIGH,0
B_45,2026-09-11T15:52:02.142199,12.9716,77.59570000000004,1.5,89.99998877599336,4.79884652273706,396.40667498839804,342.50155842842963,107.49843034756373,HIGH,0
B_45,2026-09-11T15:52:07.142199,12.9716,77.59580000000004,1.5,89.99998877599336,6.402565417579237,399.7983488259825,341.02038732810786,108.9796014478855,HIGH,0
B_45,2026-09-11T15:52:12.142199,12.9716,77.59590000000004,1.5,89.99998877599336,6.271631372165093,403.4526127751481,339.5650893615277,110.43489941446563,HIGH,0
B_45,2026-09-11T15:52:17.142199,12.9716,77.59600000000005,1.5,89.99998877599336,2.05146043748894,407.3624001656169,338.13681975046177,111.86316902553159,HIGH,0
B_45,2026-09-11T15:52:22.142199,12.9716,77.59610000000005,1.5,89.99998877599336,5.437819510345635,411.5204280042209,336.7365570686278,113.26343170736556,HIGH,0
B_45,2026-09-11T15:52:27.142199,12.9716,77.59620000000005,1.5,89.99998877599336,3.857290175698072,415.919251229548,335.36510826894335,114.63488050705001,HIGH,0
B_45,2026-09-11T15:52:32.142199,12.9716,77.59630000000006,1.5,89.99998877599336,6.447125436272882,420.5513139967628,334.0231155403869,115.97687323560643,HIGH,0
B_45,2026-09-11T15:52:37.142199,12.9716,77.59640000000006,1.5,89.99998877599336,2.94698460477861,425.40899749293567,332.7110646538927,117.28892412210064,HIGH,0
B_45,2026-09-11T15:52:42.142199,12.9716,77.59650000000006,1.5,89.99998877599336,6.113167873195099,430.4846639242439,331.42929445693966,118.5706943190537,HIGH,0
B_46,2026-09-11T15:51:07.142728,12.9716,77.5946,1.5,89.99998877599336,2.8201771859329936,378.06275059140876,0.0,89.99998877599336,HIGH,0
B_46,2026-09-11T15:51:12.142728,12.9716,77.5947,1.5,89.99998877599336,4.852491260491828,378.21799934163187,358.35830499244616,91.6416837835472,HIGH,0
B_46,2026-09-11T15:51:17.142728,12.9716,77.5948,1.5,89.99998877599336,8.138252470763332,378.6833637086813,356.7193012640899,93.28068751190347,HIGH,0
B_46,2026-09-11T15:51:22.142728,12.9716,77.59490000000001,1.5,89.99998877599336,9.117000881282527,379.4577027231705,355.08565371660274,94.91433505939062,HIGH,0
B_46,2026-09-11T15:51:27.142728,12.9716,77.59500000000001,1.5,89.99998877599336,9.30583802400366,380.53913024110983,353.4599751393991,96.54001363659427,HIGH,0
B_46,2026-09-11T15:51:32.142728,12.9716,77.59510000000002,1.5,89.99998877599336,3.951658146864917,381.9250376917757,351.84480173287386,98.1551870431195,HIGH,0
B_46,2026-09-11T15:51:37.142728,12.9716,77.59520000000002,1.5,89.99998877599336,3.7944342556279214,383.6121250293812,350.24257044439923,99.75741833159412,HIGH,0
B_46,2026-09-11T15:51:42.142728,12.9716,77.59530000000002,1.5,89.99998877599336,6.563817398696522,385.5964390470174,348.6555986001308,101.34439017586254,HIGH,0
B_46,2026-09-11T15:51:47.142728,12.9716,77.59540000000003,1.5,89.99998877599336,9.09832811822631,387.87341804306686,347.0860662117394,102.91392256425394,HIGH,0
B_46,2026-09-11T15:51:52.142728,12.9716,77.59550000000003,1.5,89.99998877599336,6.075590277637395,390.4379417085025,345.53600123389936,104.463987542094,HIGH,0
B_46,2026-09-11T15:51:57.142728,12.9716,77.59560000000003,1.5,89.99998877599336,4.579160797591741,393.2843850310112,344.0072679341583,105.99272084183508,HIGH,0
B_46,2026-09-11T15:52:02.142728,12.9716,77.59570000000004,1.5,89.99998877599336,8.003275821208211,396.40667498839804,342.50155842842963,107.49843034756373,HIGH,0
B_46,2026-09-11T15:52:07.142728,12.9716,77.59580000000004,1.5,89.99998877599336,6.668002920756797,399.7983488259825,341.02038732810786,108.9796014478855,HIGH,0
B_46,2026-09-11T15:52:12.142728,12.9716,77.59590000000004,1.5,89.99998877599336,2.4167163711188593,403.4526127751481,339.5650893615277,110.43489941446563,HIGH,0
B_46,2026-09-11T15:52:17.142728,12.9716,77.59600000000005,1.5,89.99998877599336,5.7159318886083295,407.3624001656169,338.13681975046177,111.86316902553159,HIGH,0
B_46,2026-09-11T15:52:22.142728,12.9716,77.59610000000005,1.5,89.99998877599336,9.324352548384757,411.5204280042209,336.7365570686278,113.26343170736556,HIGH,0
B_46,2026-09-11T15:52:27.142728,12.9716,77.59620000000005,1.5,89.99998877599336,5.906771957201577,415.919251229548,335.36510826894335,114.63488050705001,HIGH,0
B_46,2026-09-11T15:52:32.142728,12.9716,77.59630000000006,1.5,89.99998877599336,6.848592770552049,420.5513139967628,334.0231155403869,115.97687323560643,HIGH,0
B_46,2026-09-11T15:52:37.142728,12.9716,77.59640000000006,1.5,89.99998877599336,6.324266044443849,425.40899749293567,332.7110646538927,117.28892412210064,HIGH,0
B_46,2026-09-11T15:52:42.142728,12.9716,77.59650000000006,1.5,89.99998877599336,6.219041707768999,430.4846639242439,331.42929445693966,118.5706943190537,HIGH,0
B_47,2026-09-11T15:51:07.143252,12.9716,77.5946,1.5,89.99998877599336,7.818216415944163,378.06275059140876,0.0,89.99998877599336,HIGH,0
B_47,2026-09-11T15:51:12.143252,12.9716,77.5947,1.5,89.99998877599336,7.256873865205329,378.21799934163187,358.35830499244616,91.6416837835472,HIGH,0
B_47,2026-09-11T15:51:17.143252,12.9716,77.5948,1.5,89.99998877599336,4.589926929100318,378.6833637086813,356.7193012640899,93.28068751190347,HIGH,0
B_47,2026-09-11T15:51:22.143252,12.9716,77.59490000000001,1.5,89.99998877599336,6.190842125770123,379.4577027231705,355.08565371660274,94.91433505939062,HIGH,0
B_47,2026-09-11T15:51:27.143252,12.9716,77.59500000000001,1.5,89.99998877599336,9.787458021032196,380.53913024110983,353.4599751393991,96.54001363659427,HIGH,0
B_47,2026-09-11T15:51:32.143252,12.9716,77.59510000000002,1.5,89.99998877599336,3.499249505300668,381.9250376917757,351.84480173287386,98.1551870431195,HIGH,0
B_47,2026-09-11T15:51:37.143252,12.9716,77.59520000000002,1.5,89.99998877599336,9.119507999905382,383.6121250293812,350.24257044439923,99.75741833159412,HIGH,0
B_47,2026-09-11T15:51:42.143252,12.9716,77.59530000000002,1.5,89.99998877599336,6.1761645077208245,385.5964390470174,348.6555986001308,101.34439017586254,HIGH,0
B_47,2026-09-11T15:51:47.143252,12.9716,77.59540000000003,1.5,89.99998877599336,8.385969573221065,387.87341804306686,347.0860662117394,102.91392256425394,HIGH,0
B_47,2026-09-11T15:51:52.143252,12.9716,77.59550000000003,1.5,89.99998877599336,5.160698869180732,390.4379417085025,345.53600123389936,104.463987542094,HIGH,0
B_47,2026-09-11T15:51:57.143252,12.9716,77.59560000000003,1.5,89.99998877599336,4.459734521484278,393.2843850310112,344.0072679341583,105.99272084183508,HIGH,0
B_47,2026-09-11T15:52:02.143252,12.9716,77.59570000000004,1.5,89.99998877599336,7.14396821359025,396.40667498839804,342.50155842842963,107.49843034756373,HIGH,0
B_47,2026-09-11T15:52:07.143252,12.9716,77.59580000000004,1.5,89.99998877599336,6.815674543180705,399.7983488259825,341.02038732810786,108.9796014478855,HIGH,0
B_47,2026-09-11T15:52:12.143252,12.9716,77.59590000000004,1.5,89.99998877599336,8.212905335729287,403.4526127751481,339.5650893615277,110.43489941446563,HIGH,0
B_47,2026-09-11T15:52:17.143252,12.9716,77.59600000000005,1.5,89.99998877599336,8.565062464072282,407.3624001656169,338.13681975046177,111.86316902553159,HIGH,0
B_47,2026-09-11T15:52:22.143252,12.9716,77.59610000000005,1.5,89.99998877599336,6.505973936943972,411.5204280042209,336.7365570686278,113.26343170736556,HIGH,0
B_47,2026-09-11T15:52:27.143252,12.9716,77.59620000000005,1.5,89.99998877599336,7.159959973653952,415.919251229548,335.36510826894335,114.63488050705001,HIGH,0
B_47,2026-09-11T15:52:32.143252,12.9716,77.59630000000006,1.5,89.99998877599336,3.6581039255931707,420.5513139967628,334.0231155403869,115.97687323560643,HIGH,0
B_47,2026-09-11T15:52:37.143252,12.9716,77.59640000000006,1.5,89.99998877599336,8.59771418874527,425.40899749293567,332.7110646538927,117.28892412210064,HIGH,0
B_47,2026-09-11T15:52:42.143252,12.9716,77.59650000000006,1.5,89.99998877599336,7.276577160386917,430.4846639242439,331.42929445693966,118.5706943190537,HIGH,0
B_48,2026-09-11T15:51:07.143781,12.9716,77.5946,1.5,89.99998877599336,9.497661676355381,378.06275059140876,0.0,89.99998877599336,HIGH,0
B_48,2026-09-11T15:51:12.143781,12.9716,77.5947,1.5,89.99998877599336,6.008139248341719,378.21799934163187,358.35830499244616,91.6416837835472,HIGH,0
B_48,2026-09-11T15:51:17.143781,12.9716,77.5948,1.5,89.99998877599336,5.55965346511669,378.6833637086813,356.7193012640899,93.28068751190347,HIGH,0
B_48,2026-09-11T15:51:22.143781,12.9716,77.59490000000001,1.5,89.99998877599336,9.032533477619683,379.4577027231705,355.08565371660274,94.91433505939062,HIGH,0
B_48,2026-09-11T15:51:27.143781,12.9716,77.59500000000001,1.5,89.99998877599336,2.602850891261265,380.53913024110983,353.4599751393991,96.54001363659427,HIGH,0
B_48,2026-09-11T15:51:32.143781,12.9716,77.59510000000002,1.5,89.99998877599336,9.56749850961489,381.9250376917757,351.84480173287386,98.1551870431195,HIGH,0
B_48,2026-09-11T15:51:37.143781,12.9716,77.59520000000002,1.5,89.99998877599336,5.404223166571231,383.6121250293812,350.24257044439923,99.75741833159412,HIGH,0
B_48,2026-09-11T15:51:42.143781,12.9716,77.59530000000002,1.5,89.99998877599336,9.651889905442957,385.5964390470174,348.6555986001308,101.34439017586254,HIGH,0
B_48,2026-09-11T15:51:47.143781,12.9716,77.59540000000003,1.5,89.99998877599336,7.590333816169102,387.87341804306686,347.0860662117394,102.91392256425394,HIGH,0
B_48,2026-09-11T15:51:52.143781,12.9716,77.59550000000003,1.5,89.99998877599336,3.3492521064445704,390.4379417085025,345.53600123389936,104.463987542094,HIGH,0
B_48,2026-09-11T15:51:57.143781,12.9716,77.59560000000003,1.5,89.99998877599336,6.2037888204436,393.2843850310112,344.0072679341583,105.99272084183508,HIGH,0
B_48,2026-09-11T15:52:02.143781,12.9716,77.59570000000004,1.5,89.99998877599336,7.205035267503135,396.40667498839804,342.50155842842963,107.49843034756373,HIGH,0
B_48,2026-09-11T15:52:07.143781,12.9716,77.59580000000004,1.5,89.99998877599336,7.67608287697931,399.7983488259825,341.02038732810786,108.9796014478855,HIGH,0
B_48,2026-09-11T15:52:12.143781,12.9716,77.59590000000004,1.5,89.99998877599336,5.38703765289659,403.4526127751481,339.5650893615277,110.43489941446563,HIGH,0
B_48,2026-09-11T15:52:17.143781,12.9716,77.59600000000005,1.5,89.99998877599336,9.978237103827183,407.3624001656169,338.13681975046177,111.86316902553159,HIGH,0
B_48,2026-09-11T15:52:22.143781,12.9716,77.59610000000005,1.5,89.99998877599336,9.493647040359617,411.5204280042209,336.7365570686278,113.26343170736556,HIGH,0
B_48,2026-09-11T15:52:27.143781,12.9716,77.59620000000005,1.5,89.99998877599336,3.630136696265021,415.919251229548,335.36510826894335,114.63488050705001,HIGH,0
B_48,2026-09-11T15:52:32.143781,12.9716,77.59630000000006,1.5,89.99998877599336,6.531705611923182,420.5513139967628,334.0231155403869,115.97687323560643,HIGH,0
B_48,2026-09-11T15:52:37.143781,12.9716,77.59640000000006,1.5,89.99998877599336,7.157722572802129,425.40899749293567,332.7110646538927,117.28892412210064,HIGH,0
B_48,2026-09-11T15:52:42.143781,12.9716,77.59650000000006,1.5,89.99998877599336,5.059612709772009,430.4846639242439,331.42929445693966,118.5706943190537,HIGH,0
B_49,2026-09-11T15:51:07.143781,12.9716,77.5946,1.5,89.99998877599336,3.2518481648301094,378.06275059140876,0.0,89.99998877599336,HIGH,0
B_49,2026-09-11T15:51:12.143781,12.9716,77.5947,1.5,89.99998877599336,6.718376667654416,378.21799934163187,358.35830499244616,91.6416837835472,HIGH,0
B_49,2026-09-11T15:51:17.143781,12.9716,77.5948,1.5,89.99998877599336,8.192068453806124,378.6833637086813,356.7193012640899,93.28068751190347,HIGH,0
B_49,2026-09-11T15:51:22.143781,12.9716,77.59490000000001,1.5,89.99998877599336,8.403160801795568,379.4577027231705,355.08565371660274,94.91433505939062,HIGH,0
B_49,2026-09-11T15:51:27.143781,12.9716,77.59500000000001,1.5,89.99998877599336,4.446617615465294,380.53913024110983,353.4599751393991,96.54001363659427,HIGH,0
B_49,2026-09-11T15:51:32.143781,12.9716,77.59510000000002,1.5,89.99998877599336,4.723656415763425,381.9250376917757,351.84480173287386,98.1551870431195,HIGH,0
B_49,2026-09-11T15:51:37.143781,12.9716,77.59520000000002,1.5,89.99998877599336,7.551951832598281,383.6121250293812,350.24257044439923,99.75741833159412,HIGH,0
B_49,2026-09-11T15:51:42.143781,12.9716,77.59530000000002,1.5,89.99998877599336,8.690051198581315,385.5964390470174,348.6555986001308,101.34439017586254,HIGH,0
B_49,2026-09-11T15:51:47.143781,12.9716,77.59540000000003,1.5,89.99998877599336,7.076851552912359,387.87341804306686,347.0860662117394,102.91392256425394,HIGH,0
B_49,2026-09-11T15:51:52.143781,12.9716,77.59550000000003,1.5,89.99998877599336,4.187380305055831,390.4379417085025,345.53600123389936,104.463987542094,HIGH,0
B_49,2026-09-11T15:51:57.143781,12.9716,77.59560000000003,1.5,89.99998877599336,8.266449697589326,393.2843850310112,344.0072679341583,105.99272084183508,HIGH,0
B_49,2026-09-11T15:52:02.143781,12.9716,77.59570000000004,1.5,89.99998877599336,7.785673520864572,396.40667498839804,342.50155842842963,107.49843034756373,HIGH,0
B_49,2026-09-11T15:52:07.143781,12.9716,77.59580000000004,1.5,89.99998877599336,9.583270662420626,399.7983488259825,341.02038732810786,108.9796014478855,HIGH,0
B_49,2026-09-11T15:52:12.143781,12.9716,77.59590000000004,1.5,89.99998877599336,8.683833736706367,403.4526127751481,339.5650893615277,110.43489941446563,HIGH,0
B_49,2026-09-11T15:52:17.143781,12.9716,77.59600000000005,1.5,89.99998877599336,6.203949179652486,407.3624001656169,338.13681975046177,111.86316902553159,HIGH,0
B_49,2026-09-11T15:52:22.143781,12.9716,77.59610000000005,1.5,89.99998877599336,2.2641905780287734,411.5204280042209,336.7365570686278,113.26343170736556,HIGH,0
B_49,2026-09-11T15:52:27.143781,12.9716,77.59620000000005,1.5,89.99998877599336,2.3224216151268413,415.919251229548,335.36510826894335,114.63488050705001,HIGH,0
B_49,2026-09-11T15:52:32.143781,12.9716,77.59630000000006,1.5,89.99998877599336,7.635950160410113,420.5513139967628,334.0231155403869,115.97687323560643,HIGH,0
B_49,2026-09-11T15:52:37.143781,12.9716,77.59640000000006,1.5,89.99998877599336,3.21216838771982,425.40899749293567,332.7110646538927,117.28892412210064,HIGH,0
B_49,2026-09-11T15:52:42.143781,12.9716,77.59650000000006,1.5,89.99998877599336,9.574403311621321,430.4846639242439,331.42929445693966,118.5706943190537,HIGH,0
C_0,2026-09-11T15:51:07.144446,12.9716,77.5946,1.5,0.0,2.9938690163613426,934.0373838142893,0.0,0.0,HIGH,1
C_0,2026-09-11T15:51:12.144446,12.9718,77.5946,1.5,0.0,5.818626821751313,911.7983984854293,0.0,0.0,HIGH,1
C_0,2026-09-11T15:51:17.144446,12.972,77.5946,1.5,0.0,2.057665469902962,889.5594131565693,0.0,0.0,HIGH,1
C_0,2026-09-11T15:51:22.144446,12.972199999999999,77.5946,1.5,0.0,5.773607110957204,867.3204278277095,0.0,0.0,HIGH,1
C_0,2026-09-11T15:51:27.144446,12.972399999999999,77.5946,1.5,0.0,7.94603398268192,845.0814424988496,0.0,0.0,HIGH,1
C_0,2026-09-11T15:51:32.144446,12.972599999999998,77.5946,1.5,0.0,3.153216916277864,822.8424571699899,0.0,0.0,HIGH,1
C_0,2026-09-11T15:51:37.144446,12.972799999999998,77.5946,1.5,0.0,3.024290331321607,800.6034718411298,0.0,0.0,HIGH,1
C_0,2026-09-11T15:51:42.144446,12.972999999999997,77.5946,1.5,0.0,3.0741328344427012,778.3644865122698,0.0,0.0,HIGH,1
C_0,2026-09-11T15:51:47.144446,12.973199999999997,77.5946,1.5,0.0,4.766120025711358,756.1255011834099,0.0,0.0,HIGH,1
C_0,2026-09-11T15:51:52.144446,12.973399999999996,77.5946,1.5,0.0,4.786667063871785,733.8865158545501,0.0,0.0,HIGH,1
C_0,2026-09-11T15:51:57.144446,12.973599999999996,77.5946,1.5,0.0,4.705300253705744,711.6475305256901,0.0,0.0,HIGH,1
C_0,2026-09-11T15:52:02.144446,12.973799999999995,77.5946,1.5,0.0,4.85004761059243,689.4085451968302,0.0,0.0,HIGH,1
C_0,2026-09-11T15:52:07.144446,12.973999999999995,77.5946,1.5,0.0,3.228238470498181,667.1695598679702,0.0,0.0,HIGH,1
C_0,2026-09-11T15:52:12.144446,12.974199999999994,77.5946,1.5,0.0,9.710336264381585,644.9305745391104,0.0,0.0,HIGH,1
C_0,2026-09-11T15:52:17.144446,12.974399999999994,77.5946,1.5,0.0,7.999232165262374,622.6915892102504,0.0,0.0,HIGH,1
C_0,2026-09-11T15:52:22.144446,12.974599999999993,77.5946,1.5,0.0,8.576052118559726,600.4526038813905,0.0,0.0,HIGH,1
C_0,2026-09-11T15:52:27.144446,12.974799999999993,77.5946,1.5,0.0,7.222741410694713,578.2136185525305,0.0,0.0,HIGH,1
C_0,2026-09-11T15:52:32.144446,12.974999999999993,77.5946,1.5,0.0,6.708038503840976,555.9746332236707,0.0,0.0,HIGH,1
C_0,2026-09-11T15:52:37.144446,12.975199999999992,77.5946,1.5,0.0,8.424572964084927,533.7356478948108,0.0,0.0,HIGH,1
C_0,2026-09-11T15:52:42.144446,12.975399999999992,77.5946,1.5,0.0,5.895744575974449,511.4966625659508,0.0,0.0,HIGH,1
C_1,2026-09-11T15:51:07.144446,12.9716,77.5946,1.5,0.0,8.586446857039796,934.0373838142893,0.0,0.0,HIGH,1
C_1,2026-09-11T15:51:12.144446,12.9718,77.5946,1.5,0.0,8.696499290008205,911.7983984854293,0.0,0.0,HIGH,1
C_1,2026-09-11T15:51:17.144446,12.972,77.5946,1.5,0.0,5.13191558758832,889.5594131565693,0.0,0.0,HIGH,1
C_1,2026-09-11T15:51:22.144446,12.972199999999999,77.5946,1.5,0.0,4.754968264679965,867.3204278277095,0.0,0.0,HIGH,1
C_1,2026-09-11T15:51:27.144446,12.972399999999999,77.5946,1.5,0.0,9.642142998775356,845.0814424988496,0.0,0.0,HIGH,1
C_1,2026-09-11T15:51:32.144446,12.972599999999998,77.5946,1.5,0.0,9.48622462828044,822.8424571699899,0.0,0.0,HIGH,1
C_1,2026-09-11T15:51:37.144446,12.972799999999998,77.5946,1.5,0.0,7.8117608252245745,800.6034718411298,0.0,0.0,HIGH,1
C_1,2026-09-11T15:51:42.144446,12.972999999999997,77.5946,1.5,0.0,5.9661240501730095,778.3644865122698,0.0,0.0,HIGH,1
C_1,2026-09-11T15:51:47.144446,12.973199999999997,77.5946,1.5,0.0,2.1611526160282937,756.1255011834099,0.0,0.0,HIGH,1
C_1,2026-09-11T15:51:52.144446,12.973399999999996,77.5946,1.5,0.0,3.407833798785437,733.8865158545501,0.0,0.0,HIGH,1
C_1,2026-09-11T15:51:57.144446,12.973599999999996,77.5946,1.5,0.0,5.705227696202589,711.6475305256901,0.0,0.0,HIGH,1
C_1,2026-09-11T15:52:02.144446,12.973799999999995,77.5946,1.5,0.0,5.127255382117983,689.4085451968302,0.0,0.0,HIGH,1
C_1,2026-09-11T15:52:07.144446,12.973999999999995,77.5946,1.5,0.0,4.917831129939222,667.1695598679702,0.0,0.0,HIGH,1
C_1,2026-09-11T15:52:12.144446,12.974199999999994,77.5946,1.5,0.0,7.0763654384898595,644.9305745391104,0.0,0.0,HIGH,1
C_1,2026-09-11T15:52:17.144446,12.974399999999994,77.5946,1.5,0.0,5.488470188263235,622.6915892102504,0.0,0.0,HIGH,1
C_1,2026-09-11T15:52:22.144446,12.974599999999993,77.5946,1.5,0.0,3.3042311782954084,600.4526038813905,0.0,0.0,HIGH,1
C_1,2026-09-11T15:52:27.144446,12.974799999999993,77.5946,1.5,0.0,4.014029589422288,578.2136185525305,0.0,0.0,HIGH,1
C_1,2026-09-11T15:52:32.144446,12.974999999999993,77.5946,1.5,0.0,4.911589730161743,555.9746332236707,0.0,0.0,HIGH,1
C_1,2026-09-11T15:52:37.144446,12.975199999999992,77.5946,1.5,0.0,6.333097117234575,533.7356478948108,0.0,0.0,HIGH,1
C_1,2026-09-11T15:52:42.144446,12.975399999999992,77.5946,1.5,0.0,4.792743426464133,511.4966625659508,0.0,0.0,HIGH,1
C_2,2026-09-11T15:51:07.145468,12.9716,77.5946,1.5,0.0,5.477060098227799,934.0373838142893,0.0,0.0,HIGH,1
C_2,2026-09-11T15:51:12.145468,12.9718,77.5946,1.5,0.0,6.123583723584935,911.7983984854293,0.0,0.0,HIGH,1
C_2,2026-09-11T15:51:17.145468,12.972,77.5946,1.5,0.0,6.995546801617395,889.5594131565693,0.0,0.0,HIGH,1
C_2,2026-09-11T15:51:22.145468,12.972199999999999,77.5946,1.5,0.0,5.7742416796016505,867.3204278277095,0.0,0.0,HIGH,1
C_2,2026-09-11T15:51:27.145468,12.972399999999999,77.5946,1.5,0.0,6.106363696401669,845.0814424988496,0.0,0.0,HIGH,1
C_2,2026-09-11T15:51:32.145468,12.972599999999998,77.5946,1.5,0.0,5.2454741872965736,822.8424571699899,0.0,0.0,HIGH,1
C_2,2026-09-11T15:51:37.145468,12.972799999999998,77.5946,1.5,0.0,2.408675838077494,800.6034718411298,0.0,0.0,HIGH,1
C_2,2026-09-11T15:51:42.145468,12.972999999999997,77.5946,1.5,0.0,9.803970545949088,778.3644865122698,0.0,0.0,HIGH,1
C_2,2026-09-11T15:51:47.145468,12.973199999999997,77.5946,1.5,0.0,6.700404422473605,756.1255011834099,0.0,0.0,HIGH,1
C_2,2026-09-11T15:51:52.145468,12.973399999999996,77.5946,1.5,0.0,4.638210909401624,733.8865158545501,0.0,0.0,HIGH,1
C_2,2026-09-11T15:51:57.145468,12.973599999999996,77.5946,1.5,0.0,5.275552297699905,711.6475305256901,0.0,0.0,HIGH,1
C_2,2026-09-11T15:52:02.145468,12.973799999999995,77.5946,1.5,0.0,7.388302379501201,689.4085451968302,0.0,0.0,HIGH,1
C_2,2026-09-11T15:52:07.145468,12.973999999999995,77.5946,1.5,0.0,7.09089470321032,667.1695598679702,0.0,0.0,HIGH,1
C_2,2026-09-11T15:52:12.145468,12.974199999999994,77.5946,1.5,0.0,5.224222854544073,644.9305745391104,0.0,0.0,HIGH,1
C_2,2026-09-11T15:52:17.145468,12.974399999999994,77.5946,1.5,0.0,9.030546993686059,622.6915892102504,0.0,0.0,HIGH,1
C_2,2026-09-11T15:52:22.145468,12.974599999999993,77.5946,1.5,0.0,6.693558412773221,600.4526038813905,0.0,0.0,HIGH,1
C_2,2026-09-11T15:52:27.145468,12.974799999999993,77.5946,1.5,0.0,5.15681848978492,578.2136185525305,0.0,0.0,HIGH,1
C_2,2026-09-11T15:52:32.145468,12.974999999999993,77.5946,1.5,0.0,4.3671185182143875,555.9746332236707,0.0,0.0,HIGH,1
C_2,2026-09-11T15:52:37.145468,12.975199999999992,77.5946,1.5,0.0,3.545222748116834,533.7356478948108,0.0,0.0,HIGH,1
C_2,2026-09-11T15:52:42.145468,12.975399999999992,77.5946,1.5,0.0,7.418828649042605,511.4966625659508,0.0,0.0,HIGH,1
C_3,2026-09-11T15:51:07.145468,12.9716,77.5946,1.5,0.0,9.596259879313068,934.0373838142893,0.0,0.0,HIGH,1
C_3,2026-09-11T15:51:12.145468,12.9718,77.5946,1.5,0.0,6.810980678335912,911.7983984854293,0.0,0.0,HIGH,1
C_3,2026-09-11T15:51:17.145468,12.972,77.5946,1.5,0.0,7.140865243585315,889.5594131565693,0.0,0.0,HIGH,1
C_3,2026-09-11T15:51:22.145468,12.972199999999999,77.5946,1.5,0.0,8.841815197754192,867.3204278277095,0.0,0.0,HIGH,1
C_3,2026-09-11T15:51:27.145468,12.972399999999999,77.5946,1.5,0.0,8.099428652386521,845.0814424988496,0.0,0.0,HIGH,1
C_3,2026-09-11T15:51:32.145468,12.972599999999998,77.5946,1.5,0.0,8.007682429709384,822.8424571699899,0.0,0.0,HIGH,1
C_3,2026-09-11T15:51:37.145468,12.972799999999998,77.5946,1.5,0.0,2.64186459238054,800.6034718411298,0.0,0.0,HIGH,1
C_3,2026-09-11T15:51:42.145468,12.972999999999997,77.5946,1.5,0.0,8.806141067337137,778.3644865122698,0.0,0.0,HIGH,1
C_3,2026-09-11T15:51:47.145468,12.973199999999997,77.5946,1.5,0.0,5.17531450146164,756.1255011834099,0.0,0.0,HIGH,1
C_3,2026-09-11T15:51:52.145468,12.973399999999996,77.5946,1.5,0.0,6.022993926621907,733.8865158545501,0.0,0.0,HIGH,1
C_3,2026-09-11T15:51:57.145468,12.973599999999996,77.5946,1.5,0.0,2.790797195517472,711.6475305256901,0.0,0.0,HIGH,1
C_3,2026-09-11T15:52:02.145468,12.973799999999995,77.5946,1.5,0.0,9.741641251137422,689.4085451968302,0.0,0.0,HIGH,1
C_3,2026-09-11T15:52:07.145468,12.973999999999995,77.5946,1.5,0.0,9.987576746274222,667.1695598679702,0.0,0.0,HIGH,1
C_3,2026-09-11T15:52:12.145468,12.974199999999994,77.5946,1.5,0.0,9.225926359849176,644.9305745391104,0.0,0.0,HIGH,1
C_3,2026-09-11T15:52:17.145468,12.974399999999994,77.5946,1.5,0.0,8.990513596748787,622.6915892102504,0.0,0.0,HIGH,1
C_3,2026-09-11T15:52:22.145468,12.974599999999993,77.5946,1.5,0.0,4.4835092172973505,600.4526038813905,0.0,0.0,HIGH,1
C_3,2026-09-11T15:52:27.145468,12.974799999999993,77.5946,1.5,0.0,3.4338948766129906,578.2136185525305,0.0,0.0,HIGH,1
C_3,2026-09-11T15:52:32.145468,12.974999999999993,77.5946,1.5,0.0,7.103046363723586,555.9746332236707,0.0,0.0,HIGH,1
C_3,2026-09-11T15:52:37.145468,12.975199999999992,77.5946,1.5,0.0,6.2152509294231875,533.7356478948108,0.0,0.0,HIGH,1
C_3,2026-09-11T15:52:42.145468,12.975399999999992,77.5946,1.5,0.0,6.6797187639470454,511.4966625659508,0.0,0.0,HIGH,1
C_4,2026-09-11T15:51:07.146536,12.9716,77.5946,1.5,0.0,3.4695461444812246,934.0373838142893,0.0,0.0,HIGH,1
C_4,2026-09-11T15:51:12.146536,12.9718,77.5946,1.5,0.0,9.107295067654139,911.7983984854293,0.0,0.0,HIGH,1
C_4,2026-09-11T15:51:17.146536,12.972,77.5946,1.5,0.0,4.427807242004126,889.5594131565693,0.0,0.0,HIGH,1
C_4,2026-09-11T15:51:22.146536,12.972199999999999,77.5946,1.5,0.0,3.176729628450479,867.3204278277095,0.0,0.0,HIGH,1
C_4,2026-09-11T15:51:27.146536,12.972399999999999,77.5946,1.5,0.0,9.317877377677389,845.0814424988496,0.0,0.0,HIGH,1
C_4,2026-09-11T15:51:32.146536,12.972599999999998,77.5946,1.5,0.0,4.755678919954598,822.8424571699899,0.0,0.0,HIGH,1
C_4,2026-09-11T15:51:37.146536,12.972799999999998,77.5946,1.5,0.0,5.983220061103992,800.6034718411298,0.0,0.0,HIGH,1
C_4,2026-09-11T15:51:42.146536,12.972999999999997,77.5946,1.5,0.0,3.1756890774360897,778.3644865122698,0.0,0.0,HIGH,1
C_4,2026-09-11T15:51:47.146536,12.973199999999997,77.5946,1.5,0.0,4.974115544572317,756.1255011834099,0.0,0.0,HIGH,1
C_4,2026-09-11T15:51:52.146536,12.973399999999996,77.5946,1.5,0.0,8.765910699285005,733.8865158545501,0.0,0.0,HIGH,1
C_4,2026-09-11T15:51:57.146536,12.973599999999996,77.5946,1.5,0.0,6.401004944466458,711.6475305256901,0.0,0.0,HIGH,1
C_4,2026-09-11T15:52:02.146536,12.973799999999995,77.5946,1.5,0.0,4.145360721620192,689.4085451968302,0.0,0.0,HIGH,1
C_4,2026-09-11T15:52:07.146536,12.973999999999995,77.5946,1.5,0.0,9.399113164326895,667.1695598679702,0.0,0.0,HIGH,1
C_4,2026-09-11T15:52:12.146536,12.974199999999994,77.5946,1.5,0.0,6.692562693679329,644.9305745391104,0.0,0.0,HIGH,1
C_4,2026-09-11T15:52:17.146536,12.974399999999994,77.5946,1.5,0.0,4.442268128538041,622.6915892102504,0.0,0.0,HIGH,1
C_4,2026-09-11T15:52:22.146536,12.974599999999993,77.5946,1.5,0.0,8.230388390982863,600.4526038813905,0.0,0.0,HIGH,1
C_4,2026-09-11T15:52:27.146536,12.974799999999993,77.5946,1.5,0.0,3.1570973731952465,578.2136185525305,0.0,0.0,HIGH,1
C_4,2026-09-11T15:52:32.146536,12.974999999999993,77.5946,1.5,0.0,6.8714224885752895,555.9746332236707,0.0,0.0,HIGH,1
C_4,2026-09-11T15:52:37.146536,12.975199999999992,77.5946,1.5,0.0,7.958144033966845,533.7356478948108,0.0,0.0,HIGH,1
C_4,2026-09-11T15:52:42.146536,12.975399999999992,77.5946,1.5,0.0,8.936165806081288,511.4966625659508,0.0,0.0,HIGH,1
C_5,2026-09-11T15:51:07.147063,12.9716,77.5946,1.5,0.0,7.557749891417582,934.0373838142893,0.0,0.0,HIGH,1
C_5,2026-09-11T15:51:12.147063,12.9718,77.5946,1.5,0.0,6.547139219670443,911.7983984854293,0.0,0.0,HIGH,1
C_5,2026-09-11T15:51:17.147063,12.972,77.5946,1.5,0.0,3.9162042824070653,889.5594131565693,0.0,0.0,HIGH,1
C_5,2026-09-11T15:51:22.147063,12.972199999999999,77.5946,1.5,0.0,7.996479050490021,867.3204278277095,0.0,0.0,HIGH,1
C_5,2026-09-11T15:51:27.147063,12.972399999999999,77.5946,1.5,0.0,8.097829307519376,845.0814424988496,0.0,0.0,HIGH,1
C_5,2026-09-11T15:51:32.147063,12.972599999999998,77.5946,1.5,0.0,3.868178869959185,822.8424571699899,0.0,0.0,HIGH,1
C_5,2026-09-11T15:51:37.147063,12.972799999999998,77.5946,1.5,0.0,4.766725514810958,800.6034718411298,0.0,0.0,HIGH,1
C_5,2026-09-11T15:51:42.147063,12.972999999999997,77.5946,1.5,0.0,8.640649913749261,778.3644865122698,0.0,0.0,HIGH,1
C_5,2026-09-11T15:51:47.147063,12.973199999999997,77.5946,1.5,0.0,5.648605667324616,756.1255011834099,0.0,0.0,HIGH,1
C_5,2026-09-11T15:51:52.147063,12.973399999999996,77.5946,1.5,0.0,9.20758387987877,733.8865158545501,0.0,0.0,HIGH,1
C_5,2026-09-11T15:51:57.147063,12.973599999999996,77.5946,1.5,0.0,2.2067479516046182,711.6475305256901,0.0,0.0,HIGH,1
C_5,2026-09-11T15:52:02.147063,12.973799999999995,77.5946,1.5,0.0,5.315912096828147,689.4085451968302,0.0,0.0,HIGH,1
C_5,2026-09-11T15:52:07.147063,12.973999999999995,77.5946,1.5,0.0,5.901298842687097,667.1695598679702,0.0,0.0,HIGH,1
C_5,2026-09-11T15:52:12.147063,12.974199999999994,77.5946,1.5,0.0,4.499150104485031,644.9305745391104,0.0,0.0,HIGH,1
C_5,2026-09-11T15:52:17.147063,12.974399999999994,77.5946,1.5,0.0,6.74328244910632,622.6915892102504,0.0,0.0,HIGH,1
C_5,2026-09-11T15:52:22.147063,12.974599999999993,77.5946,1.5,0.0,6.4879435032554875,600.4526038813905,0.0,0.0,HIGH,1
C_5,2026-09-11T15:52:27.147063,12.974799999999993,77.5946,1.5,0.0,8.408304677786191,578.2136185525305,0.0,0.0,HIGH,1
C_5,2026-09-11T15:52:32.147063,12.974999999999993,77.5946,1.5,0.0,8.703706454355995,555.9746332236707,0.0,0.0,HIGH,1
C_5,2026-09-11T15:52:37.147063,12.975199999999992,77.5946,1.5,0.0,6.691682371081538,533.7356478948108,0.0,0.0,HIGH,1
C_5,2026-09-11T15:52:42.147063,12.975399999999992,77.5946,1.5,0.0,9.403450771396626,511.4966625659508,0.0,0.0,HIGH,1
C_6,2026-09-11T15:51:07.147063,12.9716,77.5946,1.5,0.0,2.149576472402323,934.0373838142893,0.0,0.0,HIGH,1
C_6,2026-09-11T15:51:12.147063,12.9718,77.5946,1.5,0.0,2.135175317780446,911.7983984854293,0.0,0.0,HIGH,1
C_6,2026-09-11T15:51:17.147063,12.972,77.5946,1.5,0.0,2.89492714432678,889.5594131565693,0.0,0.0,HIGH,1
C_6,2026-09-11T15:51:22.147063,12.972199999999999,77.5946,1.5,0.0,6.475551982559619,867.3204278277095,0.0,0.0,HIGH,1
C_6,2026-09-11T15:51:27.147063,12.972399999999999,77.5946,1.5,0.0,4.144076118216556,845.0814424988496,0.0,0.0,HIGH,1
C_6,2026-09-11T15:51:32.147063,12.972599999999998,77.5946,1.5,0.0,3.254940079736456,822.8424571699899,0.0,0.0,HIGH,1
C_6,2026-09-11T15:51:37.147063,12.972799999999998,77.5946,1.5,0.0,3.1806025642290834,800.6034718411298,0.0,0.0,HIGH,1
C_6,2026-09-11T15:51:42.147063,12.972999999999997,77.5946,1.5,0.0,6.385740053226973,778.3644865122698,0.0,0.0,HIGH,1
C_6,2026-09-11T15:51:47.147063,12.973199999999997,77.5946,1.5,0.0,9.444546039572302,756.1255011834099,0.0,0.0,HIGH,1
C_6,2026-09-11T15:51:52.147063,12.973399999999996,77.5946,1.5,0.0,2.204871863632162,733.8865158545501,0.0,0.0,HIGH,1
C_6,2026-09-11T15:51:57.147063,12.973599999999996,77.5946,1.5,0.0,7.366565910392098,711.6475305256901,0.0,0.0,HIGH,1
C_6,2026-09-11T15:52:02.147063,12.973799999999995,77.5946,1.5,0.0,2.4049721174567233,689.4085451968302,0.0,0.0,HIGH,1
C_6,2026-09-11T15:52:07.147063,12.973999999999995,77.5946,1.5,0.0,4.315079253664822,667.1695598679702,0.0,0.0,HIGH,1
C_6,2026-09-11T15:52:12.147063,12.974199999999994,77.5946,1.5,0.0,5.486557086165878,644.9305745391104,0.0,0.0,HIGH,1
C_6,2026-09-11T15:52:17.147063,12.974399999999994,77.5946,1.5,0.0,4.651375576292643,622.6915892102504,0.0,0.0,HIGH,1
C_6,2026-09-11T15:52:22.147063,12.974599999999993,77.5946,1.5,0.0,4.051064603266168,600.4526038813905,0.0,0.0,HIGH,1
C_6,2026-09-11T15:52:27.147063,12.974799999999993,77.5946,1.5,0.0,4.984944691611176,578.2136185525305,0.0,0.0,HIGH,1
C_6,2026-09-11T15:52:32.147063,12.974999999999993,77.5946,1.5,0.0,4.998336737234784,555.9746332236707,0.0,0.0,HIGH,1
C_6,2026-09-11T15:52:37.147063,12.975199999999992,77.5946,1.5,0.0,7.890005188954663,533.7356478948108,0.0,0.0,HIGH,1
C_6,2026-09-11T15:52:42.147063,12.975399999999992,77.5946,1.5,0.0,9.666129704786899,511.4966625659508,0.0,0.0,HIGH,1
C_7,2026-09-11T15:51:07.148003,12.9716,77.5946,1.5,0.0,8.831977717712515,934.0373838142893,0.0,0.0,HIGH,1
C_7,2026-09-11T15:51:12.148003,12.9718,77.5946,1.5,0.0,6.527837795166744,911.7983984854293,0.0,0.0,HIGH,1
C_7,2026-09-11T15:51:17.148003,12.972,77.5946,1.5,0.0,3.6118838630008288,889.5594131565693,0.0,0.0,HIGH,1
C_7,2026-09-11T15:51:22.148003,12.972199999999999,77.5946,1.5,0.0,4.484216819810496,867.3204278277095,0.0,0.0,HIGH,1
C_7,2026-09-11T15:51:27.148003,12.972399999999999,77.5946,1.5,0.0,4.033044545776287,845.0814424988496,0.0,0.0,HIGH,1
C_7,2026-09-11T15:51:32.148003,12.972599999999998,77.5946,1.5,0.0,3.1864873558044584,822.8424571699899,0.0,0.0,HIGH,1
C_7,2026-09-11T15:51:37.148003,12.972799999999998,77.5946,1.5,0.0,7.505421269784221,800.6034718411298,0.0,0.0,HIGH,1
C_7,2026-09-11T15:51:42.148003,12.972999999999997,77.5946,1.5,0.0,5.190335722784811,778.3644865122698,0.0,0.0,HIGH,1
C_7,2026-09-11T15:51:47.148003,12.973199999999997,77.5946,1.5,0.0,4.9276371381927255,756.1255011834099,0.0,0.0,HIGH,1
C_7,2026-09-11T15:51:52.148003,12.973399999999996,77.5946,1.5,0.0,3.615185161666835,733.8865158545501,0.0,0.0,HIGH,1
C_7,2026-09-11T15:51:57.148003,12.973599999999996,77.5946,1.5,0.0,7.464774980928435,711.6475305256901,0.0,0.0,HIGH,1
C_7,2026-09-11T15:52:02.148003,12.973799999999995,77.5946,1.5,0.0,7.4516841878654825,689.4085451968302,0.0,0.0,HIGH,1
C_7,2026-09-11T15:52:07.148003,12.973999999999995,77.5946,1.5,0.0,4.299477988572757,667.1695598679702,0.0,0.0,HIGH,1
C_7,2026-09-11T15:52:12.148003,12.974199999999994,77.5946,1.5,0.0,3.541099944416114,644.9305745391104,0.0,0.0,HIGH,1
C_7,2026-09-11T15:52:17.148003,12.974399999999994,77.5946,1.5,0.0,6.385666641085019,622.6915892102504,0.0,0.0,HIGH,1
C_7,2026-09-11T15:52:22.148003,12.974599999999993,77.5946,1.5,0.0,8.471141219053028,600.4526038813905,0.0,0.0,HIGH,1
C_7,2026-09-11T15:52:27.148003,12.974799999999993,77.5946,1.5,0.0,9.115335683524407,578.2136185525305,0.0,0.0,HIGH,1
C_7,2026-09-11T15:52:32.148003,12.974999999999993,77.5946,1.5,0.0,7.825553269829301,555.9746332236707,0.0,0.0,HIGH,1
C_7,2026-09-11T15:52:37.148003,12.975199999999992,77.5946,1.5,0.0,6.356090449860266,533.7356478948108,0.0,0.0,HIGH,1
C_7,2026-09-11T15:52:42.148003,12.975399999999992,77.5946,1.5,0.0,2.389484967019686,511.4966625659508,0.0,0.0,HIGH,1
C_8,2026-09-11T15:51:07.148003,12.9716,77.5946,1.5,0.0,9.578982571649433,934.0373838142893,0.0,0.0,HIGH,1
C_8,2026-09-11T15:51:12.148003,12.9718,77.5946,1.5,0.0,4.607000983673725,911.7983984854293,0.0,0.0,HIGH,1
C_8,2026-09-11T15:51:17.148003,12.972,77.5946,1.5,0.0,9.519021328881784,889.5594131565693,0.0,0.0,HIGH,1
C_8,2026-09-11T15:51:22.148003,12.972199999999999,77.5946,1.5,0.0,9.059761190703288,867.3204278277095,0.0,0.0,HIGH,1
C_8,2026-09-11T15:51:27.148003,12.972399999999999,77.5946,1.5,0.0,4.478559464127347,845.0814424988496,0.0,0.0,HIGH,1
C_8,2026-09-11T15:51:32.148003,12.972599999999998,77.5946,1.5,0.0,7.228738525451033,822.8424571699899,0.0,0.0,HIGH,1
C_8,2026-09-11T15:51:37.148003,12.972799999999998,77.5946,1.5,0.0,4.0948557424368675,800.6034718411298,0.0,0.0,HIGH,1
C_8,2026-09-11T15:51:42.148003,12.972999999999997,77.5946,1.5,0.0,7.659565918272706,778.3644865122698,0.0,0.0,HIGH,1
C_8,2026-09-11T15:51:47.148003,12.973199999999997,77.5946,1.5,0.0,6.667429072029732,756.1255011834099,0.0,0.0,HIGH,1
C_8,2026-09-11T15:51:52.148003,12.973399999999996,77.5946,1.5,0.0,2.2291021469655785,733.8865158545501,0.0,0.0,HIGH,1
C_8,2026-09-11T15:51:57.148003,12.973599999999996,77.5946,1.5,0.0,8.055652414533805,711.6475305256901,0.0,0.0,HIGH,1
C_8,2026-09-11T15:52:02.148003,12.973799999999995,77.5946,1.5,0.0,2.1544617513545905,689.4085451968302,0.0,0.0,HIGH,1
C_8,2026-09-11T15:52:07.148003,12.973999999999995,77.5946,1.5,0.0,4.136013297621182,667.1695598679702,0.0,0.0,HIGH,1
C_8,2026-09-11T15:52:12.148003,12.974199999999994,77.5946,1.5,0.0,2.617644464372728,644.9305745391104,0.0,0.0,HIGH,1
C_8,2026-09-11T15:52:17.148003,12.974399999999994,77.5946,1.5,0.0,4.578288609921149,622.6915892102504,0.0,0.0,HIGH,1
C_8,2026-09-11T15:52:22.148003,12.974599999999993,77.5946,1.5,0.0,2.6719236676170093,600.4526038813905,0.0,0.0,HIGH,1
C_8,2026-09-11T15:52:27.148003,12.974799999999993,77.5946,1.5,0.0,8.306947949110434,578.2136185525305,0.0,0.0,HIGH,1
C_8,2026-09-11T15:52:32.148003,12.974999999999993,77.5946,1.5,0.0,7.515549411002572,555.9746332236707,0.0,0.0,HIGH,1
C_8,2026-09-11T15:52:37.148003,12.975199999999992,77.5946,1.5,0.0,6.757126008724186,533.7356478948108,0.0,0.0,HIGH,1
C_8,2026-09-11T15:52:42.148003,12.975399999999992,77.5946,1.5,0.0,5.528698753396784,511.4966625659508,0.0,0.0,HIGH,1
C_9,2026-09-11T15:51:07.148003,12.9716,77.5946,1.5,0.0,7.304361253857553,934.0373838142893,0.0,0.0,HIGH,1
C_9,2026-09-11T15:51:12.148003,12.9718,77.5946,1.5,0.0,9.113438601128863,911.7983984854293,0.0,0.0,HIGH,1
C_9,2026-09-11T15:51:17.148003,12.972,77.5946,1.5,0.0,8.185237626610206,889.5594131565693,0.0,0.0,HIGH,1
C_9,2026-09-11T15:51:22.148003,12.972199999999999,77.5946,1.5,0.0,8.090798071432943,867.3204278277095,0.0,0.0,HIGH,1
C_9,2026-09-11T15:51:27.148003,12.972399999999999,77.5946,1.5,0.0,3.290220349593999,845.0814424988496,0.0,0.0,HIGH,1
C_9,2026-09-11T15:51:32.148003,12.972599999999998,77.5946,1.5,0.0,8.328751860886975,822.8424571699899,0.0,0.0,HIGH,1
C_9,2026-09-11T15:51:37.148003,12.972799999999998,77.5946,1.5,0.0,6.293661607982107,800.6034718411298,0.0,0.0,HIGH,1
C_9,2026-09-11T15:51:42.148003,12.972999999999997,77.5946,1.5,0.0,5.471293104889288,778.3644865122698,0.0,0.0,HIGH,1
C_9,2026-09-11T15:51:47.148003,12.973199999999997,77.5946,1.5,0.0,9.74978294841933,756.1255011834099,0.0,0.0,HIGH,1
C_9,2026-09-11T15:51:52.148003,12.973399999999996,77.5946,1.5,0.0,5.264917748217904,733.8865158545501,0.0,0.0,HIGH,1
C_9,2026-09-11T15:51:57.148003,12.973599999999996,77.5946,1.5,0.0,7.791297584574819,711.6475305256901,0.0,0.0,HIGH,1
C_9,2026-09-11T15:52:02.148003,12.973799999999995,77.5946,1.5,0.0,4.164946544509314,689.4085451968302,0.0,0.0,HIGH,1
C_9,2026-09-11T15:52:07.148003,12.973999999999995,77.5946,1.5,0.0,7.571745036278728,667.1695598679702,0.0,0.0,HIGH,1
C_9,2026-09-11T15:52:12.148003,12.974199999999994,77.5946,1.5,0.0,2.8672147479183536,644.9305745391104,0.0,0.0,HIGH,1
C_9,2026-09-11T15:52:17.148003,12.974399999999994,77.5946,1.5,0.0,6.479372031809638,622.6915892102504,0.0,0.0,HIGH,1
C_9,2026-09-11T15:52:22.148003,12.974599999999993,77.5946,1.5,0.0,5.34658181694296,600.4526038813905,0.0,0.0,HIGH,1
C_9,2026-09-11T15:52:27.148003,12.974799999999993,77.5946,1.5,0.0,6.429515192101182,578.2136185525305,0.0,0.0,HIGH,1
C_9,2026-09-11T15:52:32.148003,12.974999999999993,77.5946,1.5,0.0,5.874766506114677,555.9746332236707,0.0,0.0,HIGH,1
C_9,2026-09-11T15:52:37.148003,12.975199999999992,77.5946,1.5,0.0,2.031391023003893,533.7356478948108,0.0,0.0,HIGH,1
C_9,2026-09-11T15:52:42.148003,12.975399999999992,77.5946,1.5,0.0,9.634855274368624,511.4966625659508,0.0,0.0,HIGH,1
C_10,2026-09-11T15:51:07.148003,12.9716,77.5946,1.5,0.0,2.3427225980358566,934.0373838142893,0.0,0.0,HIGH,1
C_10,2026-09-11T15:51:12.148003,12.9718,77.5946,1.5,0.0,3.065900382620703,911.7983984854293,0.0,0.0,HIGH,1
C_10,2026-09-11T15:51:17.148003,12.972,77.5946,1.5,0.0,4.858324374031222,889.5594131565693,0.0,0.0,HIGH,1
C_10,2026-09-11T15:51:22.148003,12.972199999999999,77.5946,1.5,0.0,7.60871912299239,867.3204278277095,0.0,0.0,HIGH,1
C_10,2026-09-11T15:51:27.148003,12.972399999999999,77.5946,1.5,0.0,8.14237904568315,845.0814424988496,0.0,0.0,HIGH,1
C_10,2026-09-11T15:51:32.148003,12.972599999999998,77.5946,1.5,0.0,5.361066859975852,822.8424571699899,0.0,0.0,HIGH,1
C_10,2026-09-11T15:51:37.148003,12.972799999999998,77.5946,1.5,0.0,9.481456042746913,800.6034718411298,0.0,0.0,HIGH,1
C_10,2026-09-11T15:51:42.148003,12.972999999999997,77.5946,1.5,0.0,2.409286874705555,778.3644865122698,0.0,0.0,HIGH,1
C_10,2026-09-11T15:51:47.148003,12.973199999999997,77.5946,1.5,0.0,5.857731001619124,756.1255011834099,0.0,0.0,HIGH,1
C_10,2026-09-11T15:51:52.148003,12.973399999999996,77.5946,1.5,0.0,9.730884870776409,733.8865158545501,0.0,0.0,HIGH,1
C_10,2026-09-11T15:51:57.148003,12.973599999999996,77.5946,1.5,0.0,5.716720689340907,711.6475305256901,0.0,0.0,HIGH,1
C_10,2026-09-11T15:52:02.148003,12.973799999999995,77.5946,1.5,0.0,5.931697579083816,689.4085451968302,0.0,0.0,HIGH,1
C_10,2026-09-11T15:52:07.148003,12.973999999999995,77.5946,1.5,0.0,2.0087152941885797,667.1695598679702,0.0,0.0,HIGH,1
C_10,2026-09-11T15:52:12.148003,12.974199999999994,77.5946,1.5,0.0,8.674841400082434,644.9305745391104,0.0,0.0,HIGH,1
C_10,2026-09-11T15:52:17.148003,12.974399999999994,77.5946,1.5,0.0,9.588977294789796,622.6915892102504,0.0,0.0,HIGH,1
C_10,2026-09-11T15:52:22.148003,12.974599999999993,77.5946,1.5,0.0,2.053108917846642,600.4526038813905,0.0,0.0,HIGH,1
C_10,2026-09-11T15:52:27.148003,12.974799999999993,77.5946,1.5,0.0,3.9140709004869567,578.2136185525305,0.0,0.0,HIGH,1
C_10,2026-09-11T15:52:32.148003,12.974999999999993,77.5946,1.5,0.0,9.972371452438951,555.9746332236707,0.0,0.0,HIGH,1
C_10,2026-09-11T15:52:37.148003,12.975199999999992,77.5946,1.5,0.0,3.59956631712174,533.7356478948108,0.0,0.0,HIGH,1
C_10,2026-09-11T15:52:42.148003,12.975399999999992,77.5946,1.5,0.0,8.481210406384939,511.4966625659508,0.0,0.0,HIGH,1
C_11,2026-09-11T15:51:07.150821,12.9716,77.5946,1.5,0.0,5.665983006421049,934.0373838142893,0.0,0.0,HIGH,1
C_11,2026-09-11T15:51:12.150821,12.9718,77.5946,1.5,0.0,9.498963127338662,911.7983984854293,0.0,0.0,HIGH,1
C_11,2026-09-11T15:51:17.150821,12.972,77.5946,1.5,0.0,7.118865424722083,889.5594131565693,0.0,0.0,HIGH,1
C_11,2026-09-11T15:51:22.150821,12.972199999999999,77.5946,1.5,0.0,7.785117747531214,867.3204278277095,0.0,0.0,HIGH,1
C_11,2026-09-11T15:51:27.150821,12.972399999999999,77.5946,1.5,0.0,7.952696449302067,845.0814424988496,0.0,0.0,HIGH,1
C_11,2026-09-11T15:51:32.150821,12.972599999999998,77.5946,1.5,0.0,4.360761790577898,822.8424571699899,0.0,0.0,HIGH,1
C_11,2026-09-11T15:51:37.150821,12.972799999999998,77.5946,1.5,0.0,9.339098913593947,800.6034718411298,0.0,0.0,HIGH,1
C_11,2026-09-11T15:51:42.150821,12.972999999999997,77.5946,1.5,0.0,5.01299346275462,778.3644865122698,0.0,0.0,HIGH,1
C_11,2026-09-11T15:51:47.150821,12.973199999999997,77.5946,1.5,0.0,8.720165160052819,756.1255011834099,0.0,0.0,HIGH,1
C_11,2026-09-11T15:51:52.150821,12.973399999999996,77.5946,1.5,0.0,8.303476199868403,733.8865158545501,0.0,0.0,HIGH,1
C_11,2026-09-11T15:51:57.150821,12.973599999999996,77.5946,1.5,0.0,3.312737109112728,711.6475305256901,0.0,0.0,HIGH,1
C_11,2026-09-11T15:52:02.150821,12.973799999999995,77.5946,1.5,0.0,3.0018715812291834,689.4085451968302,0.0,0.0,HIGH,1
C_11,2026-09-11T15:52:07.150821,12.973999999999995,77.5946,1.5,0.0,5.394842532387615,667.1695598679702,0.0,0.0,HIGH,1
C_11,2026-09-11T15:52:12.150821,12.974199999999994,77.5946,1.5,0.0,4.7937900233124795,644.9305745391104,0.0,0.0,HIGH,1
C_11,2026-09-11T15:52:17.150821,12.974399999999994,77.5946,1.5,0.0,9.790758590236933,622.6915892102504,0.0,0.0,HIGH,1
C_11,2026-09-11T15:52:22.150821,12.974599999999993,77.5946,1.5,0.0,5.573256091658885,600.4526038813905,0.0,0.0,HIGH,1
C_11,2026-09-11T15:52:27.150821,12.974799999999993,77.5946,1.5,0.0,9.62395084455632,578.2136185525305,0.0,0.0,HIGH,1
C_11,2026-09-11T15:52:32.150821,12.974999999999993,77.5946,1.5,0.0,4.274052728883231,555.9746332236707,0.0,0.0,HIGH,1
C_11,2026-09-11T15:52:37.150821,12.975199999999992,77.5946,1.5,0.0,5.5331883747802655,533.7356478948108,0.0,0.0,HIGH,1
C_11,2026-09-11T15:52:42.150821,12.975399999999992,77.5946,1.5,0.0,3.9612943604614337,511.4966625659508,0.0,0.0,HIGH,1
C_12,2026-09-11T15:51:07.151837,12.9716,77.5946,1.5,0.0,8.164164544727338,934.0373838142893,0.0,0.0,HIGH,1
C_12,2026-09-11T15:51:12.151837,12.9718,77.5946,1.5,0.0,3.6086700289367473,911.7983984854293,0.0,0.0,HIGH,1
C_12,2026-09-11T15:51:17.151837,12.972,77.5946,1.5,0.0,7.741075889461573,889.5594131565693,0.0,0.0,HIGH,1
C_12,2026-09-11T15:51:22.151837,12.972199999999999,77.5946,1.5,0.0,7.344665977329089,867.3204278277095,0.0,0.0,HIGH,1
C_12,2026-09-11T15:51:27.151837,12.972399999999999,77.5946,1.5,0.0,9.829735648493386,845.0814424988496,0.0,0.0,HIGH,1
C_12,2026-09-11T15:51:32.151837,12.972599999999998,77.5946,1.5,0.0,3.397868739792763,822.8424571699899,0.0,0.0,HIGH,1
C_12,2026-09-11T15:51:37.151837,12.972799999999998,77.5946,1.5,0.0,6.902986721819937,800.6034718411298,0.0,0.0,HIGH,1
C_12,2026-09-11T15:51:42.151837,12.972999999999997,77.5946,1.5,0.0,9.978549018442788,778.3644865122698,0.0,0.0,HIGH,1
C_12,2026-09-11T15:51:47.151837,12.973199999999997,77.5946,1.5,0.0,9.748778637306238,756.1255011834099,0.0,0.0,HIGH,1
C_12,2026-09-11T15:51:52.151837,12.973399999999996,77.5946,1.5,0.0,7.840770060339137,733.8865158545501,0.0,0.0,HIGH,1
C_12,2026-09-11T15:51:57.151837,12.973599999999996,77.5946,1.5,0.0,9.490885343665944,711.6475305256901,0.0,0.0,HIGH,1
C_12,2026-09-11T15:52:02.151837,12.973799999999995,77.5946,1.5,0.0,4.731662372341561,689.4085451968302,0.0,0.0,HIGH,1
C_12,2026-09-11T15:52:07.151837,12.973999999999995,77.5946,1.5,0.0,5.530785260714239,667.1695598679702,0.0,0.0,HIGH,1
C_12,2026-09-11T15:52:12.151837,12.974199999999994,77.5946,1.5,0.0,3.410435747506172,644.9305745391104,0.0,0.0,HIGH,1
C_12,2026-09-11T15:52:17.151837,12.974399999999994,77.5946,1.5,0.0,2.2561644222469868,622.6915892102504,0.0,0.0,HIGH,1
C_12,2026-09-11T15:52:22.151837,12.974599999999993,77.5946,1.5,0.0,3.199237360849695,600.4526038813905,0.0,0.0,HIGH,1
C_12,2026-09-11T15:52:27.151837,12.974799999999993,77.5946,1.5,0.0,5.810498007234169,578.2136185525305,0.0,0.0,HIGH,1
C_12,2026-09-11T15:52:32.151837,12.974999999999993,77.5946,1.5,0.0,5.183388471781463,555.9746332236707,0.0,0.0,HIGH,1
C_12,2026-09-11T15:52:37.151837,12.975199999999992,77.5946,1.5,0.0,8.582495063433452,533.7356478948108,0.0,0.0,HIGH,1
C_12,2026-09-11T15:52:42.151837,12.975399999999992,77.5946,1.5,0.0,5.5976550517042165,511.4966625659508,0.0,0.0,HIGH,1
C_13,2026-09-11T15:51:07.152834,12.9716,77.5946,1.5,0.0,9.219135619443566,934.0373838142893,0.0,0.0,HIGH,1
C_13,2026-09-11T15:51:12.152834,12.9718,77.5946,1.5,0.0,4.6965101432540814,911.7983984854293,0.0,0.0,HIGH,1
C_13,2026-09-11T15:51:17.152834,12.972,77.5946,1.5,0.0,7.249140483425635,889.5594131565693,0.0,0.0,HIGH,1
C_13,2026-09-11T15:51:22.152834,12.972199999999999,77.5946,1.5,0.0,2.286546553478633,867.3204278277095,0.0,0.0,HIGH,1
C_13,2026-09-11T15:51:27.152834,12.972399999999999,77.5946,1.5,0.0,8.412296624345357,845.0814424988496,0.0,0.0,HIGH,1
C_13,2026-09-11T15:51:32.152834,12.972599999999998,77.5946,1.5,0.0,9.053650328473527,822.8424571699899,0.0,0.0,HIGH,1
C_13,2026-09-11T15:51:37.152834,12.972799999999998,77.5946,1.5,0.0,7.295361257145545,800.6034718411298,0.0,0.0,HIGH,1
C_13,2026-09-11T15:51:42.152834,12.972999999999997,77.5946,1.5,0.0,2.752570603469266,778.3644865122698,0.0,0.0,HIGH,1
C_13,2026-09-11T15:51:47.152834,12.973199999999997,77.5946,1.5,0.0,4.457381922388021,756.1255011834099,0.0,0.0,HIGH,1
C_13,2026-09-11T15:51:52.152834,12.973399999999996,77.5946,1.5,0.0,2.078110110283614,733.8865158545501,0.0,0.0,HIGH,1
C_13,2026-09-11T15:51:57.152834,12.973599999999996,77.5946,1.5,0.0,2.467587735786921,711.6475305256901,0.0,0.0,HIGH,1
C_13,2026-09-11T15:52:02.152834,12.973799999999995,77.5946,1.5,0.0,7.496294405800513,689.4085451968302,0.0,0.0,HIGH,1
C_13,2026-09-11T15:52:07.152834,12.973999999999995,77.5946,1.5,0.0,9.174093962984735,667.1695598679702,0.0,0.0,HIGH,1
C_13,2026-09-11T15:52:12.152834,12.974199999999994,77.5946,1.5,0.0,3.155578444898074,644.9305745391104,0.0,0.0,HIGH,1
C_13,2026-09-11T15:52:17.152834,12.974399999999994,77.5946,1.5,0.0,3.4962622777023507,622.6915892102504,0.0,0.0,HIGH,1
C_13,2026-09-11T15:52:22.152834,12.974599999999993,77.5946,1.5,0.0,4.923252431227448,600.4526038813905,0.0,0.0,HIGH,1
C_13,2026-09-11T15:52:27.152834,12.974799999999993,77.5946,1.5,0.0,7.498747187567403,578.2136185525305,0.0,0.0,HIGH,1
C_13,2026-09-11T15:52:32.152834,12.974999999999993,77.5946,1.5,0.0,8.372916340523139,555.9746332236707,0.0,0.0,HIGH,1
C_13,2026-09-11T15:52:37.152834,12.975199999999992,77.5946,1.5,0.0,6.518012630982763,533.7356478948108,0.0,0.0,HIGH,1
C_13,2026-09-11T15:52:42.152834,12.975399999999992,77.5946,1.5,0.0,7.55692736139497,511.4966625659508,0.0,0.0,HIGH,1
C_14,2026-09-11T15:51:07.153850,12.9716,77.5946,1.5,0.0,5.253303312143261,934.0373838142893,0.0,0.0,HIGH,1
C_14,2026-09-11T15:51:12.153850,12.9718,77.5946,1.5,0.0,3.982816334901501,911.7983984854293,0.0,0.0,HIGH,1
C_14,2026-09-11T15:51:17.153850,12.972,77.5946,1.5,0.0,8.816670604399778,889.5594131565693,0.0,0.0,HIGH,1
C_14,2026-09-11T15:51:22.153850,12.972199999999999,77.5946,1.5,0.0,9.874269264081939,867.3204278277095,0.0,0.0,HIGH,1
C_14,2026-09-11T15:51:27.153850,12.972399999999999,77.5946,1.5,0.0,2.461728566755167,845.0814424988496,0.0,0.0,HIGH,1
C_14,2026-09-11T15:51:32.153850,12.972599999999998,77.5946,1.5,0.0,7.087795888848803,822.8424571699899,0.0,0.0,HIGH,1
C_14,2026-09-11T15:51:37.153850,12.972799999999998,77.5946,1.5,0.0,7.749811856094276,800.6034718411298,0.0,0.0,HIGH,1
C_14,2026-09-11T15:51:42.153850,12.972999999999997,77.5946,1.5,0.0,4.537244656125133,778.3644865122698,0.0,0.0,HIGH,1
C_14,2026-09-11T15:51:47.153850,12.973199999999997,77.5946,1.5,0.0,9.273563458343967,756.1255011834099,0.0,0.0,HIGH,1
C_14,2026-09-11T15:51:52.153850,12.973399999999996,77.5946,1.5,0.0,5.490571796496544,733.8865158545501,0.0,0.0,HIGH,1
C_14,2026-09-11T15:51:57.153850,12.973599999999996,77.5946,1.5,0.0,3.7715772429203724,711.6475305256901,0.0,0.0,HIGH,1
C_14,2026-09-11T15:52:02.153850,12.973799999999995,77.5946,1.5,0.0,7.953939750684758,689.4085451968302,0.0,0.0,HIGH,1
C_14,2026-09-11T15:52:07.153850,12.973999999999995,77.5946,1.5,0.0,3.487789009958375,667.1695598679702,0.0,0.0,HIGH,1
C_14,2026-09-11T15:52:12.153850,12.974199999999994,77.5946,1.5,0.0,3.268902496698825,644.9305745391104,0.0,0.0,HIGH,1
C_14,2026-09-11T15:52:17.153850,12.974399999999994,77.5946,1.5,0.0,5.830318546194716,622.6915892102504,0.0,0.0,HIGH,1
C_14,2026-09-11T15:52:22.153850,12.974599999999993,77.5946,1.5,0.0,7.967221686632217,600.4526038813905,0.0,0.0,HIGH,1
C_14,2026-09-11T15:52:27.153850,12.974799999999993,77.5946,1.5,0.0,2.725116599021237,578.2136185525305,0.0,0.0,HIGH,1
C_14,2026-09-11T15:52:32.153850,12.974999999999993,77.5946,1.5,0.0,7.530760729808723,555.9746332236707,0.0,0.0,HIGH,1
C_14,2026-09-11T15:52:37.153850,12.975199999999992,77.5946,1.5,0.0,6.71193219373692,533.7356478948108,0.0,0.0,HIGH,1
C_14,2026-09-11T15:52:42.153850,12.975399999999992,77.5946,1.5,0.0,3.3868886370555664,511.4966625659508,0.0,0.0,HIGH,1
C_15,2026-09-11T15:51:07.154849,12.9716,77.5946,1.5,0.0,2.9123087477256444,934.0373838142893,0.0,0.0,HIGH,1
C_15,2026-09-11T15:51:12.154849,12.9718,77.5946,1.5,0.0,2.401426224602952,911.7983984854293,0.0,0.0,HIGH,1
C_15,2026-09-11T15:51:17.154849,12.972,77.5946,1.5,0.0,9.48923974590171,889.5594131565693,0.0,0.0,HIGH,1
C_15,2026-09-11T15:51:22.154849,12.972199999999999,77.5946,1.5,0.0,3.139316575949973,867.3204278277095,0.0,0.0,HIGH,1
C_15,2026-09-11T15:51:27.154849,12.972399999999999,77.5946,1.5,0.0,5.001943488220625,845.0814424988496,0.0,0.0,HIGH,1
C_15,2026-09-11T15:51:32.154849,12.972599999999998,77.5946,1.5,0.0,7.253449539670708,822.8424571699899,0.0,0.0,HIGH,1
C_15,2026-09-11T15:51:37.154849,12.972799999999998,77.5946,1.5,0.0,9.718295083933032,800.6034718411298,0.0,0.0,HIGH,1
C_15,2026-09-11T15:51:42.154849,12.972999999999997,77.5946,1.5,0.0,6.597120223821391,778.3644865122698,0.0,0.0,HIGH,1
C_15,2026-09-11T15:51:47.154849,12.973199999999997,77.5946,1.5,0.0,8.458788364852138,756.1255011834099,0.0,0.0,HIGH,1
C_15,2026-09-11T15:51:52.154849,12.973399999999996,77.5946,1.5,0.0,6.774817545779751,733.8865158545501,0.0,0.0,HIGH,1
C_15,2026-09-11T15:51:57.154849,12.973599999999996,77.5946,1.5,0.0,3.467813183330997,711.6475305256901,0.0,0.0,HIGH,1
C_15,2026-09-11T15:52:02.154849,12.973799999999995,77.5946,1.5,0.0,6.397548989895096,689.4085451968302,0.0,0.0,HIGH,1
C_15,2026-09-11T15:52:07.154849,12.973999999999995,77.5946,1.5,0.0,6.222303984243248,667.1695598679702,0.0,0.0,HIGH,1
C_15,2026-09-11T15:52:12.154849,12.974199999999994,77.5946,1.5,0.0,3.9921947208556565,644.9305745391104,0.0,0.0,HIGH,1
C_15,2026-09-11T15:52:17.154849,12.974399999999994,77.5946,1.5,0.0,5.671864383633026,622.6915892102504,0.0,0.0,HIGH,1
C_15,2026-09-11T15:52:22.154849,12.974599999999993,77.5946,1.5,0.0,6.6528863202224935,600.4526038813905,0.0,0.0,HIGH,1
C_15,2026-09-11T15:52:27.154849,12.974799999999993,77.5946,1.5,0.0,4.22409813153888,578.2136185525305,0.0,0.0,HIGH,1
C_15,2026-09-11T15:52:32.154849,12.974999999999993,77.5946,1.5,0.0,6.779746305876658,555.9746332236707,0.0,0.0,HIGH,1
C_15,2026-09-11T15:52:37.154849,12.975199999999992,77.5946,1.5,0.0,9.974887321685774,533.7356478948108,0.0,0.0,HIGH,1
C_15,2026-09-11T15:52:42.154849,12.975399999999992,77.5946,1.5,0.0,6.163964195630682,511.4966625659508,0.0,0.0,HIGH,1
C_16,2026-09-11T15:51:07.155849,12.9716,77.5946,1.5,0.0,6.990817888831753,934.0373838142893,0.0,0.0,HIGH,1
C_16,2026-09-11T15:51:12.155849,12.9718,77.5946,1.5,0.0,3.44497911324442,911.7983984854293,0.0,0.0,HIGH,1
C_16,2026-09-11T15:51:17.155849,12.972,77.5946,1.5,0.0,5.31977599067252,889.5594131565693,0.0,0.0,HIGH,1
C_16,2026-09-11T15:51:22.155849,12.972199999999999,77.5946,1.5,0.0,8.535916858286356,867.3204278277095,0.0,0.0,HIGH,1
C_16,2026-09-11T15:51:27.155849,12.972399999999999,77.5946,1.5,0.0,7.349157119100935,845.0814424988496,0.0,0.0,HIGH,1
C_16,2026-09-11T15:51:32.155849,12.972599999999998,77.5946,1.5,0.0,2.968802079168566,822.8424571699899,0.0,0.0,HIGH,1
C_16,2026-09-11T15:51:37.155849,12.972799999999998,77.5946,1.5,0.0,2.7335106976086436,800.6034718411298,0.0,0.0,HIGH,1
C_16,2026-09-11T15:51:42.155849,12.972999999999997,77.5946,1.5,0.0,6.823457596759154,778.3644865122698,0.0,0.0,HIGH,1
C_16,2026-09-11T15:51:47.155849,12.973199999999997,77.5946,1.5,0.0,5.8819456151882665,756.1255011834099,0.0,0.0,HIGH,1
C_16,2026-09-11T15:51:52.155849,12.973399999999996,77.5946,1.5,0.0,5.655751510142494,733.8865158545501,0.0,0.0,HIGH,1
C_16,2026-09-11T15:51:57.155849,12.973599999999996,77.5946,1.5,0.0,3.713884349510593,711.6475305256901,0.0,0.0,HIGH,1
C_16,2026-09-11T15:52:02.155849,12.973799999999995,77.5946,1.5,0.0,9.419996312684445,689.4085451968302,0.0,0.0,HIGH,1
C_16,2026-09-11T15:52:07.155849,12.973999999999995,77.5946,1.5,0.0,4.733091270813563,667.1695598679702,0.0,0.0,HIGH,1
C_16,2026-09-11T15:52:12.155849,12.974199999999994,77.5946,1.5,0.0,8.980855884063992,644.9305745391104,0.0,0.0,HIGH,1
C_16,2026-09-11T15:52:17.155849,12.974399999999994,77.5946,1.5,0.0,4.98674953479105,622.6915892102504,0.0,0.0,HIGH,1
C_16,2026-09-11T15:52:22.155849,12.974599999999993,77.5946,1.5,0.0,8.16248828040752,600.4526038813905,0.0,0.0,HIGH,1
C_16,2026-09-11T15:52:27.155849,12.974799999999993,77.5946,1.5,0.0,9.687101954891945,578.2136185525305,0.0,0.0,HIGH,1
C_16,2026-09-11T15:52:32.155849,12.974999999999993,77.5946,1.5,0.0,7.478151922084141,555.9746332236707,0.0,0.0,HIGH,1
C_16,2026-09-11T15:52:37.155849,12.975199999999992,77.5946,1.5,0.0,9.625915448172082,533.7356478948108,0.0,0.0,HIGH,1
C_16,2026-09-11T15:52:42.155849,12.975399999999992,77.5946,1.5,0.0,3.5632814931924317,511.4966625659508,0.0,0.0,HIGH,1
C_17,2026-09-11T15:51:07.155849,12.9716,77.5946,1.5,0.0,3.5050175227506086,934.0373838142893,0.0,0.0,HIGH,1
C_17,2026-09-11T15:51:12.155849,12.9718,77.5946,1.5,0.0,7.058728268964792,911.7983984854293,0.0,0.0,HIGH,1
C_17,2026-09-11T15:51:17.155849,12.972,77.5946,1.5,0.0,9.843050093576355,889.5594131565693,0.0,0.0,HIGH,1
C_17,2026-09-11T15:51:22.155849,12.972199999999999,77.5946,1.5,0.0,6.992655574302594,867.3204278277095,0.0,0.0,HIGH,1
C_17,2026-09-11T15:51:27.155849,12.972399999999999,77.5946,1.5,0.0,3.996563077225666,845.0814424988496,0.0,0.0,HIGH,1
C_17,2026-09-11T15:51:32.155849,12.972599999999998,77.5946,1.5,0.0,3.8741868799524983,822.8424571699899,0.0,0.0,HIGH,1
C_17,2026-09-11T15:51:37.155849,12.972799999999998,77.5946,1.5,0.0,7.1000210018826575,800.6034718411298,0.0,0.0,HIGH,1
C_17,2026-09-11T15:51:42.155849,12.972999999999997,77.5946,1.5,0.0,8.939091165495242,778.3644865122698,0.0,0.0,HIGH,1
C_17,2026-09-11T15:51:47.155849,12.973199999999997,77.5946,1.5,0.0,7.270745993814093,756.1255011834099,0.0,0.0,HIGH,1
C_17,2026-09-11T15:51:52.155849,12.973399999999996,77.5946,1.5,0.0,8.33784817367301,733.8865158545501,0.0,0.0,HIGH,1
C_17,2026-09-11T15:51:57.155849,12.973599999999996,77.5946,1.5,0.0,4.113955699716374,711.6475305256901,0.0,0.0,HIGH,1
C_17,2026-09-11T15:52:02.155849,12.973799999999995,77.5946,1.5,0.0,9.086854108871268,689.4085451968302,0.0,0.0,HIGH,1
C_17,2026-09-11T15:52:07.155849,12.973999999999995,77.5946,1.5,0.0,2.9067516097434796,667.1695598679702,0.0,0.0,HIGH,1
C_17,2026-09-11T15:52:12.155849,12.974199999999994,77.5946,1.5,0.0,4.22826936639495,644.9305745391104,0.0,0.0,HIGH,1
C_17,2026-09-11T15:52:17.155849,12.974399999999994,77.5946,1.5,0.0,4.486153800959485,622.6915892102504,0.0,0.0,HIGH,1
C_17,2026-09-11T15:52:22.155849,12.974599999999993,77.5946,1.5,0.0,8.486457528316942,600.4526038813905,0.0,0.0,HIGH,1
C_17,2026-09-11T15:52:27.155849,12.974799999999993,77.5946,1.5,0.0,6.262227700500604,578.2136185525305,0.0,0.0,HIGH,1
C_17,2026-09-11T15:52:32.155849,12.974999999999993,77.5946,1.5,0.0,8.044785280807565,555.9746332236707,0.0,0.0,HIGH,1
C_17,2026-09-11T15:52:37.155849,12.975199999999992,77.5946,1.5,0.0,3.064268091984248,533.7356478948108,0.0,0.0,HIGH,1
C_17,2026-09-11T15:52:42.155849,12.975399999999992,77.5946,1.5,0.0,4.845412918808306,511.4966625659508,0.0,0.0,HIGH,1
C_18,2026-09-11T15:51:07.157850,12.9716,77.5946,1.5,0.0,2.113907397055737,934.0373838142893,0.0,0.0,HIGH,1
C_18,2026-09-11T15:51:12.157850,12.9718,77.5946,1.5,0.0,3.442938350321321,911.7983984854293,0.0,0.0,HIGH,1
C_18,2026-09-11T15:51:17.157850,12.972,77.5946,1.5,0.0,5.3288712551530075,889.5594131565693,0.0,0.0,HIGH,1
C_18,2026-09-11T15:51:22.157850,12.972199999999999,77.5946,1.5,0.0,2.373443377393473,867.3204278277095,0.0,0.0,HIGH,1
C_18,2026-09-11T15:51:27.157850,12.972399999999999,77.5946,1.5,0.0,2.279933878156558,845.0814424988496,0.0,0.0,HIGH,1
C_18,2026-09-11T15:51:32.157850,12.972599999999998,77.5946,1.5,0.0,5.375342451375514,822.8424571699899,0.0,0.0,HIGH,1
C_18,2026-09-11T15:51:37.157850,12.972799999999998,77.5946,1.5,0.0,5.173492491405722,800.6034718411298,0.0,0.0,HIGH,1
C_18,2026-09-11T15:51:42.157850,12.972999999999997,77.5946,1.5,0.0,9.5065344345288,778.3644865122698,0.0,0.0,HIGH,1
C_18,2026-09-11T15:51:47.157850,12.973199999999997,77.5946,1.5,0.0,9.192774389367672,756.1255011834099,0.0,0.0,HIGH,1
C_18,2026-09-11T15:51:52.157850,12.973399999999996,77.5946,1.5,0.0,3.639994113864007,733.8865158545501,0.0,0.0,HIGH,1
C_18,2026-09-11T15:51:57.157850,12.973599999999996,77.5946,1.5,0.0,8.871772626867678,711.6475305256901,0.0,0.0,HIGH,1
C_18,2026-09-11T15:52:02.157850,12.973799999999995,77.5946,1.5,0.0,8.67033701943567,689.4085451968302,0.0,0.0,HIGH,1
C_18,2026-09-11T15:52:07.157850,12.973999999999995,77.5946,1.5,0.0,8.349696715629225,667.1695598679702,0.0,0.0,HIGH,1
C_18,2026-09-11T15:52:12.157850,12.974199999999994,77.5946,1.5,0.0,2.9159051608884603,644.9305745391104,0.0,0.0,HIGH,1
C_18,2026-09-11T15:52:17.157850,12.974399999999994,77.5946,1.5,0.0,4.3885468122454245,622.6915892102504,0.0,0.0,HIGH,1
C_18,2026-09-11T15:52:22.157850,12.974599999999993,77.5946,1.5,0.0,6.275596570697838,600.4526038813905,0.0,0.0,HIGH,1
C_18,2026-09-11T15:52:27.157850,12.974799999999993,77.5946,1.5,0.0,2.2032641997398557,578.2136185525305,0.0,0.0,HIGH,1
C_18,2026-09-11T15:52:32.157850,12.974999999999993,77.5946,1.5,0.0,9.495317557447812,555.9746332236707,0.0,0.0,HIGH,1
C_18,2026-09-11T15:52:37.157850,12.975199999999992,77.5946,1.5,0.0,2.7426653483731327,533.7356478948108,0.0,0.0,HIGH,1
C_18,2026-09-11T15:52:42.157850,12.975399999999992,77.5946,1.5,0.0,8.840022825682652,511.4966625659508,0.0,0.0,HIGH,1
C_19,2026-09-11T15:51:07.157850,12.9716,77.5946,1.5,0.0,5.147079391446271,934.0373838142893,0.0,0.0,HIGH,1
C_19,2026-09-11T15:51:12.157850,12.9718,77.5946,1.5,0.0,7.019552018486718,911.7983984854293,0.0,0.0,HIGH,1
C_19,2026-09-11T15:51:17.157850,12.972,77.5946,1.5,0.0,4.571320175596681,889.5594131565693,0.0,0.0,HIGH,1
C_19,2026-09-11T15:51:22.157850,12.972199999999999,77.5946,1.5,0.0,9.920858613913028,867.3204278277095,0.0,0.0,HIGH,1
C_19,2026-09-11T15:51:27.157850,12.972399999999999,77.5946,1.5,0.0,3.0129642917401247,845.0814424988496,0.0,0.0,HIGH,1
C_19,2026-09-11T15:51:32.157850,12.972599999999998,77.5946,1.5,0.0,8.76170065306722,822.8424571699899,0.0,0.0,HIGH,1
C_19,2026-09-11T15:51:37.157850,12.972799999999998,77.5946,1.5,0.0,7.560150175207428,800.6034718411298,0.0,0.0,HIGH,1
C_19,2026-09-11T15:51:42.157850,12.972999999999997,77.5946,1.5,0.0,6.426060299366681,778.3644865122698,0.0,0.0,HIGH,1
C_19,2026-09-11T15:51:47.157850,12.973199999999997,77.5946,1.5,0.0,4.015089021916383,756.1255011834099,0.0,0.0,HIGH,1
C_19,2026-09-11T15:51:52.157850,12.973399999999996,77.5946,1.5,0.0,8.975577126497292,733.8865158545501,0.0,0.0,HIGH,1
C_19,2026-09-11T15:51:57.157850,12.973599999999996,77.5946,1.5,0.0,6.100281645412806,711.6475305256901,0.0,0.0,HIGH,1
C_19,2026-09-11T15:52:02.157850,12.973799999999995,77.5946,1.5,0.0,3.2354529023688627,689.4085451968302,0.0,0.0,HIGH,1
C_19,2026-09-11T15:52:07.157850,12.973999999999995,77.5946,1.5,0.0,4.449015953458782,667.1695598679702,0.0,0.0,HIGH,1
C_19,2026-09-11T15:52:12.157850,12.974199999999994,77.5946,1.5,0.0,8.208123863528998,644.9305745391104,0.0,0.0,HIGH,1
C_19,2026-09-11T15:52:17.157850,12.974399999999994,77.5946,1.5,0.0,6.36387002756482,622.6915892102504,0.0,0.0,HIGH,1
C_19,2026-09-11T15:52:22.157850,12.974599999999993,77.5946,1.5,0.0,6.904102931933912,600.4526038813905,0.0,0.0,HIGH,1
C_19,2026-09-11T15:52:27.157850,12.974799999999993,77.5946,1.5,0.0,7.386117405407075,578.2136185525305,0.0,0.0,HIGH,1
C_19,2026-09-11T15:52:32.157850,12.974999999999993,77.5946,1.5,0.0,7.86649010238016,555.9746332236707,0.0,0.0,HIGH,1
C_19,2026-09-11T15:52:37.157850,12.975199999999992,77.5946,1.5,0.0,9.341783224876128,533.7356478948108,0.0,0.0,HIGH,1
C_19,2026-09-11T15:52:42.157850,12.975399999999992,77.5946,1.5,0.0,8.1004897988024,511.4966625659508,0.0,0.0,HIGH,1
C_20,2026-09-11T15:51:07.159223,12.9716,77.5946,1.5,0.0,3.7875276339286765,934.0373838142893,0.0,0.0,HIGH,1
C_20,2026-09-11T15:51:12.159223,12.9718,77.5946,1.5,0.0,7.347089312662252,911.7983984854293,0.0,0.0,HIGH,1
C_20,2026-09-11T15:51:17.159223,12.972,77.5946,1.5,0.0,3.146441924247184,889.5594131565693,0.0,0.0,HIGH,1
C_20,2026-09-11T15:51:22.159223,12.972199999999999,77.5946,1.5,0.0,2.667856027209967,867.3204278277095,0.0,0.0,HIGH,1
C_20,2026-09-11T15:51:27.159223,12.972399999999999,77.5946,1.5,0.0,2.9743620580958794,845.0814424988496,0.0,0.0,HIGH,1
C_20,2026-09-11T15:51:32.159223,12.972599999999998,77.5946,1.5,0.0,4.29786325048125,822.8424571699899,0.0,0.0,HIGH,1
C_20,2026-09-11T15:51:37.159223,12.972799999999998,77.5946,1.5,0.0,3.5771738488332137,800.6034718411298,0.0,0.0,HIGH,1
C_20,2026-09-11T15:51:42.159223,12.972999999999997,77.5946,1.5,0.0,6.317346737835064,778.3644865122698,0.0,0.0,HIGH,1
C_20,2026-09-11T15:51:47.159223,12.973199999999997,77.5946,1.5,0.0,7.949442867322867,756.1255011834099,0.0,0.0,HIGH,1
C_20,2026-09-11T15:51:52.159223,12.973399999999996,77.5946,1.5,0.0,4.651569158577896,733.8865158545501,0.0,0.0,HIGH,1
C_20,2026-09-11T15:51:57.159223,12.973599999999996,77.5946,1.5,0.0,2.879641687141225,711.6475305256901,0.0,0.0,HIGH,1
C_20,2026-09-11T15:52:02.159223,12.973799999999995,77.5946,1.5,0.0,8.729181791627958,689.4085451968302,0.0,0.0,HIGH,1
C_20,2026-09-11T15:52:07.159223,12.973999999999995,77.5946,1.5,0.0,4.902521748787606,667.1695598679702,0.0,0.0,HIGH,1
C_20,2026-09-11T15:52:12.159223,12.974199999999994,77.5946,1.5,0.0,3.5883222185762644,644.9305745391104,0.0,0.0,HIGH,1
C_20,2026-09-11T15:52:17.159223,12.974399999999994,77.5946,1.5,0.0,2.299811018762327,622.6915892102504,0.0,0.0,HIGH,1
C_20,2026-09-11T15:52:22.159223,12.974599999999993,77.5946,1.5,0.0,8.150570892026309,600.4526038813905,0.0,0.0,HIGH,1
C_20,2026-09-11T15:52:27.159223,12.974799999999993,77.5946,1.5,0.0,9.716504226062892,578.2136185525305,0.0,0.0,HIGH,1
C_20,2026-09-11T15:52:32.159223,12.974999999999993,77.5946,1.5,0.0,9.776367631073485,555.9746332236707,0.0,0.0,HIGH,1
C_20,2026-09-11T15:52:37.159223,12.975199999999992,77.5946,1.5,0.0,6.287443943872066,533.7356478948108,0.0,0.0,HIGH,1
C_20,2026-09-11T15:52:42.159223,12.975399999999992,77.5946,1.5,0.0,8.768406825871708,511.4966625659508,0.0,0.0,HIGH,1
C_21,2026-09-11T15:51:07.160260,12.9716,77.5946,1.5,0.0,7.282023654897448,934.0373838142893,0.0,0.0,HIGH,1
C_21,2026-09-11T15:51:12.160260,12.9718,77.5946,1.5,0.0,5.88289161249818,911.7983984854293,0.0,0.0,HIGH,1
C_21,2026-09-11T15:51:17.160260,12.972,77.5946,1.5,0.0,8.798603435601663,889.5594131565693,0.0,0.0,HIGH,1
C_21,2026-09-11T15:51:22.160260,12.972199999999999,77.5946,1.5,0.0,5.983824278316848,867.3204278277095,0.0,0.0,HIGH,1
C_21,2026-09-11T15:51:27.160260,12.972399999999999,77.5946,1.5,0.0,9.944667566223659,845.0814424988496,0.0,0.0,HIGH,1
C_21,2026-09-11T15:51:32.160260,12.972599999999998,77.5946,1.5,0.0,2.6439371270071153,822.8424571699899,0.0,0.0,HIGH,1
C_21,2026-09-11T15:51:37.160260,12.972799999999998,77.5946,1.5,0.0,2.7221281789512712,800.6034718411298,0.0,0.0,HIGH,1
C_21,2026-09-11T15:51:42.160260,12.972999999999997,77.5946,1.5,0.0,8.874407933880358,778.3644865122698,0.0,0.0,HIGH,1
C_21,2026-09-11T15:51:47.160260,12.973199999999997,77.5946,1.5,0.0,9.84746257931154,756.1255011834099,0.0,0.0,HIGH,1
C_21,2026-09-11T15:51:52.160260,12.973399999999996,77.5946,1.5,0.0,8.041199206381982,733.8865158545501,0.0,0.0,HIGH,1
C_21,2026-09-11T15:51:57.160260,12.973599999999996,77.5946,1.5,0.0,3.315593876567835,711.6475305256901,0.0,0.0,HIGH,1
C_21,2026-09-11T15:52:02.160260,12.973799999999995,77.5946,1.5,0.0,3.2152384555072064,689.4085451968302,0.0,0.0,HIGH,1
C_21,2026-09-11T15:52:07.160260,12.973999999999995,77.5946,1.5,0.0,4.420530781325851,667.1695598679702,0.0,0.0,HIGH,1
C_21,2026-09-11T15:52:12.160260,12.974199999999994,77.5946,1.5,0.0,2.3586264528522527,644.9305745391104,0.0,0.0,HIGH,1
C_21,2026-09-11T15:52:17.160260,12.974399999999994,77.5946,1.5,0.0,5.7420941411685344,622.6915892102504,0.0,0.0,HIGH,1
C_21,2026-09-11T15:52:22.160260,12.974599999999993,77.5946,1.5,0.0,3.3768756216263522,600.4526038813905,0.0,0.0,HIGH,1
C_21,2026-09-11T15:52:27.160260,12.974799999999993,77.5946,1.5,0.0,9.147778576330161,578.2136185525305,0.0,0.0,HIGH,1
C_21,2026-09-11T15:52:32.160260,12.974999999999993,77.5946,1.5,0.0,5.686191098713631,555.9746332236707,0.0,0.0,HIGH,1
C_21,2026-09-11T15:52:37.160260,12.975199999999992,77.5946,1.5,0.0,5.937020999437094,533.7356478948108,0.0,0.0,HIGH,1
C_21,2026-09-11T15:52:42.160260,12.975399999999992,77.5946,1.5,0.0,4.7178767613982195,511.4966625659508,0.0,0.0,HIGH,1
C_22,2026-09-11T15:51:07.161028,12.9716,77.5946,1.5,0.0,5.9769767727019865,934.0373838142893,0.0,0.0,HIGH,1
C_22,2026-09-11T15:51:12.161028,12.9718,77.5946,1.5,0.0,5.462338213106165,911.7983984854293,0.0,0.0,HIGH,1
C_22,2026-09-11T15:51:17.161028,12.972,77.5946,1.5,0.0,4.371444298687041,889.5594131565693,0.0,0.0,HIGH,1
C_22,2026-09-11T15:51:22.161028,12.972199999999999,77.5946,1.5,0.0,9.970608522468133,867.3204278277095,0.0,0.0,HIGH,1
C_22,2026-09-11T15:51:27.161028,12.972399999999999,77.5946,1.5,0.0,2.6350611763100398,845.0814424988496,0.0,0.0,HIGH,1
C_22,2026-09-11T15:51:32.161028,12.972599999999998,77.5946,1.5,0.0,8.459036796910702,822.8424571699899,0.0,0.0,HIGH,1
C_22,2026-09-11T15:51:37.161028,12.972799999999998,77.5946,1.5,0.0,6.90747138169009,800.6034718411298,0.0,0.0,HIGH,1
C_22,2026-09-11T15:51:42.161028,12.972999999999997,77.5946,1.5,0.0,7.396878505334501,778.3644865122698,0.0,0.0,HIGH,1
C_22,2026-09-11T15:51:47.161028,12.973199999999997,77.5946,1.5,0.0,5.200039606148622,756.1255011834099,0.0,0.0,HIGH,1
C_22,2026-09-11T15:51:52.161028,12.973399999999996,77.5946,1.5,0.0,7.4798145180982205,733.8865158545501,0.0,0.0,HIGH,1
C_22,2026-09-11T15:51:57.161028,12.973599999999996,77.5946,1.5,0.0,7.416840218253661,711.6475305256901,0.0,0.0,HIGH,1
C_22,2026-09-11T15:52:02.161028,12.973799999999995,77.5946,1.5,0.0,9.36020526510417,689.4085451968302,0.0,0.0,HIGH,1
C_22,2026-09-11T15:52:07.161028,12.973999999999995,77.5946,1.5,0.0,2.936136417894245,667.1695598679702,0.0,0.0,HIGH,1
C_22,2026-09-11T15:52:12.161028,12.974199999999994,77.5946,1.5,0.0,8.554323471539824,644.9305745391104,0.0,0.0,HIGH,1
C_22,2026-09-11T15:52:17.161028,12.974399999999994,77.5946,1.5,0.0,3.2582093879529292,622.6915892102504,0.0,0.0,HIGH,1
C_22,2026-09-11T15:52:22.161028,12.974599999999993,77.5946,1.5,0.0,7.599495437135813,600.4526038813905,0.0,0.0,HIGH,1
C_22,2026-09-11T15:52:27.161028,12.974799999999993,77.5946,1.5,0.0,3.1729793129648227,578.2136185525305,0.0,0.0,HIGH,1
C_22,2026-09-11T15:52:32.161028,12.974999999999993,77.5946,1.5,0.0,4.350168307992737,555.9746332236707,0.0,0.0,HIGH,1
C_22,2026-09-11T15:52:37.161028,12.975199999999992,77.5946,1.5,0.0,3.7050697161463937,533.7356478948108,0.0,0.0,HIGH,1
C_22,2026-09-11T15:52:42.161028,12.975399999999992,77.5946,1.5,0.0,7.985669100988744,511.4966625659508,0.0,0.0,HIGH,1
C_23,2026-09-11T15:51:07.161028,12.9716,77.5946,1.5,0.0,9.951256796424016,934.0373838142893,0.0,0.0,HIGH,1
C_23,2026-09-11T15:51:12.161028,12.9718,77.5946,1.5,0.0,6.336258095990543,911.7983984854293,0.0,0.0,HIGH,1
C_23,2026-09-11T15:51:17.161028,12.972,77.5946,1.5,0.0,8.380955818361326,889.5594131565693,0.0,0.0,HIGH,1
C_23,2026-09-11T15:51:22.161028,12.972199999999999,77.5946,1.5,0.0,6.781210401173746,867.3204278277095,0.0,0.0,HIGH,1
C_23,2026-09-11T15:51:27.161028,12.972399999999999,77.5946,1.5,0.0,9.291023281735738,845.0814424988496,0.0,0.0,HIGH,1
C_23,2026-09-11T15:51:32.161028,12.972599999999998,77.5946,1.5,0.0,9.381130698033864,822.8424571699899,0.0,0.0,HIGH,1
C_23,2026-09-11T15:51:37.161028,12.972799999999998,77.5946,1.5,0.0,8.491775064655995,800.6034718411298,0.0,0.0,HIGH,1
C_23,2026-09-11T15:51:42.161028,12.972999999999997,77.5946,1.5,0.0,8.440723943948859,778.3644865122698,0.0,0.0,HIGH,1
C_23,2026-09-11T15:51:47.161028,12.973199999999997,77.5946,1.5,0.0,5.615657176545592,756.1255011834099,0.0,0.0,HIGH,1
C_23,2026-09-11T15:51:52.161028,12.973399999999996,77.5946,1.5,0.0,5.679210540495488,733.8865158545501,0.0,0.0,HIGH,1
C_23,2026-09-11T15:51:57.161028,12.973599999999996,77.5946,1.5,0.0,2.2653838636409827,711.6475305256901,0.0,0.0,HIGH,1
C_23,2026-09-11T15:52:02.161028,12.973799999999995,77.5946,1.5,0.0,8.773436840678256,689.4085451968302,0.0,0.0,HIGH,1
C_23,2026-09-11T15:52:07.161028,12.973999999999995,77.5946,1.5,0.0,8.738209003923927,667.1695598679702,0.0,0.0,HIGH,1
C_23,2026-09-11T15:52:12.161028,12.974199999999994,77.5946,1.5,0.0,8.964782638333254,644.9305745391104,0.0,0.0,HIGH,1
C_23,2026-09-11T15:52:17.161028,12.974399999999994,77.5946,1.5,0.0,6.020955460082674,622.6915892102504,0.0,0.0,HIGH,1
C_23,2026-09-11T15:52:22.161028,12.974599999999993,77.5946,1.5,0.0,5.715085116618652,600.4526038813905,0.0,0.0,HIGH,1
C_23,2026-09-11T15:52:27.161028,12.974799999999993,77.5946,1.5,0.0,2.925523029001827,578.2136185525305,0.0,0.0,HIGH,1
C_23,2026-09-11T15:52:32.161028,12.974999999999993,77.5946,1.5,0.0,6.040662716873704,555.9746332236707,0.0,0.0,HIGH,1
C_23,2026-09-11T15:52:37.161028,12.975199999999992,77.5946,1.5,0.0,8.935042405129273,533.7356478948108,0.0,0.0,HIGH,1
C_23,2026-09-11T15:52:42.161028,12.975399999999992,77.5946,1.5,0.0,5.2684808451040235,511.4966625659508,0.0,0.0,HIGH,1
C_24,2026-09-11T15:51:07.162536,12.9716,77.5946,1.5,0.0,5.639716627200453,934.0373838142893,0.0,0.0,HIGH,1
C_24,2026-09-11T15:51:12.162536,12.9718,77.5946,1.5,0.0,9.450952798541305,911.7983984854293,0.0,0.0,HIGH,1
C_24,2026-09-11T15:51:17.162536,12.972,77.5946,1.5,0.0,9.781095709528438,889.5594131565693,0.0,0.0,HIGH,1
C_24,2026-09-11T15:51:22.162536,12.972199999999999,77.5946,1.5,0.0,9.46827820482921,867.3204278277095,0.0,0.0,HIGH,1
C_24,2026-09-11T15:51:27.162536,12.972399999999999,77.5946,1.5,0.0,3.4900827509331727,845.0814424988496,0.0,0.0,HIGH,1
C_24,2026-09-11T15:51:32.162536,12.972599999999998,77.5946,1.5,0.0,7.512782753445598,822.8424571699899,0.0,0.0,HIGH,1
C_24,2026-09-11T15:51:37.162536,12.972799999999998,77.5946,1.5,0.0,3.5584338664454025,800.6034718411298,0.0,0.0,HIGH,1
C_24,2026-09-11T15:51:42.162536,12.972999999999997,77.5946,1.5,0.0,4.331584293829497,778.3644865122698,0.0,0.0,HIGH,1
C_24,2026-09-11T15:51:47.162536,12.973199999999997,77.5946,1.5,0.0,9.426574931704359,756.1255011834099,0.0,0.0,HIGH,1
C_24,2026-09-11T15:51:52.162536,12.973399999999996,77.5946,1.5,0.0,8.23973033921703,733.8865158545501,0.0,0.0,HIGH,1
C_24,2026-09-11T15:51:57.162536,12.973599999999996,77.5946,1.5,0.0,4.614759998599419,711.6475305256901,0.0,0.0,HIGH,1
C_24,2026-09-11T15:52:02.162536,12.973799999999995,77.5946,1.5,0.0,9.08214297343432,689.4085451968302,0.0,0.0,HIGH,1
C_24,2026-09-11T15:52:07.162536,12.973999999999995,77.5946,1.5,0.0,4.608676213867216,667.1695598679702,0.0,0.0,HIGH,1
C_24,2026-09-11T15:52:12.162536,12.974199999999994,77.5946,1.5,0.0,3.1560436479126466,644.9305745391104,0.0,0.0,HIGH,1
C_24,2026-09-11T15:52:17.162536,12.974399999999994,77.5946,1.5,0.0,7.867007735611413,622.6915892102504,0.0,0.0,HIGH,1
C_24,2026-09-11T15:52:22.162536,12.974599999999993,77.5946,1.5,0.0,8.390880570718657,600.4526038813905,0.0,0.0,HIGH,1
C_24,2026-09-11T15:52:27.162536,12.974799999999993,77.5946,1.5,0.0,4.294485680337067,578.2136185525305,0.0,0.0,HIGH,1
C_24,2026-09-11T15:52:32.162536,12.974999999999993,77.5946,1.5,0.0,8.011472814305675,555.9746332236707,0.0,0.0,HIGH,1
C_24,2026-09-11T15:52:37.162536,12.975199999999992,77.5946,1.5,0.0,6.084048215547549,533.7356478948108,0.0,0.0,HIGH,1
C_24,2026-09-11T15:52:42.162536,12.975399999999992,77.5946,1.5,0.0,4.513383060405976,511.4966625659508,0.0,0.0,HIGH,1
C_25,2026-09-11T15:51:07.163071,12.9716,77.5946,1.5,0.0,6.972211108484478,934.0373838142893,0.0,0.0,HIGH,1
C_25,2026-09-11T15:51:12.163071,12.9718,77.5946,1.5,0.0,6.8685948082993,911.7983984854293,0.0,0.0,HIGH,1
C_25,2026-09-11T15:51:17.163071,12.972,77.5946,1.5,0.0,6.2947449647422085,889.5594131565693,0.0,0.0,HIGH,1
C_25,2026-09-11T15:51:22.163071,12.972199999999999,77.5946,1.5,0.0,7.53294497130132,867.3204278277095,0.0,0.0,HIGH,1
C_25,2026-09-11T15:51:27.163071,12.972399999999999,77.5946,1.5,0.0,4.450535673486701,845.0814424988496,0.0,0.0,HIGH,1
C_25,2026-09-11T15:51:32.163071,12.972599999999998,77.5946,1.5,0.0,3.3232571677674763,822.8424571699899,0.0,0.0,HIGH,1
C_25,2026-09-11T15:51:37.163071,12.972799999999998,77.5946,1.5,0.0,3.7773973358548654,800.6034718411298,0.0,0.0,HIGH,1
C_25,2026-09-11T15:51:42.163071,12.972999999999997,77.5946,1.5,0.0,8.798298120600561,778.3644865122698,0.0,0.0,HIGH,1
C_25,2026-09-11T15:51:47.163071,12.973199999999997,77.5946,1.5,0.0,2.2469835643328793,756.1255011834099,0.0,0.0,HIGH,1
C_25,2026-09-11T15:51:52.163071,12.973399999999996,77.5946,1.5,0.0,7.015394321339746,733.8865158545501,0.0,0.0,HIGH,1
C_25,2026-09-11T15:51:57.163071,12.973599999999996,77.5946,1.5,0.0,4.37283346299643,711.6475305256901,0.0,0.0,HIGH,1
C_25,2026-09-11T15:52:02.163071,12.973799999999995,77.5946,1.5,0.0,9.038114623632707,689.4085451968302,0.0,0.0,HIGH,1
C_25,2026-09-11T15:52:07.163071,12.973999999999995,77.5946,1.5,0.0,6.025675458111914,667.1695598679702,0.0,0.0,HIGH,1
C_25,2026-09-11T15:52:12.163071,12.974199999999994,77.5946,1.5,0.0,2.417696680351617,644.9305745391104,0.0,0.0,HIGH,1
C_25,2026-09-11T15:52:17.163071,12.974399999999994,77.5946,1.5,0.0,8.413797413122623,622.6915892102504,0.0,0.0,HIGH,1
C_25,2026-09-11T15:52:22.163071,12.974599999999993,77.5946,1.5,0.0,2.908509184556542,600.4526038813905,0.0,0.0,HIGH,1
C_25,2026-09-11T15:52:27.163071,12.974799999999993,77.5946,1.5,0.0,3.6059339391669925,578.2136185525305,0.0,0.0,HIGH,1
C_25,2026-09-11T15:52:32.163071,12.974999999999993,77.5946,1.5,0.0,5.473563828353126,555.9746332236707,0.0,0.0,HIGH,1
C_25,2026-09-11T15:52:37.163071,12.975199999999992,77.5946,1.5,0.0,9.722726308999093,533.7356478948108,0.0,0.0,HIGH,1
C_25,2026-09-11T15:52:42.163071,12.975399999999992,77.5946,1.5,0.0,3.002080422967591,511.4966625659508,0.0,0.0,HIGH,1
C_26,2026-09-11T15:51:07.163835,12.9716,77.5946,1.5,0.0,2.6012640376189813,934.0373838142893,0.0,0.0,HIGH,1
C_26,2026-09-11T15:51:12.163835,12.9718,77.5946,1.5,0.0,6.065383912561581,911.7983984854293,0.0,0.0,HIGH,1
C_26,2026-09-11T15:51:17.163835,12.972,77.5946,1.5,0.0,6.066638791329393,889.5594131565693,0.0,0.0,HIGH,1
C_26,2026-09-11T15:51:22.163835,12.972199999999999,77.5946,1.5,0.0,2.0814502698540425,867.3204278277095,0.0,0.0,HIGH,1
C_26,2026-09-11T15:51:27.163835,12.972399999999999,77.5946,1.5,0.0,2.3411145613588618,845.0814424988496,0.0,0.0,HIGH,1
C_26,2026-09-11T15:51:32.163835,12.972599999999998,77.5946,1.5,0.0,8.924438427895499,822.8424571699899,0.0,0.0,HIGH,1
C_26,2026-09-11T15:51:37.163835,12.972799999999998,77.5946,1.5,0.0,4.5942984032559,800.6034718411298,0.0,0.0,HIGH,1
C_26,2026-09-11T15:51:42.163835,12.972999999999997,77.5946,1.5,0.0,5.131667485946432,778.3644865122698,0.0,0.0,HIGH,1
C_26,2026-09-11T15:51:47.163835,12.973199999999997,77.5946,1.5,0.0,9.795343373254571,756.1255011834099,0.0,0.0,HIGH,1
C_26,2026-09-11T15:51:52.163835,12.973399999999996,77.5946,1.5,0.0,5.940730812669274,733.8865158545501,0.0,0.0,HIGH,1
C_26,2026-09-11T15:51:57.163835,12.973599999999996,77.5946,1.5,0.0,2.8830086032085642,711.6475305256901,0.0,0.0,HIGH,1
C_26,2026-09-11T15:52:02.163835,12.973799999999995,77.5946,1.5,0.0,8.26660427678842,689.4085451968302,0.0,0.0,HIGH,1
C_26,2026-09-11T15:52:07.163835,12.973999999999995,77.5946,1.5,0.0,3.12767632201413,667.1695598679702,0.0,0.0,HIGH,1
C_26,2026-09-11T15:52:12.163835,12.974199999999994,77.5946,1.5,0.0,3.135696788579933,644.9305745391104,0.0,0.0,HIGH,1
C_26,2026-09-11T15:52:17.163835,12.974399999999994,77.5946,1.5,0.0,8.977034105894537,622.6915892102504,0.0,0.0,HIGH,1
C_26,2026-09-11T15:52:22.163835,12.974599999999993,77.5946,1.5,0.0,3.9275193745559553,600.4526038813905,0.0,0.0,HIGH,1
C_26,2026-09-11T15:52:27.163835,12.974799999999993,77.5946,1.5,0.0,5.285269266538231,578.2136185525305,0.0,0.0,HIGH,1
C_26,2026-09-11T15:52:32.163835,12.974999999999993,77.5946,1.5,0.0,6.646460330269199,555.9746332236707,0.0,0.0,HIGH,1
C_26,2026-09-11T15:52:37.163835,12.975199999999992,77.5946,1.5,0.0,3.8245160885238763,533.7356478948108,0.0,0.0,HIGH,1
C_26,2026-09-11T15:52:42.163835,12.975399999999992,77.5946,1.5,0.0,6.052081081955899,511.4966625659508,0.0,0.0,HIGH,1
C_27,2026-09-11T15:51:07.164809,12.9716,77.5946,1.5,0.0,5.919725315765639,934.0373838142893,0.0,0.0,HIGH,1
C_27,2026-09-11T15:51:12.164809,12.9718,77.5946,1.5,0.0,5.9470056775771125,911.7983984854293,0.0,0.0,HIGH,1
C_27,2026-09-11T15:51:17.164809,12.972,77.5946,1.5,0.0,9.460465842038431,889.5594131565693,0.0,0.0,HIGH,1
C_27,2026-09-11T15:51:22.164809,12.972199999999999,77.5946,1.5,0.0,2.9474467276016583,867.3204278277095,0.0,0.0,HIGH,1
C_27,2026-09-11T15:51:27.164809,12.972399999999999,77.5946,1.5,0.0,2.1066175502362494,845.0814424988496,0.0,0.0,HIGH,1
C_27,2026-09-11T15:51:32.164809,12.972599999999998,77.5946,1.5,0.0,6.075672199956703,822.8424571699899,0.0,0.0,HIGH,1
C_27,2026-09-11T15:51:37.164809,12.972799999999998,77.5946,1.5,0.0,4.508485679322523,800.6034718411298,0.0,0.0,HIGH,1
C_27,2026-09-11T15:51:42.164809,12.972999999999997,77.5946,1.5,0.0,3.5190897236669754,778.3644865122698,0.0,0.0,HIGH,1
C_27,2026-09-11T15:51:47.164809,12.973199999999997,77.5946,1.5,0.0,4.183284455190084,756.1255011834099,0.0,0.0,HIGH,1
C_27,2026-09-11T15:51:52.164809,12.973399999999996,77.5946,1.5,0.0,6.79464630244095,733.8865158545501,0.0,0.0,HIGH,1
C_27,2026-09-11T15:51:57.164809,12.973599999999996,77.5946,1.5,0.0,7.0086089013154504,711.6475305256901,0.0,0.0,HIGH,1
C_27,2026-09-11T15:52:02.164809,12.973799999999995,77.5946,1.5,0.0,3.0042802993437867,689.4085451968302,0.0,0.0,HIGH,1
C_27,2026-09-11T15:52:07.164809,12.973999999999995,77.5946,1.5,0.0,7.015176148171528,667.1695598679702,0.0,0.0,HIGH,1
C_27,2026-09-11T15:52:12.164809,12.974199999999994,77.5946,1.5,0.0,3.0342910843298565,644.9305745391104,0.0,0.0,HIGH,1
C_27,2026-09-11T15:52:17.164809,12.974399999999994,77.5946,1.5,0.0,5.177035349003266,622.6915892102504,0.0,0.0,HIGH,1
C_27,2026-09-11T15:52:22.164809,12.974599999999993,77.5946,1.5,0.0,4.885367148437564,600.4526038813905,0.0,0.0,HIGH,1
C_27,2026-09-11T15:52:27.164809,12.974799999999993,77.5946,1.5,0.0,8.966018691394774,578.2136185525305,0.0,0.0,HIGH,1
C_27,2026-09-11T15:52:32.164809,12.974999999999993,77.5946,1.5,0.0,4.234570653093665,555.9746332236707,0.0,0.0,HIGH,1
C_27,2026-09-11T15:52:37.164809,12.975199999999992,77.5946,1.5,0.0,4.1601161655570325,533.7356478948108,0.0,0.0,HIGH,1
C_27,2026-09-11T15:52:42.164809,12.975399999999992,77.5946,1.5,0.0,7.661750304943373,511.4966625659508,0.0,0.0,HIGH,1
C_28,2026-09-11T15:51:07.165846,12.9716,77.5946,1.5,0.0,9.816748862301385,934.0373838142893,0.0,0.0,HIGH,1
C_28,2026-09-11T15:51:12.165846,12.9718,77.5946,1.5,0.0,8.41324186780744,911.7983984854293,0.0,0.0,HIGH,1
C_28,2026-09-11T15:51:17.165846,12.972,77.5946,1.5,0.0,5.019009941295358,889.5594131565693,0.0,0.0,HIGH,1
C_28,2026-09-11T15:51:22.165846,12.972199999999999,77.5946,1.5,0.0,4.083182029343697,867.3204278277095,0.0,0.0,HIGH,1
C_28,2026-09-11T15:51:27.165846,12.972399999999999,77.5946,1.5,0.0,8.862133964023393,845.0814424988496,0.0,0.0,HIGH,1
C_28,2026-09-11T15:51:32.165846,12.972599999999998,77.5946,1.5,0.0,8.944312376267282,822.8424571699899,0.0,0.0,HIGH,1
C_28,2026-09-11T15:51:37.165846,12.972799999999998,77.5946,1.5,0.0,9.87451616136514,800.6034718411298,0.0,0.0,HIGH,1
C_28,2026-09-11T15:51:42.165846,12.972999999999997,77.5946,1.5,0.0,8.566077723961808,778.3644865122698,0.0,0.0,HIGH,1
C_28,2026-09-11T15:51:47.165846,12.973199999999997,77.5946,1.5,0.0,9.759731316234056,756.1255011834099,0.0,0.0,HIGH,1
C_28,2026-09-11T15:51:52.165846,12.973399999999996,77.5946,1.5,0.0,6.49223015777261,733.8865158545501,0.0,0.0,HIGH,1
C_28,2026-09-11T15:51:57.165846,12.973599999999996,77.5946,1.5,0.0,8.751503816436557,711.6475305256901,0.0,0.0,HIGH,1
C_28,2026-09-11T15:52:02.165846,12.973799999999995,77.5946,1.5,0.0,2.4580306164078953,689.4085451968302,0.0,0.0,HIGH,1
C_28,2026-09-11T15:52:07.165846,12.973999999999995,77.5946,1.5,0.0,9.465786804577316,667.1695598679702,0.0,0.0,HIGH,1
C_28,2026-09-11T15:52:12.165846,12.974199999999994,77.5946,1.5,0.0,4.363549844842989,644.9305745391104,0.0,0.0,HIGH,1
C_28,2026-09-11T15:52:17.165846,12.974399999999994,77.5946,1.5,0.0,2.9633165195460194,622.6915892102504,0.0,0.0,HIGH,1
C_28,2026-09-11T15:52:22.165846,12.974599999999993,77.5946,1.5,0.0,8.324668607899461,600.4526038813905,0.0,0.0,HIGH,1
C_28,2026-09-11T15:52:27.165846,12.974799999999993,77.5946,1.5,0.0,4.465485888817574,578.2136185525305,0.0,0.0,HIGH,1
C_28,2026-09-11T15:52:32.165846,12.974999999999993,77.5946,1.5,0.0,3.484116853529126,555.9746332236707,0.0,0.0,HIGH,1
C_28,2026-09-11T15:52:37.165846,12.975199999999992,77.5946,1.5,0.0,7.51232682227464,533.7356478948108,0.0,0.0,HIGH,1
C_28,2026-09-11T15:52:42.165846,12.975399999999992,77.5946,1.5,0.0,9.925444715000378,511.4966625659508,0.0,0.0,HIGH,1
C_29,2026-09-11T15:51:07.166839,12.9716,77.5946,1.5,0.0,3.233692672578809,934.0373838142893,0.0,0.0,HIGH,1
C_29,2026-09-11T15:51:12.166839,12.9718,77.5946,1.5,0.0,7.522785911006294,911.7983984854293,0.0,0.0,HIGH,1
C_29,2026-09-11T15:51:17.166839,12.972,77.5946,1.5,0.0,2.6832318359906964,889.5594131565693,0.0,0.0,HIGH,1
C_29,2026-09-11T15:51:22.166839,12.972199999999999,77.5946,1.5,0.0,9.784761169479903,867.3204278277095,0.0,0.0,HIGH,1
C_29,2026-09-11T15:51:27.166839,12.972399999999999,77.5946,1.5,0.0,3.5671317683710875,845.0814424988496,0.0,0.0,HIGH,1
C_29,2026-09-11T15:51:32.166839,12.972599999999998,77.5946,1.5,0.0,5.282994291528648,822.8424571699899,0.0,0.0,HIGH,1
C_29,2026-09-11T15:51:37.166839,12.972799999999998,77.5946,1.5,0.0,4.4955961190202425,800.6034718411298,0.0,0.0,HIGH,1
C_29,2026-09-11T15:51:42.166839,12.972999999999997,77.5946,1.5,0.0,2.6377911920861843,778.3644865122698,0.0,0.0,HIGH,1
C_29,2026-09-11T15:51:47.166839,12.973199999999997,77.5946,1.5,0.0,3.2479547536999753,756.1255011834099,0.0,0.0,HIGH,1
C_29,2026-09-11T15:51:52.166839,12.973399999999996,77.5946,1.5,0.0,9.378585891479549,733.8865158545501,0.0,0.0,HIGH,1
C_29,2026-09-11T15:51:57.166839,12.973599999999996,77.5946,1.5,0.0,3.2051259015304323,711.6475305256901,0.0,0.0,HIGH,1
C_29,2026-09-11T15:52:02.166839,12.973799999999995,77.5946,1.5,0.0,3.3946171786564987,689.4085451968302,0.0,0.0,HIGH,1
C_29,2026-09-11T15:52:07.166839,12.973999999999995,77.5946,1.5,0.0,7.780812007748821,667.1695598679702,0.0,0.0,HIGH,1
C_29,2026-09-11T15:52:12.166839,12.974199999999994,77.5946,1.5,0.0,3.405734614431543,644.9305745391104,0.0,0.0,HIGH,1
C_29,2026-09-11T15:52:17.166839,12.974399999999994,77.5946,1.5,0.0,6.98720357574382,622.6915892102504,0.0,0.0,HIGH,1
C_29,2026-09-11T15:52:22.166839,12.974599999999993,77.5946,1.5,0.0,5.759250873358849,600.4526038813905,0.0,0.0,HIGH,1
C_29,2026-09-11T15:52:27.166839,12.974799999999993,77.5946,1.5,0.0,6.451233054016491,578.2136185525305,0.0,0.0,HIGH,1
C_29,2026-09-11T15:52:32.166839,12.974999999999993,77.5946,1.5,0.0,5.897047377049795,555.9746332236707,0.0,0.0,HIGH,1
C_29,2026-09-11T15:52:37.166839,12.975199999999992,77.5946,1.5,0.0,2.2878021378558406,533.7356478948108,0.0,0.0,HIGH,1
C_29,2026-09-11T15:52:42.166839,12.975399999999992,77.5946,1.5,0.0,8.290515681941624,511.4966625659508,0.0,0.0,HIGH,1
C_30,2026-09-11T15:51:07.167841,12.9716,77.5946,1.5,0.0,5.758867704050362,934.0373838142893,0.0,0.0,HIGH,1
C_30,2026-09-11T15:51:12.167841,12.9718,77.5946,1.5,0.0,9.314456984107704,911.7983984854293,0.0,0.0,HIGH,1
C_30,2026-09-11T15:51:17.167841,12.972,77.5946,1.5,0.0,6.982260406136557,889.5594131565693,0.0,0.0,HIGH,1
C_30,2026-09-11T15:51:22.167841,12.972199999999999,77.5946,1.5,0.0,4.541869859914274,867.3204278277095,0.0,0.0,HIGH,1
C_30,2026-09-11T15:51:27.167841,12.972399999999999,77.5946,1.5,0.0,3.252712843843394,845.0814424988496,0.0,0.0,HIGH,1
C_30,2026-09-11T15:51:32.167841,12.972599999999998,77.5946,1.5,0.0,4.723780892702303,822.8424571699899,0.0,0.0,HIGH,1
C_30,2026-09-11T15:51:37.167841,12.972799999999998,77.5946,1.5,0.0,5.042660171527439,800.6034718411298,0.0,0.0,HIGH,1
C_30,2026-09-11T15:51:42.167841,12.972999999999997,77.5946,1.5,0.0,7.926401343753912,778.3644865122698,0.0,0.0,HIGH,1
C_30,2026-09-11T15:51:47.167841,12.973199999999997,77.5946,1.5,0.0,8.212122698308452,756.1255011834099,0.0,0.0,HIGH,1
C_30,2026-09-11T15:51:52.167841,12.973399999999996,77.5946,1.5,0.0,2.691100381245577,733.8865158545501,0.0,0.0,HIGH,1
C_30,2026-09-11T15:51:57.167841,12.973599999999996,77.5946,1.5,0.0,8.796065885044115,711.6475305256901,0.0,0.0,HIGH,1
C_30,2026-09-11T15:52:02.167841,12.973799999999995,77.5946,1.5,0.0,8.56136343954589,689.4085451968302,0.0,0.0,HIGH,1
C_30,2026-09-11T15:52:07.167841,12.973999999999995,77.5946,1.5,0.0,8.505132302638486,667.1695598679702,0.0,0.0,HIGH,1
C_30,2026-09-11T15:52:12.167841,12.974199999999994,77.5946,1.5,0.0,9.16100918934271,644.9305745391104,0.0,0.0,HIGH,1
C_30,2026-09-11T15:52:17.167841,12.974399999999994,77.5946,1.5,0.0,2.4437171707937946,622.6915892102504,0.0,0.0,HIGH,1
C_30,2026-09-11T15:52:22.167841,12.974599999999993,77.5946,1.5,0.0,4.46387631573088,600.4526038813905,0.0,0.0,HIGH,1
C_30,2026-09-11T15:52:27.167841,12.974799999999993,77.5946,1.5,0.0,7.227489932911315,578.2136185525305,0.0,0.0,HIGH,1
C_30,2026-09-11T15:52:32.167841,12.974999999999993,77.5946,1.5,0.0,7.026213127080217,555.9746332236707,0.0,0.0,HIGH,1
C_30,2026-09-11T15:52:37.167841,12.975199999999992,77.5946,1.5,0.0,9.377368751304559,533.7356478948108,0.0,0.0,HIGH,1
C_30,2026-09-11T15:52:42.167841,12.975399999999992,77.5946,1.5,0.0,6.0252533619395265,511.4966625659508,0.0,0.0,HIGH,1
C_31,2026-09-11T15:51:07.168919,12.9716,77.5946,1.5,0.0,7.985476947666967,934.0373838142893,0.0,0.0,HIGH,1
C_31,2026-09-11T15:51:12.168919,12.9718,77.5946,1.5,0.0,4.308434533567653,911.7983984854293,0.0,0.0,HIGH,1
C_31,2026-09-11T15:51:17.168919,12.972,77.5946,1.5,0.0,6.04868841555171,889.5594131565693,0.0,0.0,HIGH,1
C_31,2026-09-11T15:51:22.168919,12.972199999999999,77.5946,1.5,0.0,3.9637288668008317,867.3204278277095,0.0,0.0,HIGH,1
C_31,2026-09-11T15:51:27.168919,12.972399999999999,77.5946,1.5,0.0,4.907222258665539,845.0814424988496,0.0,0.0,HIGH,1
C_31,2026-09-11T15:51:32.168919,12.972599999999998,77.5946,1.5,0.0,2.1708997582725136,822.8424571699899,0.0,0.0,HIGH,1
C_31,2026-09-11T15:51:37.168919,12.972799999999998,77.5946,1.5,0.0,5.752718903474516,800.6034718411298,0.0,0.0,HIGH,1
C_31,2026-09-11T15:51:42.168919,12.972999999999997,77.5946,1.5,0.0,3.0896732212394085,778.3644865122698,0.0,0.0,HIGH,1
C_31,2026-09-11T15:51:47.168919,12.973199999999997,77.5946,1.5,0.0,9.980666290534545,756.1255011834099,0.0,0.0,HIGH,1
C_31,2026-09-11T15:51:52.168919,12.973399999999996,77.5946,1.5,0.0,9.425866264371923,733.8865158545501,0.0,0.0,HIGH,1
C_31,2026-09-11T15:51:57.168919,12.973599999999996,77.5946,1.5,0.0,3.772464558100948,711.6475305256901,0.0,0.0,HIGH,1
C_31,2026-09-11T15:52:02.168919,12.973799999999995,77.5946,1.5,0.0,9.926101256461187,689.4085451968302,0.0,0.0,HIGH,1
C_31,2026-09-11T15:52:07.168919,12.973999999999995,77.5946,1.5,0.0,6.135574924527542,667.1695598679702,0.0,0.0,HIGH,1
C_31,2026-09-11T15:52:12.168919,12.974199999999994,77.5946,1.5,0.0,9.159657139391804,644.9305745391104,0.0,0.0,HIGH,1
C_31,2026-09-11T15:52:17.168919,12.974399999999994,77.5946,1.5,0.0,6.611454800022223,622.6915892102504,0.0,0.0,HIGH,1
C_31,2026-09-11T15:52:22.168919,12.974599999999993,77.5946,1.5,0.0,8.956875346223812,600.4526038813905,0.0,0.0,HIGH,1
C_31,2026-09-11T15:52:27.168919,12.974799999999993,77.5946,1.5,0.0,9.421180662233356,578.2136185525305,0.0,0.0,HIGH,1
C_31,2026-09-11T15:52:32.168919,12.974999999999993,77.5946,1.5,0.0,3.7927786628798916,555.9746332236707,0.0,0.0,HIGH,1
C_31,2026-09-11T15:52:37.168919,12.975199999999992,77.5946,1.5,0.0,3.3716154397284397,533.7356478948108,0.0,0.0,HIGH,1
C_31,2026-09-11T15:52:42.168919,12.975399999999992,77.5946,1.5,0.0,2.6692619815578658,511.4966625659508,0.0,0.0,HIGH,1
C_32,2026-09-11T15:51:07.168919,12.9716,77.5946,1.5,0.0,6.045067406260169,934.0373838142893,0.0,0.0,HIGH,1
C_32,2026-09-11T15:51:12.168919,12.9718,77.5946,1.5,0.0,4.909370932396644,911.7983984854293,0.0,0.0,HIGH,1
C_32,2026-09-11T15:51:17.168919,12.972,77.5946,1.5,0.0,9.757488980091942,889.5594131565693,0.0,0.0,HIGH,1
C_32,2026-09-11T15:51:22.168919,12.972199999999999,77.5946,1.5,0.0,4.618739186993541,867.3204278277095,0.0,0.0,HIGH,1
C_32,2026-09-11T15:51:27.168919,12.972399999999999,77.5946,1.5,0.0,9.994472103936754,845.0814424988496,0.0,0.0,HIGH,1
C_32,2026-09-11T15:51:32.168919,12.972599999999998,77.5946,1.5,0.0,3.1080601771341776,822.8424571699899,0.0,0.0,HIGH,1
C_32,2026-09-11T15:51:37.168919,12.972799999999998,77.5946,1.5,0.0,6.673643338954702,800.6034718411298,0.0,0.0,HIGH,1
C_32,2026-09-11T15:51:42.168919,12.972999999999997,77.5946,1.5,0.0,5.047902150899703,778.3644865122698,0.0,0.0,HIGH,1
C_32,2026-09-11T15:51:47.168919,12.973199999999997,77.5946,1.5,0.0,4.897520535898014,756.1255011834099,0.0,0.0,HIGH,1
C_32,2026-09-11T15:51:52.168919,12.973399999999996,77.5946,1.5,0.0,6.826763474634085,733.8865158545501,0.0,0.0,HIGH,1
C_32,2026-09-11T15:51:57.168919,12.973599999999996,77.5946,1.5,0.0,7.572613782816815,711.6475305256901,0.0,0.0,HIGH,1
C_32,2026-09-11T15:52:02.168919,12.973799999999995,77.5946,1.5,0.0,2.6098780205002665,689.4085451968302,0.0,0.0,HIGH,1
C_32,2026-09-11T15:52:07.168919,12.973999999999995,77.5946,1.5,0.0,6.374527260145426,667.1695598679702,0.0,0.0,HIGH,1
C_32,2026-09-11T15:52:12.168919,12.974199999999994,77.5946,1.5,0.0,7.239169189284198,644.9305745391104,0.0,0.0,HIGH,1
C_32,2026-09-11T15:52:17.168919,12.974399999999994,77.5946,1.5,0.0,3.5740703174389266,622.6915892102504,0.0,0.0,HIGH,1
C_32,2026-09-11T15:52:22.168919,12.974599999999993,77.5946,1.5,0.0,3.4286350914633177,600.4526038813905,0.0,0.0,HIGH,1
C_32,2026-09-11T15:52:27.168919,12.974799999999993,77.5946,1.5,0.0,9.932398258294665,578.2136185525305,0.0,0.0,HIGH,1
C_32,2026-09-11T15:52:32.168919,12.974999999999993,77.5946,1.5,0.0,7.258304518658988,555.9746332236707,0.0,0.0,HIGH,1
C_32,2026-09-11T15:52:37.168919,12.975199999999992,77.5946,1.5,0.0,8.497292501784564,533.7356478948108,0.0,0.0,HIGH,1
C_32,2026-09-11T15:52:42.168919,12.975399999999992,77.5946,1.5,0.0,8.091661253273056,511.4966625659508,0.0,0.0,HIGH,1
C_33,2026-09-11T15:51:07.169936,12.9716,77.5946,1.5,0.0,3.0800107300842914,934.0373838142893,0.0,0.0,HIGH,1
C_33,2026-09-11T15:51:12.169936,12.9718,77.5946,1.5,0.0,7.734160486497212,911.7983984854293,0.0,0.0,HIGH,1
C_33,2026-09-11T15:51:17.169936,12.972,77.5946,1.5,0.0,8.026055808819713,889.5594131565693,0.0,0.0,HIGH,1
C_33,2026-09-11T15:51:22.169936,12.972199999999999,77.5946,1.5,0.0,4.26904188101735,867.3204278277095,0.0,0.0,HIGH,1
C_33,2026-09-11T15:51:27.169936,12.972399999999999,77.5946,1.5,0.0,6.997519463177095,845.0814424988496,0.0,0.0,HIGH,1
C_33,2026-09-11T15:51:32.169936,12.972599999999998,77.5946,1.5,0.0,4.97151442122105,822.8424571699899,0.0,0.0,HIGH,1
C_33,2026-09-11T15:51:37.169936,12.972799999999998,77.5946,1.5,0.0,8.024978243833823,800.6034718411298,0.0,0.0,HIGH,1
C_33,2026-09-11T15:51:42.169936,12.972999999999997,77.5946,1.5,0.0,9.697724095224856,778.3644865122698,0.0,0.0,HIGH,1
C_33,2026-09-11T15:51:47.169936,12.973199999999997,77.5946,1.5,0.0,9.288511634203033,756.1255011834099,0.0,0.0,HIGH,1
C_33,2026-09-11T15:51:52.169936,12.973399999999996,77.5946,1.5,0.0,6.162638248400094,733.8865158545501,0.0,0.0,HIGH,1
C_33,2026-09-11T15:51:57.169936,12.973599999999996,77.5946,1.5,0.0,5.618075274297361,711.6475305256901,0.0,0.0,HIGH,1
C_33,2026-09-11T15:52:02.169936,12.973799999999995,77.5946,1.5,0.0,7.774462703017464,689.4085451968302,0.0,0.0,HIGH,1
C_33,2026-09-11T15:52:07.169936,12.973999999999995,77.5946,1.5,0.0,8.381798294651606,667.1695598679702,0.0,0.0,HIGH,1
C_33,2026-09-11T15:52:12.169936,12.974199999999994,77.5946,1.5,0.0,5.421592338185819,644.9305745391104,0.0,0.0,HIGH,1
C_33,2026-09-11T15:52:17.169936,12.974399999999994,77.5946,1.5,0.0,3.85253290960231,622.6915892102504,0.0,0.0,HIGH,1
C_33,2026-09-11T15:52:22.169936,12.974599999999993,77.5946,1.5,0.0,2.5028822999734173,600.4526038813905,0.0,0.0,HIGH,1
C_33,2026-09-11T15:52:27.169936,12.974799999999993,77.5946,1.5,0.0,4.345418365284314,578.2136185525305,0.0,0.0,HIGH,1
C_33,2026-09-11T15:52:32.169936,12.974999999999993,77.5946,1.5,0.0,2.2515560338767875,555.9746332236707,0.0,0.0,HIGH,1
C_33,2026-09-11T15:52:37.169936,12.975199999999992,77.5946,1.5,0.0,3.5177927830903784,533.7356478948108,0.0,0.0,HIGH,1
C_33,2026-09-11T15:52:42.169936,12.975399999999992,77.5946,1.5,0.0,2.9614164892333132,511.4966625659508,0.0,0.0,HIGH,1
C_34,2026-09-11T15:51:07.169936,12.9716,77.5946,1.5,0.0,2.426111313570434,934.0373838142893,0.0,0.0,HIGH,1
C_34,2026-09-11T15:51:12.169936,12.9718,77.5946,1.5,0.0,8.893763848550417,911.7983984854293,0.0,0.0,HIGH,1
C_34,2026-09-11T15:51:17.169936,12.972,77.5946,1.5,0.0,2.5500423981808495,889.5594131565693,0.0,0.0,HIGH,1
C_34,2026-09-11T15:51:22.169936,12.972199999999999,77.5946,1.5,0.0,3.812619729693906,867.3204278277095,0.0,0.0,HIGH,1
C_34,2026-09-11T15:51:27.169936,12.972399999999999,77.5946,1.5,0.0,4.87096971075594,845.0814424988496,0.0,0.0,HIGH,1
C_34,2026-09-11T15:51:32.169936,12.972599999999998,77.5946,1.5,0.0,5.4147769410728115,822.8424571699899,0.0,0.0,HIGH,1
C_34,2026-09-11T15:51:37.169936,12.972799999999998,77.5946,1.5,0.0,4.1274627234202885,800.6034718411298,0.0,0.0,HIGH,1
C_34,2026-09-11T15:51:42.169936,12.972999999999997,77.5946,1.5,0.0,9.994783723337688,778.3644865122698,0.0,0.0,HIGH,1
C_34,2026-09-11T15:51:47.169936,12.973199999999997,77.5946,1.5,0.0,5.065414954560036,756.1255011834099,0.0,0.0,HIGH,1
C_34,2026-09-11T15:51:52.169936,12.973399999999996,77.5946,1.5,0.0,8.492102933309035,733.8865158545501,0.0,0.0,HIGH,1
C_34,2026-09-11T15:51:57.169936,12.973599999999996,77.5946,1.5,0.0,6.761669076171495,711.6475305256901,0.0,0.0,HIGH,1
C_34,2026-09-11T15:52:02.169936,12.973799999999995,77.5946,1.5,0.0,9.907909212606128,689.4085451968302,0.0,0.0,HIGH,1
C_34,2026-09-11T15:52:07.169936,12.973999999999995,77.5946,1.5,0.0,4.803449801094297,667.1695598679702,0.0,0.0,HIGH,1
C_34,2026-09-11T15:52:12.169936,12.974199999999994,77.5946,1.5,0.0,8.902048693211222,644.9305745391104,0.0,0.0,HIGH,1
C_34,2026-09-11T15:52:17.169936,12.974399999999994,77.5946,1.5,0.0,5.430110381325791,622.6915892102504,0.0,0.0,HIGH,1
C_34,2026-09-11T15:52:22.169936,12.974599999999993,77.5946,1.5,0.0,4.366330617320139,600.4526038813905,0.0,0.0,HIGH,1
C_34,2026-09-11T15:52:27.169936,12.974799999999993,77.5946,1.5,0.0,5.972283728667173,578.2136185525305,0.0,0.0,HIGH,1
C_34,2026-09-11T15:52:32.169936,12.974999999999993,77.5946,1.5,0.0,7.436970407814135,555.9746332236707,0.0,0.0,HIGH,1
C_34,2026-09-11T15:52:37.169936,12.975199999999992,77.5946,1.5,0.0,7.424726517139334,533.7356478948108,0.0,0.0,HIGH,1
C_34,2026-09-11T15:52:42.169936,12.975399999999992,77.5946,1.5,0.0,9.295072452435729,511.4966625659508,0.0,0.0,HIGH,1
C_35,2026-09-11T15:51:07.170934,12.9716,77.5946,1.5,0.0,7.682422808796073,934.0373838142893,0.0,0.0,HIGH,1
C_35,2026-09-11T15:51:12.170934,12.9718,77.5946,1.5,0.0,2.781045403530067,911.7983984854293,0.0,0.0,HIGH,1
C_35,2026-09-11T15:51:17.170934,12.972,77.5946,1.5,0.0,9.7911174909589,889.5594131565693,0.0,0.0,HIGH,1
C_35,2026-09-11T15:51:22.170934,12.972199999999999,77.5946,1.5,0.0,8.910613244629364,867.3204278277095,0.0,0.0,HIGH,1
C_35,2026-09-11T15:51:27.170934,12.972399999999999,77.5946,1.5,0.0,5.725170805856764,845.0814424988496,0.0,0.0,HIGH,1
C_35,2026-09-11T15:51:32.170934,12.972599999999998,77.5946,1.5,0.0,2.535135797881556,822.8424571699899,0.0,0.0,HIGH,1
C_35,2026-09-11T15:51:37.170934,12.972799999999998,77.5946,1.5,0.0,4.241368200250605,800.6034718411298,0.0,0.0,HIGH,1
C_35,2026-09-11T15:51:42.170934,12.972999999999997,77.5946,1.5,0.0,3.2731440023253198,778.3644865122698,0.0,0.0,HIGH,1
C_35,2026-09-11T15:51:47.170934,12.973199999999997,77.5946,1.5,0.0,9.678777905972792,756.1255011834099,0.0,0.0,HIGH,1
C_35,2026-09-11T15:51:52.170934,12.973399999999996,77.5946,1.5,0.0,4.8059279318221,733.8865158545501,0.0,0.0,HIGH,1
C_35,2026-09-11T15:51:57.170934,12.973599999999996,77.5946,1.5,0.0,3.2945282123990918,711.6475305256901,0.0,0.0,HIGH,1
C_35,2026-09-11T15:52:02.170934,12.973799999999995,77.5946,1.5,0.0,3.634875290139899,689.4085451968302,0.0,0.0,HIGH,1
C_35,2026-09-11T15:52:07.170934,12.973999999999995,77.5946,1.5,0.0,2.7757919136756097,667.1695598679702,0.0,0.0,HIGH,1
C_35,2026-09-11T15:52:12.170934,12.974199999999994,77.5946,1.5,0.0,4.224815614827,644.9305745391104,0.0,0.0,HIGH,1
C_35,2026-09-11T15:52:17.170934,12.974399999999994,77.5946,1.5,0.0,8.389323701093678,622.6915892102504,0.0,0.0,HIGH,1
C_35,2026-09-11T15:52:22.170934,12.974599999999993,77.5946,1.5,0.0,6.105734804227299,600.4526038813905,0.0,0.0,HIGH,1
C_35,2026-09-11T15:52:27.170934,12.974799999999993,77.5946,1.5,0.0,7.656770337939716,578.2136185525305,0.0,0.0,HIGH,1
C_35,2026-09-11T15:52:32.170934,12.974999999999993,77.5946,1.5,0.0,4.595312323137085,555.9746332236707,0.0,0.0,HIGH,1
C_35,2026-09-11T15:52:37.170934,12.975199999999992,77.5946,1.5,0.0,6.50972617015213,533.7356478948108,0.0,0.0,HIGH,1
C_35,2026-09-11T15:52:42.170934,12.975399999999992,77.5946,1.5,0.0,7.664100050919926,511.4966625659508,0.0,0.0,HIGH,1
C_36,2026-09-11T15:51:07.170934,12.9716,77.5946,1.5,0.0,7.387007066825584,934.0373838142893,0.0,0.0,HIGH,1
C_36,2026-09-11T15:51:12.170934,12.9718,77.5946,1.5,0.0,3.8494253084317513,911.7983984854293,0.0,0.0,HIGH,1
C_36,2026-09-11T15:51:17.170934,12.972,77.5946,1.5,0.0,2.407584750983883,889.5594131565693,0.0,0.0,HIGH,1
C_36,2026-09-11T15:51:22.170934,12.972199999999999,77.5946,1.5,0.0,6.0081932275817955,867.3204278277095,0.0,0.0,HIGH,1
C_36,2026-09-11T15:51:27.170934,12.972399999999999,77.5946,1.5,0.0,4.510529677156246,845.0814424988496,0.0,0.0,HIGH,1
C_36,2026-09-11T15:51:32.170934,12.972599999999998,77.5946,1.5,0.0,4.043621394655496,822.8424571699899,0.0,0.0,HIGH,1
C_36,2026-09-11T15:51:37.170934,12.972799999999998,77.5946,1.5,0.0,3.0489709759313035,800.6034718411298,0.0,0.0,HIGH,1
C_36,2026-09-11T15:51:42.170934,12.972999999999997,77.5946,1.5,0.0,7.4637581809936275,778.3644865122698,0.0,0.0,HIGH,1
C_36,2026-09-11T15:51:47.170934,12.973199999999997,77.5946,1.5,0.0,3.543602125793683,756.1255011834099,0.0,0.0,HIGH,1
C_36,2026-09-11T15:51:52.170934,12.973399999999996,77.5946,1.5,0.0,5.737697161512761,733.8865158545501,0.0,0.0,HIGH,1
C_36,2026-09-11T15:51:57.170934,12.973599999999996,77.5946,1.5,0.0,4.1344144382896175,711.6475305256901,0.0,0.0,HIGH,1
C_36,2026-09-11T15:52:02.170934,12.973799999999995,77.5946,1.5,0.0,8.747669315573688,689.4085451968302,0.0,0.0,HIGH,1
C_36,2026-09-11T15:52:07.170934,12.973999999999995,77.5946,1.5,0.0,2.9157295686620737,667.1695598679702,0.0,0.0,HIGH,1
C_36,2026-09-11T15:52:12.170934,12.974199999999994,77.5946,1.5,0.0,6.817986474299893,644.9305745391104,0.0,0.0,HIGH,1
C_36,2026-09-11T15:52:17.170934,12.974399999999994,77.5946,1.5,0.0,8.126048841460989,622.6915892102504,0.0,0.0,HIGH,1
C_36,2026-09-11T15:52:22.170934,12.974599999999993,77.5946,1.5,0.0,7.002463080514357,600.4526038813905,0.0,0.0,HIGH,1
C_36,2026-09-11T15:52:27.170934,12.974799999999993,77.5946,1.5,0.0,8.289379200980981,578.2136185525305,0.0,0.0,HIGH,1
C_36,2026-09-11T15:52:32.170934,12.974999999999993,77.5946,1.5,0.0,6.9935116348120925,555.9746332236707,0.0,0.0,HIGH,1
C_36,2026-09-11T15:52:37.170934,12.975199999999992,77.5946,1.5,0.0,9.647063951110386,533.7356478948108,0.0,0.0,HIGH,1
C_36,2026-09-11T15:52:42.170934,12.975399999999992,77.5946,1.5,0.0,8.08065203979014,511.4966625659508,0.0,0.0,HIGH,1
C_37,2026-09-11T15:51:07.171940,12.9716,77.5946,1.5,0.0,9.558657538590165,934.0373838142893,0.0,0.0,HIGH,1
C_37,2026-09-11T15:51:12.171940,12.9718,77.5946,1.5,0.0,2.964319698482421,911.7983984854293,0.0,0.0,HIGH,1
C_37,2026-09-11T15:51:17.171940,12.972,77.5946,1.5,0.0,3.581360663291174,889.5594131565693,0.0,0.0,HIGH,1
C_37,2026-09-11T15:51:22.171940,12.972199999999999,77.5946,1.5,0.0,9.401180408807551,867.3204278277095,0.0,0.0,HIGH,1
C_37,2026-09-11T15:51:27.171940,12.972399999999999,77.5946,1.5,0.0,3.8598612159946324,845.0814424988496,0.0,0.0,HIGH,1
C_37,2026-09-11T15:51:32.171940,12.972599999999998,77.5946,1.5,0.0,4.539485472985995,822.8424571699899,0.0,0.0,HIGH,1
C_37,2026-09-11T15:51:37.171940,12.972799999999998,77.5946,1.5,0.0,7.0618999708762455,800.6034718411298,0.0,0.0,HIGH,1
C_37,2026-09-11T15:51:42.171940,12.972999999999997,77.5946,1.5,0.0,6.100364979982209,778.3644865122698,0.0,0.0,HIGH,1
C_37,2026-09-11T15:51:47.171940,12.973199999999997,77.5946,1.5,0.0,5.40210255590059,756.1255011834099,0.0,0.0,HIGH,1
C_37,2026-09-11T15:51:52.171940,12.973399999999996,77.5946,1.5,0.0,7.698110952337221,733.8865158545501,0.0,0.0,HIGH,1
C_37,2026-09-11T15:51:57.171940,12.973599999999996,77.5946,1.5,0.0,8.589800042181611,711.6475305256901,0.0,0.0,HIGH,1
C_37,2026-09-11T15:52:02.171940,12.973799999999995,77.5946,1.5,0.0,9.579092504243135,689.4085451968302,0.0,0.0,HIGH,1
C_37,2026-09-11T15:52:07.171940,12.973999999999995,77.5946,1.5,0.0,9.842522073828853,667.1695598679702,0.0,0.0,HIGH,1
C_37,2026-09-11T15:52:12.171940,12.974199999999994,77.5946,1.5,0.0,8.705682849594268,644.9305745391104,0.0,0.0,HIGH,1
C_37,2026-09-11T15:52:17.171940,12.974399999999994,77.5946,1.5,0.0,9.880707611472474,622.6915892102504,0.0,0.0,HIGH,1
C_37,2026-09-11T15:52:22.171940,12.974599999999993,77.5946,1.5,0.0,9.679705539403958,600.4526038813905,0.0,0.0,HIGH,1
C_37,2026-09-11T15:52:27.171940,12.974799999999993,77.5946,1.5,0.0,8.937864143885552,578.2136185525305,0.0,0.0,HIGH,1
C_37,2026-09-11T15:52:32.171940,12.974999999999993,77.5946,1.5,0.0,8.007047295479113,555.9746332236707,0.0,0.0,HIGH,1
C_37,2026-09-11T15:52:37.171940,12.975199999999992,77.5946,1.5,0.0,3.254629136705229,533.7356478948108,0.0,0.0,HIGH,1
C_37,2026-09-11T15:52:42.171940,12.975399999999992,77.5946,1.5,0.0,5.077701842630545,511.4966625659508,0.0,0.0,HIGH,1
C_38,2026-09-11T15:51:07.171940,12.9716,77.5946,1.5,0.0,9.623147702613014,934.0373838142893,0.0,0.0,HIGH,1
C_38,2026-09-11T15:51:12.171940,12.9718,77.5946,1.5,0.0,4.827612264409041,911.7983984854293,0.0,0.0,HIGH,1
C_38,2026-09-11T15:51:17.171940,12.972,77.5946,1.5,0.0,2.939923104055284,889.5594131565693,0.0,0.0,HIGH,1
C_38,2026-09-11T15:51:22.171940,12.972199999999999,77.5946,1.5,0.0,2.293611368759133,867.3204278277095,0.0,0.0,HIGH,1
C_38,2026-09-11T15:51:27.171940,12.972399999999999,77.5946,1.5,0.0,2.2922534738278895,845.0814424988496,0.0,0.0,HIGH,1
C_38,2026-09-11T15:51:32.171940,12.972599999999998,77.5946,1.5,0.0,6.708702434853447,822.8424571699899,0.0,0.0,HIGH,1
C_38,2026-09-11T15:51:37.171940,12.972799999999998,77.5946,1.5,0.0,5.323167178037378,800.6034718411298,0.0,0.0,HIGH,1
C_38,2026-09-11T15:51:42.171940,12.972999999999997,77.5946,1.5,0.0,7.5731728110046905,778.3644865122698,0.0,0.0,HIGH,1
C_38,2026-09-11T15:51:47.171940,12.973199999999997,77.5946,1.5,0.0,6.735141466356974,756.1255011834099,0.0,0.0,HIGH,1
C_38,2026-09-11T15:51:52.171940,12.973399999999996,77.5946,1.5,0.0,5.7145793875129,733.8865158545501,0.0,0.0,HIGH,1
C_38,2026-09-11T15:51:57.171940,12.973599999999996,77.5946,1.5,0.0,6.3372499663115835,711.6475305256901,0.0,0.0,HIGH,1
C_38,2026-09-11T15:52:02.171940,12.973799999999995,77.5946,1.5,0.0,5.323997472143461,689.4085451968302,0.0,0.0,HIGH,1
C_38,2026-09-11T15:52:07.171940,12.973999999999995,77.5946,1.5,0.0,7.674842564352964,667.1695598679702,0.0,0.0,HIGH,1
C_38,2026-09-11T15:52:12.171940,12.974199999999994,77.5946,1.5,0.0,7.136190859129268,644.9305745391104,0.0,0.0,HIGH,1
C_38,2026-09-11T15:52:17.171940,12.974399999999994,77.5946,1.5,0.0,3.595081912419137,622.6915892102504,0.0,0.0,HIGH,1
C_38,2026-09-11T15:52:22.171940,12.974599999999993,77.5946,1.5,0.0,4.305040531380185,600.4526038813905,0.0,0.0,HIGH,1
C_38,2026-09-11T15:52:27.171940,12.974799999999993,77.5946,1.5,0.0,7.8033811745735315,578.2136185525305,0.0,0.0,HIGH,1
C_38,2026-09-11T15:52:32.171940,12.974999999999993,77.5946,1.5,0.0,3.0589561125770857,555.9746332236707,0.0,0.0,HIGH,1
C_38,2026-09-11T15:52:37.171940,12.975199999999992,77.5946,1.5,0.0,2.680350094791396,533.7356478948108,0.0,0.0,HIGH,1
C_38,2026-09-11T15:52:42.171940,12.975399999999992,77.5946,1.5,0.0,2.60679605064633,511.4966625659508,0.0,0.0,HIGH,1
C_39,2026-09-11T15:51:07.172936,12.9716,77.5946,1.5,0.0,5.303469683320286,934.0373838142893,0.0,0.0,HIGH,1
C_39,2026-09-11T15:51:12.172936,12.9718,77.5946,1.5,0.0,7.184439746391408,911.7983984854293,0.0,0.0,HIGH,1
C_39,2026-09-11T15:51:17.172936,12.972,77.5946,1.5,0.0,6.819180477918483,889.5594131565693,0.0,0.0,HIGH,1
C_39,2026-09-11T15:51:22.172936,12.972199999999999,77.5946,1.5,0.0,7.822714953435525,867.3204278277095,0.0,0.0,HIGH,1
C_39,2026-09-11T15:51:27.172936,12.972399999999999,77.5946,1.5,0.0,6.696267909949661,845.0814424988496,0.0,0.0,HIGH,1
C_39,2026-09-11T15:51:32.172936,12.972599999999998,77.5946,1.5,0.0,6.609850372011866,822.8424571699899,0.0,0.0,HIGH,1
C_39,2026-09-11T15:51:37.172936,12.972799999999998,77.5946,1.5,0.0,5.997010718391864,800.6034718411298,0.0,0.0,HIGH,1
C_39,2026-09-11T15:51:42.172936,12.972999999999997,77.5946,1.5,0.0,8.206455451727003,778.3644865122698,0.0,0.0,HIGH,1
C_39,2026-09-11T15:51:47.172936,12.973199999999997,77.5946,1.5,0.0,2.7134167994067004,756.1255011834099,0.0,0.0,HIGH,1
C_39,2026-09-11T15:51:52.172936,12.973399999999996,77.5946,1.5,0.0,9.324499071643986,733.8865158545501,0.0,0.0,HIGH,1
C_39,2026-09-11T15:51:57.172936,12.973599999999996,77.5946,1.5,0.0,6.17549015640311,711.6475305256901,0.0,0.0,HIGH,1
C_39,2026-09-11T15:52:02.172936,12.973799999999995,77.5946,1.5,0.0,9.34304252915581,689.4085451968302,0.0,0.0,HIGH,1
C_39,2026-09-11T15:52:07.172936,12.973999999999995,77.5946,1.5,0.0,6.205046259035274,667.1695598679702,0.0,0.0,HIGH,1
C_39,2026-09-11T15:52:12.172936,12.974199999999994,77.5946,1.5,0.0,2.027472446247703,644.9305745391104,0.0,0.0,HIGH,1
C_39,2026-09-11T15:52:17.172936,12.974399999999994,77.5946,1.5,0.0,5.033228778323222,622.6915892102504,0.0,0.0,HIGH,1
C_39,2026-09-11T15:52:22.172936,12.974599999999993,77.5946,1.5,0.0,5.997292821362958,600.4526038813905,0.0,0.0,HIGH,1
C_39,2026-09-11T15:52:27.172936,12.974799999999993,77.5946,1.5,0.0,3.4577967595131547,578.2136185525305,0.0,0.0,HIGH,1
C_39,2026-09-11T15:52:32.172936,12.974999999999993,77.5946,1.5,0.0,4.147753864171406,555.9746332236707,0.0,0.0,HIGH,1
C_39,2026-09-11T15:52:37.172936,12.975199999999992,77.5946,1.5,0.0,5.673845461881519,533.7356478948108,0.0,0.0,HIGH,1
C_39,2026-09-11T15:52:42.172936,12.975399999999992,77.5946,1.5,0.0,3.0152488888086753,511.4966625659508,0.0,0.0,HIGH,1
C_40,2026-09-11T15:51:07.172936,12.9716,77.5946,1.5,0.0,6.242232567954599,934.0373838142893,0.0,0.0,HIGH,1
C_40,2026-09-11T15:51:12.172936,12.9718,77.5946,1.5,0.0,4.983172434659023,911.7983984854293,0.0,0.0,HIGH,1
C_40,2026-09-11T15:51:17.172936,12.972,77.5946,1.5,0.0,5.70042077847224,889.5594131565693,0.0,0.0,HIGH,1
C_40,2026-09-11T15:51:22.172936,12.972199999999999,77.5946,1.5,0.0,4.515845833668744,867.3204278277095,0.0,0.0,HIGH,1
C_40,2026-09-11T15:51:27.172936,12.972399999999999,77.5946,1.5,0.0,5.722004841772691,845.0814424988496,0.0,0.0,HIGH,1
C_40,2026-09-11T15:51:32.172936,12.972599999999998,77.5946,1.5,0.0,7.1099104848561705,822.8424571699899,0.0,0.0,HIGH,1
C_40,2026-09-11T15:51:37.172936,12.972799999999998,77.5946,1.5,0.0,8.751993605970425,800.6034718411298,0.0,0.0,HIGH,1
C_40,2026-09-11T15:51:42.172936,12.972999999999997,77.5946,1.5,0.0,4.141044283844229,778.3644865122698,0.0,0.0,HIGH,1
C_40,2026-09-11T15:51:47.172936,12.973199999999997,77.5946,1.5,0.0,3.419416759253034,756.1255011834099,0.0,0.0,HIGH,1
C_40,2026-09-11T15:51:52.172936,12.973399999999996,77.5946,1.5,0.0,7.14764835549156,733.8865158545501,0.0,0.0,HIGH,1
C_40,2026-09-11T15:51:57.172936,12.973599999999996,77.5946,1.5,0.0,2.7865076170415453,711.6475305256901,0.0,0.0,HIGH,1
C_40,2026-09-11T15:52:02.172936,12.973799999999995,77.5946,1.5,0.0,8.163732590264893,689.4085451968302,0.0,0.0,HIGH,1
C_40,2026-09-11T15:52:07.172936,12.973999999999995,77.5946,1.5,0.0,2.499765750375861,667.1695598679702,0.0,0.0,HIGH,1
C_40,2026-09-11T15:52:12.172936,12.974199999999994,77.5946,1.5,0.0,7.950231269799587,644.9305745391104,0.0,0.0,HIGH,1
C_40,2026-09-11T15:52:17.172936,12.974399999999994,77.5946,1.5,0.0,9.823112371257139,622.6915892102504,0.0,0.0,HIGH,1
C_40,2026-09-11T15:52:22.172936,12.974599999999993,77.5946,1.5,0.0,4.8338162805517975,600.4526038813905,0.0,0.0,HIGH,1
C_40,2026-09-11T15:52:27.172936,12.974799999999993,77.5946,1.5,0.0,8.664546483952797,578.2136185525305,0.0,0.0,HIGH,1
C_40,2026-09-11T15:52:32.172936,12.974999999999993,77.5946,1.5,0.0,5.703049723485829,555.9746332236707,0.0,0.0,HIGH,1
C_40,2026-09-11T15:52:37.172936,12.975199999999992,77.5946,1.5,0.0,3.5590684800418373,533.7356478948108,0.0,0.0,HIGH,1
C_40,2026-09-11T15:52:42.172936,12.975399999999992,77.5946,1.5,0.0,2.1567934140890594,511.4966625659508,0.0,0.0,HIGH,1
C_41,2026-09-11T15:51:07.173938,12.9716,77.5946,1.5,0.0,5.060552932863661,934.0373838142893,0.0,0.0,HIGH,1
C_41,2026-09-11T15:51:12.173938,12.9718,77.5946,1.5,0.0,8.784442320915932,911.7983984854293,0.0,0.0,HIGH,1
C_41,2026-09-11T15:51:17.173938,12.972,77.5946,1.5,0.0,4.6492222455753005,889.5594131565693,0.0,0.0,HIGH,1
C_41,2026-09-11T15:51:22.173938,12.972199999999999,77.5946,1.5,0.0,2.032570424909455,867.3204278277095,0.0,0.0,HIGH,1
C_41,2026-09-11T15:51:27.173938,12.972399999999999,77.5946,1.5,0.0,8.0607683237447,845.0814424988496,0.0,0.0,HIGH,1
C_41,2026-09-11T15:51:32.173938,12.972599999999998,77.5946,1.5,0.0,2.660331603306192,822.8424571699899,0.0,0.0,HIGH,1
C_41,2026-09-11T15:51:37.173938,12.972799999999998,77.5946,1.5,0.0,6.035534909047631,800.6034718411298,0.0,0.0,HIGH,1
C_41,2026-09-11T15:51:42.173938,12.972999999999997,77.5946,1.5,0.0,2.0455286514325195,778.3644865122698,0.0,0.0,HIGH,1
C_41,2026-09-11T15:51:47.173938,12.973199999999997,77.5946,1.5,0.0,3.7697243379094854,756.1255011834099,0.0,0.0,HIGH,1
C_41,2026-09-11T15:51:52.173938,12.973399999999996,77.5946,1.5,0.0,8.09130709657476,733.8865158545501,0.0,0.0,HIGH,1
C_41,2026-09-11T15:51:57.173938,12.973599999999996,77.5946,1.5,0.0,6.084399229938093,711.6475305256901,0.0,0.0,HIGH,1
C_41,2026-09-11T15:52:02.173938,12.973799999999995,77.5946,1.5,0.0,3.817789375608025,689.4085451968302,0.0,0.0,HIGH,1
C_41,2026-09-11T15:52:07.173938,12.973999999999995,77.5946,1.5,0.0,8.27484584576843,667.1695598679702,0.0,0.0,HIGH,1
C_41,2026-09-11T15:52:12.173938,12.974199999999994,77.5946,1.5,0.0,5.9257790658191825,644.9305745391104,0.0,0.0,HIGH,1
C_41,2026-09-11T15:52:17.173938,12.974399999999994,77.5946,1.5,0.0,3.9319059354006427,622.6915892102504,0.0,0.0,HIGH,1
C_41,2026-09-11T15:52:22.173938,12.974599999999993,77.5946,1.5,0.0,3.1540650744058327,600.4526038813905,0.0,0.0,HIGH,1
C_41,2026-09-11T15:52:27.173938,12.974799999999993,77.5946,1.5,0.0,9.292972054225519,578.2136185525305,0.0,0.0,HIGH,1
C_41,2026-09-11T15:52:32.173938,12.974999999999993,77.5946,1.5,0.0,4.503065451734502,555.9746332236707,0.0,0.0,HIGH,1
C_41,2026-09-11T15:52:37.173938,12.975199999999992,77.5946,1.5,0.0,6.577544229041756,533.7356478948108,0.0,0.0,HIGH,1
C_41,2026-09-11T15:52:42.173938,12.975399999999992,77.5946,1.5,0.0,3.0303534614769125,511.4966625659508,0.0,0.0,HIGH,1
C_42,2026-09-11T15:51:07.173938,12.9716,77.5946,1.5,0.0,8.761791097251326,934.0373838142893,0.0,0.0,HIGH,1
C_42,2026-09-11T15:51:12.173938,12.9718,77.5946,1.5,0.0,4.076640195602596,911.7983984854293,0.0,0.0,HIGH,1
C_42,2026-09-11T15:51:17.173938,12.972,77.5946,1.5,0.0,4.752363528527381,889.5594131565693,0.0,0.0,HIGH,1
C_42,2026-09-11T15:51:22.173938,12.972199999999999,77.5946,1.5,0.0,2.3218096505409154,867.3204278277095,0.0,0.0,HIGH,1
C_42,2026-09-11T15:51:27.173938,12.972399999999999,77.5946,1.5,0.0,6.657577091140757,845.0814424988496,0.0,0.0,HIGH,1
C_42,2026-09-11T15:51:32.173938,12.972599999999998,77.5946,1.5,0.0,7.741712293057079,822.8424571699899,0.0,0.0,HIGH,1
C_42,2026-09-11T15:51:37.173938,12.972799999999998,77.5946,1.5,0.0,2.380460516363904,800.6034718411298,0.0,0.0,HIGH,1
C_42,2026-09-11T15:51:42.173938,12.972999999999997,77.5946,1.5,0.0,9.605817140757196,778.3644865122698,0.0,0.0,HIGH,1
C_42,2026-09-11T15:51:47.173938,12.973199999999997,77.5946,1.5,0.0,2.909317383435167,756.1255011834099,0.0,0.0,HIGH,1
C_42,2026-09-11T15:51:52.173938,12.973399999999996,77.5946,1.5,0.0,7.8129185289142855,733.8865158545501,0.0,0.0,HIGH,1
C_42,2026-09-11T15:51:57.173938,12.973599999999996,77.5946,1.5,0.0,4.006170872682588,711.6475305256901,0.0,0.0,HIGH,1
C_42,2026-09-11T15:52:02.173938,12.973799999999995,77.5946,1.5,0.0,9.198515053717951,689.4085451968302,0.0,0.0,HIGH,1
C_42,2026-09-11T15:52:07.173938,12.973999999999995,77.5946,1.5,0.0,8.762664724806339,667.1695598679702,0.0,0.0,HIGH,1
C_42,2026-09-11T15:52:12.173938,12.974199999999994,77.5946,1.5,0.0,6.183266704303806,644.9305745391104,0.0,0.0,HIGH,1
C_42,2026-09-11T15:52:17.173938,12.974399999999994,77.5946,1.5,0.0,6.9094144060353075,622.6915892102504,0.0,0.0,HIGH,1
C_42,2026-09-11T15:52:22.173938,12.974599999999993,77.5946,1.5,0.0,9.7715432492248,600.4526038813905,0.0,0.0,HIGH,1
C_42,2026-09-11T15:52:27.173938,12.974799999999993,77.5946,1.5,0.0,7.790924520638734,578.2136185525305,0.0,0.0,HIGH,1
C_42,2026-09-11T15:52:32.173938,12.974999999999993,77.5946,1.5,0.0,5.741787480066292,555.9746332236707,0.0,0.0,HIGH,1
C_42,2026-09-11T15:52:37.173938,12.975199999999992,77.5946,1.5,0.0,7.292067547854842,533.7356478948108,0.0,0.0,HIGH,1
C_42,2026-09-11T15:52:42.173938,12.975399999999992,77.5946,1.5,0.0,5.591557633564087,511.4966625659508,0.0,0.0,HIGH,1
C_43,2026-09-11T15:51:07.174939,12.9716,77.5946,1.5,0.0,8.515372072498327,934.0373838142893,0.0,0.0,HIGH,1
C_43,2026-09-11T15:51:12.174939,12.9718,77.5946,1.5,0.0,8.532983370903178,911.7983984854293,0.0,0.0,HIGH,1
C_43,2026-09-11T15:51:17.174939,12.972,77.5946,1.5,0.0,8.84177322234016,889.5594131565693,0.0,0.0,HIGH,1
C_43,2026-09-11T15:51:22.174939,12.972199999999999,77.5946,1.5,0.0,2.4758916730209437,867.3204278277095,0.0,0.0,HIGH,1
C_43,2026-09-11T15:51:27.174939,12.972399999999999,77.5946,1.5,0.0,4.336026684227265,845.0814424988496,0.0,0.0,HIGH,1
C_43,2026-09-11T15:51:32.174939,12.972599999999998,77.5946,1.5,0.0,6.657745364163416,822.8424571699899,0.0,0.0,HIGH,1
C_43,2026-09-11T15:51:37.174939,12.972799999999998,77.5946,1.5,0.0,6.640333412401198,800.6034718411298,0.0,0.0,HIGH,1
C_43,2026-09-11T15:51:42.174939,12.972999999999997,77.5946,1.5,0.0,9.161914479929074,778.3644865122698,0.0,0.0,HIGH,1
C_43,2026-09-11T15:51:47.174939,12.973199999999997,77.5946,1.5,0.0,8.158524594400951,756.1255011834099,0.0,0.0,HIGH,1
C_43,2026-09-11T15:51:52.174939,12.973399999999996,77.5946,1.5,0.0,6.296150512427438,733.8865158545501,0.0,0.0,HIGH,1
C_43,2026-09-11T15:51:57.174939,12.973599999999996,77.5946,1.5,0.0,3.128078559129319,711.6475305256901,0.0,0.0,HIGH,1
C_43,2026-09-11T15:52:02.174939,12.973799999999995,77.5946,1.5,0.0,9.218088511330837,689.4085451968302,0.0,0.0,HIGH,1
C_43,2026-09-11T15:52:07.174939,12.973999999999995,77.5946,1.5,0.0,3.854323427766664,667.1695598679702,0.0,0.0,HIGH,1
C_43,2026-09-11T15:52:12.174939,12.974199999999994,77.5946,1.5,0.0,3.36860611474897,644.9305745391104,0.0,0.0,HIGH,1
C_43,2026-09-11T15:52:17.174939,12.974399999999994,77.5946,1.5,0.0,6.17260619317307,622.6915892102504,0.0,0.0,HIGH,1
C_43,2026-09-11T15:52:22.174939,12.974599999999993,77.5946,1.5,0.0,2.477535970141557,600.4526038813905,0.0,0.0,HIGH,1
C_43,2026-09-11T15:52:27.174939,12.974799999999993,77.5946,1.5,0.0,8.130953140281116,578.2136185525305,0.0,0.0,HIGH,1
C_43,2026-09-11T15:52:32.174939,12.974999999999993,77.5946,1.5,0.0,9.514801748641425,555.9746332236707,0.0,0.0,HIGH,1
C_43,2026-09-11T15:52:37.174939,12.975199999999992,77.5946,1.5,0.0,7.158896725394307,533.7356478948108,0.0,0.0,HIGH,1
C_43,2026-09-11T15:52:42.174939,12.975399999999992,77.5946,1.5,0.0,3.0273025931762527,511.4966625659508,0.0,0.0,HIGH,1
C_44,2026-09-11T15:51:07.174939,12.9716,77.5946,1.5,0.0,3.5689076679434475,934.0373838142893,0.0,0.0,HIGH,1
C_44,2026-09-11T15:51:12.174939,12.9718,77.5946,1.5,0.0,4.234215309779009,911.7983984854293,0.0,0.0,HIGH,1
C_44,2026-09-11T15:51:17.174939,12.972,77.5946,1.5,0.0,9.045013350568105,889.5594131565693,0.0,0.0,HIGH,1
C_44,2026-09-11T15:51:22.174939,12.972199999999999,77.5946,1.5,0.0,4.662140597487235,867.3204278277095,0.0,0.0,HIGH,1
C_44,2026-09-11T15:51:27.174939,12.972399999999999,77.5946,1.5,0.0,4.131443677275758,845.0814424988496,0.0,0.0,HIGH,1
C_44,2026-09-11T15:51:32.174939,12.972599999999998,77.5946,1.5,0.0,4.857977086219655,822.8424571699899,0.0,0.0,HIGH,1
C_44,2026-09-11T15:51:37.174939,12.972799999999998,77.5946,1.5,0.0,7.90069461298016,800.6034718411298,0.0,0.0,HIGH,1
C_44,2026-09-11T15:51:42.174939,12.972999999999997,77.5946,1.5,0.0,3.815624934733947,778.3644865122698,0.0,0.0,HIGH,1
C_44,2026-09-11T15:51:47.174939,12.973199999999997,77.5946,1.5,0.0,3.9630722712614084,756.1255011834099,0.0,0.0,HIGH,1
C_44,2026-09-11T15:51:52.174939,12.973399999999996,77.5946,1.5,0.0,3.9475350227228168,733.8865158545501,0.0,0.0,HIGH,1
C_44,2026-09-11T15:51:57.174939,12.973599999999996,77.5946,1.5,0.0,8.126070219705783,711.6475305256901,0.0,0.0,HIGH,1
C_44,2026-09-11T15:52:02.174939,12.973799999999995,77.5946,1.5,0.0,5.011093686122503,689.4085451968302,0.0,0.0,HIGH,1
C_44,2026-09-11T15:52:07.174939,12.973999999999995,77.5946,1.5,0.0,4.830209569595525,667.1695598679702,0.0,0.0,HIGH,1
C_44,2026-09-11T15:52:12.174939,12.974199999999994,77.5946,1.5,0.0,3.3968967060975777,644.9305745391104,0.0,0.0,HIGH,1
C_44,2026-09-11T15:52:17.174939,12.974399999999994,77.5946,1.5,0.0,9.146348975027827,622.6915892102504,0.0,0.0,HIGH,1
C_44,2026-09-11T15:52:22.174939,12.974599999999993,77.5946,1.5,0.0,9.525990904194217,600.4526038813905,0.0,0.0,HIGH,1
C_44,2026-09-11T15:52:27.174939,12.974799999999993,77.5946,1.5,0.0,3.8513473610597426,578.2136185525305,0.0,0.0,HIGH,1
C_44,2026-09-11T15:52:32.174939,12.974999999999993,77.5946,1.5,0.0,8.407281342483024,555.9746332236707,0.0,0.0,HIGH,1
C_44,2026-09-11T15:52:37.174939,12.975199999999992,77.5946,1.5,0.0,8.065241584095359,533.7356478948108,0.0,0.0,HIGH,1
C_44,2026-09-11T15:52:42.174939,12.975399999999992,77.5946,1.5,0.0,8.20130583179662,511.4966625659508,0.0,0.0,HIGH,1
C_45,2026-09-11T15:51:07.175664,12.9716,77.5946,1.5,0.0,3.035434557667269,934.0373838142893,0.0,0.0,HIGH,1
C_45,2026-09-11T15:51:12.175664,12.9718,77.5946,1.5,0.0,8.399657618241758,911.7983984854293,0.0,0.0,HIGH,1
C_45,2026-09-11T15:51:17.175664,12.972,77.5946,1.5,0.0,9.304039487745003,889.5594131565693,0.0,0.0,HIGH,1
C_45,2026-09-11T15:51:22.175664,12.972199999999999,77.5946,1.5,0.0,8.685396534840745,867.3204278277095,0.0,0.0,HIGH,1
C_45,2026-09-11T15:51:27.175664,12.972399999999999,77.5946,1.5,0.0,7.146283716126379,845.0814424988496,0.0,0.0,HIGH,1
C_45,2026-09-11T15:51:32.175664,12.972599999999998,77.5946,1.5,0.0,8.35982931786273,822.8424571699899,0.0,0.0,HIGH,1
C_45,2026-09-11T15:51:37.175664,12.972799999999998,77.5946,1.5,0.0,3.641538662412083,800.6034718411298,0.0,0.0,HIGH,1
C_45,2026-09-11T15:51:42.175664,12.972999999999997,77.5946,1.5,0.0,8.103791238148036,778.3644865122698,0.0,0.0,HIGH,1
C_45,2026-09-11T15:51:47.175664,12.973199999999997,77.5946,1.5,0.0,9.628281187720631,756.1255011834099,0.0,0.0,HIGH,1
C_45,2026-09-11T15:51:52.175664,12.973399999999996,77.5946,1.5,0.0,8.554699930741148,733.8865158545501,0.0,0.0,HIGH,1
C_45,2026-09-11T15:51:57.175664,12.973599999999996,77.5946,1.5,0.0,9.659794443832771,711.6475305256901,0.0,0.0,HIGH,1
C_45,2026-09-11T15:52:02.175664,12.973799999999995,77.5946,1.5,0.0,9.212897535935275,689.4085451968302,0.0,0.0,HIGH,1
C_45,2026-09-11T15:52:07.175664,12.973999999999995,77.5946,1.5,0.0,2.48262200943841,667.1695598679702,0.0,0.0,HIGH,1
C_45,2026-09-11T15:52:12.175664,12.974199999999994,77.5946,1.5,0.0,5.967775542216387,644.9305745391104,0.0,0.0,HIGH,1
C_45,2026-09-11T15:52:17.175664,12.974399999999994,77.5946,1.5,0.0,8.013695888670341,622.6915892102504,0.0,0.0,HIGH,1
C_45,2026-09-11T15:52:22.175664,12.974599999999993,77.5946,1.5,0.0,4.31949563002255,600.4526038813905,0.0,0.0,HIGH,1
C_45,2026-09-11T15:52:27.175664,12.974799999999993,77.5946,1.5,0.0,5.406355999547442,578.2136185525305,0.0,0.0,HIGH,1
C_45,2026-09-11T15:52:32.175664,12.974999999999993,77.5946,1.5,0.0,7.278806531411452,555.9746332236707,0.0,0.0,HIGH,1
C_45,2026-09-11T15:52:37.175664,12.975199999999992,77.5946,1.5,0.0,2.7605149244293736,533.7356478948108,0.0,0.0,HIGH,1
C_45,2026-09-11T15:52:42.175664,12.975399999999992,77.5946,1.5,0.0,4.843698988506287,511.4966625659508,0.0,0.0,HIGH,1
C_46,2026-09-11T15:51:07.176177,12.9716,77.5946,1.5,0.0,6.111715955139098,934.0373838142893,0.0,0.0,HIGH,1
C_46,2026-09-11T15:51:12.176177,12.9718,77.5946,1.5,0.0,7.2543480935928795,911.7983984854293,0.0,0.0,HIGH,1
C_46,2026-09-11T15:51:17.176177,12.972,77.5946,1.5,0.0,8.237952106446805,889.5594131565693,0.0,0.0,HIGH,1
C_46,2026-09-11T15:51:22.176177,12.972199999999999,77.5946,1.5,0.0,5.047063580697187,867.3204278277095,0.0,0.0,HIGH,1
C_46,2026-09-11T15:51:27.176177,12.972399999999999,77.5946,1.5,0.0,6.23937337757383,845.0814424988496,0.0,0.0,HIGH,1
C_46,2026-09-11T15:51:32.176177,12.972599999999998,77.5946,1.5,0.0,9.517974634570184,822.8424571699899,0.0,0.0,HIGH,1
C_46,2026-09-11T15:51:37.176177,12.972799999999998,77.5946,1.5,0.0,5.026339209981779,800.6034718411298,0.0,0.0,HIGH,1
C_46,2026-09-11T15:51:42.176177,12.972999999999997,77.5946,1.5,0.0,9.851110299824036,778.3644865122698,0.0,0.0,HIGH,1
C_46,2026-09-11T15:51:47.176177,12.973199999999997,77.5946,1.5,0.0,9.372391878130873,756.1255011834099,0.0,0.0,HIGH,1
C_46,2026-09-11T15:51:52.176177,12.973399999999996,77.5946,1.5,0.0,9.175355440281884,733.8865158545501,0.0,0.0,HIGH,1
C_46,2026-09-11T15:51:57.176177,12.973599999999996,77.5946,1.5,0.0,2.825914082986877,711.6475305256901,0.0,0.0,HIGH,1
C_46,2026-09-11T15:52:02.176177,12.973799999999995,77.5946,1.5,0.0,5.144264951336372,689.4085451968302,0.0,0.0,HIGH,1
C_46,2026-09-11T15:52:07.176177,12.973999999999995,77.5946,1.5,0.0,2.3295645594133454,667.1695598679702,0.0,0.0,HIGH,1
C_46,2026-09-11T15:52:12.176177,12.974199999999994,77.5946,1.5,0.0,2.0000736660693965,644.9305745391104,0.0,0.0,HIGH,1
C_46,2026-09-11T15:52:17.176177,12.974399999999994,77.5946,1.5,0.0,3.638577791539716,622.6915892102504,0.0,0.0,HIGH,1
C_46,2026-09-11T15:52:22.176177,12.974599999999993,77.5946,1.5,0.0,2.167255963451832,600.4526038813905,0.0,0.0,HIGH,1
C_46,2026-09-11T15:52:27.176177,12.974799999999993,77.5946,1.5,0.0,4.777026049619461,578.2136185525305,0.0,0.0,HIGH,1
C_46,2026-09-11T15:52:32.176177,12.974999999999993,77.5946,1.5,0.0,9.877087761954959,555.9746332236707,0.0,0.0,HIGH,1
C_46,2026-09-11T15:52:37.176177,12.975199999999992,77.5946,1.5,0.0,3.0111914240677553,533.7356478948108,0.0,0.0,HIGH,1
C_46,2026-09-11T15:52:42.176177,12.975399999999992,77.5946,1.5,0.0,6.884828965878399,511.4966625659508,0.0,0.0,HIGH,1
C_47,2026-09-11T15:51:07.176726,12.9716,77.5946,1.5,0.0,3.237282951968856,934.0373838142893,0.0,0.0,HIGH,1
C_47,2026-09-11T15:51:12.176726,12.9718,77.5946,1.5,0.0,9.04511789419137,911.7983984854293,0.0,0.0,HIGH,1
C_47,2026-09-11T15:51:17.176726,12.972,77.5946,1.5,0.0,9.292717680069167,889.5594131565693,0.0,0.0,HIGH,1
C_47,2026-09-11T15:51:22.176726,12.972199999999999,77.5946,1.5,0.0,2.5000966447175905,867.3204278277095,0.0,0.0,HIGH,1
C_47,2026-09-11T15:51:27.176726,12.972399999999999,77.5946,1.5,0.0,2.5424615655379066,845.0814424988496,0.0,0.0,HIGH,1
C_47,2026-09-11T15:51:32.176726,12.972599999999998,77.5946,1.5,0.0,7.875991127416221,822.8424571699899,0.0,0.0,HIGH,1
C_47,2026-09-11T15:51:37.176726,12.972799999999998,77.5946,1.5,0.0,3.3189376873245946,800.6034718411298,0.0,0.0,HIGH,1
C_47,2026-09-11T15:51:42.176726,12.972999999999997,77.5946,1.5,0.0,7.3034410671745515,778.3644865122698,0.0,0.0,HIGH,1
C_47,2026-09-11T15:51:47.176726,12.973199999999997,77.5946,1.5,0.0,6.352114567781959,756.1255011834099,0.0,0.0,HIGH,1
C_47,2026-09-11T15:51:52.176726,12.973399999999996,77.5946,1.5,0.0,7.8610205743253045,733.8865158545501,0.0,0.0,HIGH,1
C_47,2026-09-11T15:51:57.176726,12.973599999999996,77.5946,1.5,0.0,5.390383177967287,711.6475305256901,0.0,0.0,HIGH,1
C_47,2026-09-11T15:52:02.176726,12.973799999999995,77.5946,1.5,0.0,3.2725377425824664,689.4085451968302,0.0,0.0,HIGH,1
C_47,2026-09-11T15:52:07.176726,12.973999999999995,77.5946,1.5,0.0,9.341106117493359,667.1695598679702,0.0,0.0,HIGH,1
C_47,2026-09-11T15:52:12.176726,12.974199999999994,77.5946,1.5,0.0,3.5937802320192267,644.9305745391104,0.0,0.0,HIGH,1
C_47,2026-09-11T15:52:17.176726,12.974399999999994,77.5946,1.5,0.0,9.045465548994155,622.6915892102504,0.0,0.0,HIGH,1
C_47,2026-09-11T15:52:22.176726,12.974599999999993,77.5946,1.5,0.0,8.355326782268154,600.4526038813905,0.0,0.0,HIGH,1
C_47,2026-09-11T15:52:27.176726,12.974799999999993,77.5946,1.5,0.0,2.58171357440004,578.2136185525305,0.0,0.0,HIGH,1
C_47,2026-09-11T15:52:32.176726,12.974999999999993,77.5946,1.5,0.0,6.951476376342371,555.9746332236707,0.0,0.0,HIGH,1
C_47,2026-09-11T15:52:37.176726,12.975199999999992,77.5946,1.5,0.0,8.917264308289298,533.7356478948108,0.0,0.0,HIGH,1
C_47,2026-09-11T15:52:42.176726,12.975399999999992,77.5946,1.5,0.0,6.504943431372328,511.4966625659508,0.0,0.0,HIGH,1
C_48,2026-09-11T15:51:07.176726,12.9716,77.5946,1.5,0.0,9.65809665960871,934.0373838142893,0.0,0.0,HIGH,1
C_48,2026-09-11T15:51:12.176726,12.9718,77.5946,1.5,0.0,3.4546447774543223,911.7983984854293,0.0,0.0,HIGH,1
C_48,2026-09-11T15:51:17.176726,12.972,77.5946,1.5,0.0,5.378298671938629,889.5594131565693,0.0,0.0,HIGH,1
C_48,2026-09-11T15:51:22.176726,12.972199999999999,77.5946,1.5,0.0,6.687838546426588,867.3204278277095,0.0,0.0,HIGH,1
C_48,2026-09-11T15:51:27.176726,12.972399999999999,77.5946,1.5,0.0,3.3505409397582975,845.0814424988496,0.0,0.0,HIGH,1
C_48,2026-09-11T15:51:32.176726,12.972599999999998,77.5946,1.5,0.0,4.122163162779499,822.8424571699899,0.0,0.0,HIGH,1
C_48,2026-09-11T15:51:37.176726,12.972799999999998,77.5946,1.5,0.0,8.589002847356454,800.6034718411298,0.0,0.0,HIGH,1
C_48,2026-09-11T15:51:42.176726,12.972999999999997,77.5946,1.5,0.0,2.3440916828352885,778.3644865122698,0.0,0.0,HIGH,1
C_48,2026-09-11T15:51:47.176726,12.973199999999997,77.5946,1.5,0.0,3.3637339951757834,756.1255011834099,0.0,0.0,HIGH,1
C_48,2026-09-11T15:51:52.176726,12.973399999999996,77.5946,1.5,0.0,4.156740005910654,733.8865158545501,0.0,0.0,HIGH,1
C_48,2026-09-11T15:51:57.176726,12.973599999999996,77.5946,1.5,0.0,5.669294518682853,711.6475305256901,0.0,0.0,HIGH,1
C_48,2026-09-11T15:52:02.176726,12.973799999999995,77.5946,1.5,0.0,7.40459159821423,689.4085451968302,0.0,0.0,HIGH,1
C_48,2026-09-11T15:52:07.176726,12.973999999999995,77.5946,1.5,0.0,9.55623544687079,667.1695598679702,0.0,0.0,HIGH,1
C_48,2026-09-11T15:52:12.176726,12.974199999999994,77.5946,1.5,0.0,6.097010161315063,644.9305745391104,0.0,0.0,HIGH,1
C_48,2026-09-11T15:52:17.176726,12.974399999999994,77.5946,1.5,0.0,2.8433506104052206,622.6915892102504,0.0,0.0,HIGH,1
C_48,2026-09-11T15:52:22.176726,12.974599999999993,77.5946,1.5,0.0,9.199917553511977,600.4526038813905,0.0,0.0,HIGH,1
C_48,2026-09-11T15:52:27.176726,12.974799999999993,77.5946,1.5,0.0,6.946688919850005,578.2136185525305,0.0,0.0,HIGH,1
C_48,2026-09-11T15:52:32.176726,12.974999999999993,77.5946,1.5,0.0,3.1943925575601133,555.9746332236707,0.0,0.0,HIGH,1
C_48,2026-09-11T15:52:37.176726,12.975199999999992,77.5946,1.5,0.0,5.185430275156488,533.7356478948108,0.0,0.0,HIGH,1
C_48,2026-09-11T15:52:42.176726,12.975399999999992,77.5946,1.5,0.0,3.8615515455203298,511.4966625659508,0.0,0.0,HIGH,1
C_49,2026-09-11T15:51:07.176726,12.9716,77.5946,1.5,0.0,2.0920053847698394,934.0373838142893,0.0,0.0,HIGH,1
C_49,2026-09-11T15:51:12.176726,12.9718,77.5946,1.5,0.0,8.021184720544339,911.7983984854293,0.0,0.0,HIGH,1
C_49,2026-09-11T15:51:17.176726,12.972,77.5946,1.5,0.0,9.652470330593815,889.5594131565693,0.0,0.0,HIGH,1
C_49,2026-09-11T15:51:22.176726,12.972199999999999,77.5946,1.5,0.0,3.2663287066725752,867.3204278277095,0.0,0.0,HIGH,1
C_49,2026-09-11T15:51:27.176726,12.972399999999999,77.5946,1.5,0.0,3.6218444118788202,845.0814424988496,0.0,0.0,HIGH,1
C_49,2026-09-11T15:51:32.176726,12.972599999999998,77.5946,1.5,0.0,9.129522105484448,822.8424571699899,0.0,0.0,HIGH,1
C_49,2026-09-11T15:51:37.176726,12.972799999999998,77.5946,1.5,0.0,6.317980337088308,800.6034718411298,0.0,0.0,HIGH,1
C_49,2026-09-11T15:51:42.176726,12.972999999999997,77.5946,1.5,0.0,4.387481431298566,778.3644865122698,0.0,0.0,HIGH,1
C_49,2026-09-11T15:51:47.176726,12.973199999999997,77.5946,1.5,0.0,6.134954652745532,756.1255011834099,0.0,0.0,HIGH,1
C_49,2026-09-11T15:51:52.176726,12.973399999999996,77.5946,1.5,0.0,9.773708704009728,733.8865158545501,0.0,0.0,HIGH,1
C_49,2026-09-11T15:51:57.176726,12.973599999999996,77.5946,1.5,0.0,2.9597986739646496,711.6475305256901,0.0,0.0,HIGH,1
C_49,2026-09-11T15:52:02.176726,12.973799999999995,77.5946,1.5,0.0,7.926979005378192,689.4085451968302,0.0,0.0,HIGH,1
C_49,2026-09-11T15:52:07.176726,12.973999999999995,77.5946,1.5,0.0,6.769606889249019,667.1695598679702,0.0,0.0,HIGH,1
C_49,2026-09-11T15:52:12.176726,12.974199999999994,77.5946,1.5,0.0,2.145152703018039,644.9305745391104,0.0,0.0,HIGH,1
C_49,2026-09-11T15:52:17.176726,12.974399999999994,77.5946,1.5,0.0,5.492931532361912,622.6915892102504,0.0,0.0,HIGH,1
C_49,2026-09-11T15:52:22.176726,12.974599999999993,77.5946,1.5,0.0,2.6648917257983245,600.4526038813905,0.0,0.0,HIGH,1
C_49,2026-09-11T15:52:27.176726,12.974799999999993,77.5946,1.5,0.0,8.251311733493079,578.2136185525305,0.0,0.0,HIGH,1
C_49,2026-09-11T15:52:32.176726,12.974999999999993,77.5946,1.5,0.0,5.406617218106828,555.9746332236707,0.0,0.0,HIGH,1
C_49,2026-09-11T15:52:37.176726,12.975199999999992,77.5946,1.5,0.0,9.059414402757637,533.7356478948108,0.0,0.0,HIGH,1
C_49,2026-09-11T15:52:42.176726,12.975399999999992,77.5946,1.5,0.0,9.871716922574922,511.4966625659508,0.0,0.0,HIGH,1
D_0,2026-09-11T15:51:07.177741,12.9716,77.5946,15.0,0.0,9.56827253517956,934.0373838142893,0.0,0.0,HIGH,1
D_0,2026-09-11T15:51:12.177741,12.972100000000001,77.5946,15.0,0.0,4.247015867472312,878.439920491942,0.0,0.0,HIGH,1
D_0,2026-09-11T15:51:17.177741,12.972600000000002,77.5946,15.0,0.0,4.745351542383936,822.8424571695948,0.0,0.0,HIGH,1
D_0,2026-09-11T15:51:22.177741,12.973100000000002,77.5946,15.0,0.0,6.480672180176055,767.2449938472473,0.0,0.0,HIGH,1
D_0,2026-09-11T15:51:27.177741,12.973600000000003,77.5946,15.0,0.0,6.062087599944817,711.6475305248999,0.0,0.0,HIGH,1
D_0,2026-09-11T15:51:32.177741,12.974100000000004,77.5946,15.0,0.0,7.471326763335298,656.0500672025527,0.0,0.0,HIGH,1
D_0,2026-09-11T15:51:37.177741,12.974600000000004,77.5946,15.0,0.0,2.908107494303403,600.4526038802054,0.0,0.0,HIGH,1
D_0,2026-09-11T15:51:42.177741,12.975100000000005,77.5946,15.0,0.0,7.28199861193943,544.855140557858,0.0,0.0,HIGH,1
D_0,2026-09-11T15:51:47.177741,12.975600000000005,77.5946,15.0,0.0,8.589877802671126,489.25767723551076,0.0,0.0,HIGH,1
D_0,2026-09-11T15:51:52.177741,12.976100000000006,77.5946,15.0,0.0,3.8216146885950755,433.66021391316343,0.0,0.0,HIGH,1
D_0,2026-09-11T15:51:57.177741,12.976600000000007,77.5946,15.0,0.0,7.275532983723042,378.06275059081617,0.0,0.0,HIGH,1
D_0,2026-09-11T15:52:02.177741,12.977100000000007,77.5946,15.0,0.0,9.855283974310797,322.4652872684688,0.0,0.0,HIGH,1
D_0,2026-09-11T15:52:07.177741,12.977600000000008,77.5946,15.0,0.0,7.7124956946698005,266.86782394612146,0.0,0.0,HIGH,2
D_0,2026-09-11T15:52:12.177741,12.978100000000008,77.5946,15.0,0.0,9.883339141808117,211.27036062377417,0.0,0.0,HIGH,2
D_0,2026-09-11T15:52:17.177741,12.978600000000009,77.5946,15.0,0.0,6.940755442460121,155.67289730142684,0.0,0.0,HIGH,2
D_0,2026-09-11T15:52:22.177741,12.97910000000001,77.5946,15.0,0.0,7.9927275776117686,100.07543397907953,0.0,0.0,HIGH,2
D_0,2026-09-11T15:52:27.177741,12.97960000000001,77.5946,15.0,0.0,8.39556757252158,44.477970656732225,0.0,0.0,HIGH,2
D_0,2026-09-11T15:52:32.177741,12.98010000000001,77.5946,15.0,0.0,5.7510764412501505,11.11949266561509,180.0,180.0,HIGH,2
D_0,2026-09-11T15:52:37.177741,12.980600000000011,77.5946,15.0,0.0,2.471807440681258,66.71695598796241,180.0,180.0,HIGH,2
D_0,2026-09-11T15:52:42.177741,12.981100000000012,77.5946,15.0,0.0,7.018118256515954,122.31441931030972,180.0,180.0,HIGH,2
D_1,2026-09-11T15:51:07.177741,12.9716,77.5946,15.0,0.0,3.96582742442496,934.0373838142893,0.0,0.0,HIGH,1
D_1,2026-09-11T15:51:12.177741,12.972100000000001,77.5946,15.0,0.0,7.50872486221446,878.439920491942,0.0,0.0,HIGH,1
D_1,2026-09-11T15:51:17.177741,12.972600000000002,77.5946,15.0,0.0,7.023192485964805,822.8424571695948,0.0,0.0,HIGH,1
D_1,2026-09-11T15:51:22.177741,12.973100000000002,77.5946,15.0,0.0,3.5981263240782857,767.2449938472473,0.0,0.0,HIGH,1
D_1,2026-09-11T15:51:27.177741,12.973600000000003,77.5946,15.0,0.0,5.62535854432707,711.6475305248999,0.0,0.0,HIGH,1
D_1,2026-09-11T15:51:32.177741,12.974100000000004,77.5946,15.0,0.0,9.148797102884215,656.0500672025527,0.0,0.0,HIGH,1
D_1,2026-09-11T15:51:37.177741,12.974600000000004,77.5946,15.0,0.0,5.886958170339661,600.4526038802054,0.0,0.0,HIGH,1
D_1,2026-09-11T15:51:42.177741,12.975100000000005,77.5946,15.0,0.0,8.094848411376116,544.855140557858,0.0,0.0,HIGH,1
D_1,2026-09-11T15:51:47.177741,12.975600000000005,77.5946,15.0,0.0,6.652929596417251,489.25767723551076,0.0,0.0,HIGH,1
D_1,2026-09-11T15:51:52.177741,12.976100000000006,77.5946,15.0,0.0,7.410580924829796,433.66021391316343,0.0,0.0,HIGH,1
D_1,2026-09-11T15:51:57.177741,12.976600000000007,77.5946,15.0,0.0,4.535459860672997,378.06275059081617,0.0,0.0,HIGH,1
D_1,2026-09-11T15:52:02.177741,12.977100000000007,77.5946,15.0,0.0,2.1139245446632886,322.4652872684688,0.0,0.0,HIGH,1
D_1,2026-09-11T15:52:07.177741,12.977600000000008,77.5946,15.0,0.0,5.543197737591264,266.86782394612146,0.0,0.0,HIGH,2
D_1,2026-09-11T15:52:12.177741,12.978100000000008,77.5946,15.0,0.0,3.365254084636578,211.27036062377417,0.0,0.0,HIGH,2
D_1,2026-09-11T15:52:17.177741,12.978600000000009,77.5946,15.0,0.0,3.2571039204629173,155.67289730142684,0.0,0.0,HIGH,2
D_1,2026-09-11T15:52:22.177741,12.97910000000001,77.5946,15.0,0.0,8.774226179510723,100.07543397907953,0.0,0.0,HIGH,2
D_1,2026-09-11T15:52:27.177741,12.97960000000001,77.5946,15.0,0.0,2.0001626544425575,44.477970656732225,0.0,0.0,HIGH,2
D_1,2026-09-11T15:52:32.177741,12.98010000000001,77.5946,15.0,0.0,7.890855005657473,11.11949266561509,180.0,180.0,HIGH,2
D_1,2026-09-11T15:52:37.177741,12.980600000000011,77.5946,15.0,0.0,8.938762730867296,66.71695598796241,180.0,180.0,HIGH,2
D_1,2026-09-11T15:52:42.177741,12.981100000000012,77.5946,15.0,0.0,2.88790332354393,122.31441931030972,180.0,180.0,HIGH,2
D_2,2026-09-11T15:51:07.178743,12.9716,77.5946,15.0,0.0,7.598585332169207,934.0373838142893,0.0,0.0,HIGH,1
D_2,2026-09-11T15:51:12.178743,12.972100000000001,77.5946,15.0,0.0,4.7155924315876945,878.439920491942,0.0,0.0,HIGH,1
D_2,2026-09-11T15:51:17.178743,12.972600000000002,77.5946,15.0,0.0,8.597637277664631,822.8424571695948,0.0,0.0,HIGH,1
D_2,2026-09-11T15:51:22.178743,12.973100000000002,77.5946,15.0,0.0,2.015603549409735,767.2449938472473,0.0,0.0,HIGH,1
D_2,2026-09-11T15:51:27.178743,12.973600000000003,77.5946,15.0,0.0,8.19564018205972,711.6475305248999,0.0,0.0,HIGH,1
D_2,2026-09-11T15:51:32.178743,12.974100000000004,77.5946,15.0,0.0,3.839251039505733,656.0500672025527,0.0,0.0,HIGH,1
D_2,2026-09-11T15:51:37.178743,12.974600000000004,77.5946,15.0,0.0,7.919070331677954,600.4526038802054,0.0,0.0,HIGH,1
D_2,2026-09-11T15:51:42.178743,12.975100000000005,77.5946,15.0,0.0,5.0196150975886145,544.855140557858,0.0,0.0,HIGH,1
D_2,2026-09-11T15:51:47.178743,12.975600000000005,77.5946,15.0,0.0,2.8274687905843594,489.25767723551076,0.0,0.0,HIGH,1
D_2,2026-09-11T15:51:52.178743,12.976100000000006,77.5946,15.0,0.0,6.715689476330313,433.66021391316343,0.0,0.0,HIGH,1
D_2,2026-09-11T15:51:57.178743,12.976600000000007,77.5946,15.0,0.0,9.02477234618513,378.06275059081617,0.0,0.0,HIGH,1
D_2,2026-09-11T15:52:02.178743,12.977100000000007,77.5946,15.0,0.0,3.7283841398086848,322.4652872684688,0.0,0.0,HIGH,1
D_2,2026-09-11T15:52:07.178743,12.977600000000008,77.5946,15.0,0.0,7.28035087273022,266.86782394612146,0.0,0.0,HIGH,2
D_2,2026-09-11T15:52:12.178743,12.978100000000008,77.5946,15.0,0.0,8.061465925808063,211.27036062377417,0.0,0.0,HIGH,2
D_2,2026-09-11T15:52:17.178743,12.978600000000009,77.5946,15.0,0.0,8.558899909162282,155.67289730142684,0.0,0.0,HIGH,2
D_2,2026-09-11T15:52:22.178743,12.97910000000001,77.5946,15.0,0.0,3.5696578169396203,100.07543397907953,0.0,0.0,HIGH,2
D_2,2026-09-11T15:52:27.178743,12.97960000000001,77.5946,15.0,0.0,9.747450000413709,44.477970656732225,0.0,0.0,HIGH,2
D_2,2026-09-11T15:52:32.178743,12.98010000000001,77.5946,15.0,0.0,8.648861297642824,11.11949266561509,180.0,180.0,HIGH,2
D_2,2026-09-11T15:52:37.178743,12.980600000000011,77.5946,15.0,0.0,6.501728820281567,66.71695598796241,180.0,180.0,HIGH,2
D_2,2026-09-11T15:52:42.178743,12.981100000000012,77.5946,15.0,0.0,9.246820142105406,122.31441931030972,180.0,180.0,HIGH,2
D_3,2026-09-11T15:51:07.179742,12.9716,77.5946,15.0,0.0,7.843764909242086,934.0373838142893,0.0,0.0,HIGH,1
D_3,2026-09-11T15:51:12.179742,12.972100000000001,77.5946,15.0,0.0,7.080385778911957,878.439920491942,0.0,0.0,HIGH,1
D_3,2026-09-11T15:51:17.179742,12.972600000000002,77.5946,15.0,0.0,5.536519772974327,822.8424571695948,0.0,0.0,HIGH,1
D_3,2026-09-11T15:51:22.179742,12.973100000000002,77.5946,15.0,0.0,2.322628090096348,767.2449938472473,0.0,0.0,HIGH,1
D_3,2026-09-11T15:51:27.179742,12.973600000000003,77.5946,15.0,0.0,9.70839995929375,711.6475305248999,0.0,0.0,HIGH,1
D_3,2026-09-11T15:51:32.179742,12.974100000000004,77.5946,15.0,0.0,8.457099041074036,656.0500672025527,0.0,0.0,HIGH,1
D_3,2026-09-11T15:51:37.179742,12.974600000000004,77.5946,15.0,0.0,5.184171455164821,600.4526038802054,0.0,0.0,HIGH,1
D_3,2026-09-11T15:51:42.179742,12.975100000000005,77.5946,15.0,0.0,8.98978274236852,544.855140557858,0.0,0.0,HIGH,1
D_3,2026-09-11T15:51:47.179742,12.975600000000005,77.5946,15.0,0.0,6.919339554731202,489.25767723551076,0.0,0.0,HIGH,1
D_3,2026-09-11T15:51:52.179742,12.976100000000006,77.5946,15.0,0.0,9.940642707327576,433.66021391316343,0.0,0.0,HIGH,1
D_3,2026-09-11T15:51:57.179742,12.976600000000007,77.5946,15.0,0.0,6.513271017746881,378.06275059081617,0.0,0.0,HIGH,1
D_3,2026-09-11T15:52:02.179742,12.977100000000007,77.5946,15.0,0.0,9.077502483086363,322.4652872684688,0.0,0.0,HIGH,1
D_3,2026-09-11T15:52:07.179742,12.977600000000008,77.5946,15.0,0.0,4.761695430011495,266.86782394612146,0.0,0.0,HIGH,2
D_3,2026-09-11T15:52:12.179742,12.978100000000008,77.5946,15.0,0.0,4.753181386840051,211.27036062377417,0.0,0.0,HIGH,2
D_3,2026-09-11T15:52:17.179742,12.978600000000009,77.5946,15.0,0.0,4.658763031440227,155.67289730142684,0.0,0.0,HIGH,2
D_3,2026-09-11T15:52:22.179742,12.97910000000001,77.5946,15.0,0.0,7.173306032666678,100.07543397907953,0.0,0.0,HIGH,2
D_3,2026-09-11T15:52:27.179742,12.97960000000001,77.5946,15.0,0.0,8.503049492414284,44.477970656732225,0.0,0.0,HIGH,2
D_3,2026-09-11T15:52:32.179742,12.98010000000001,77.5946,15.0,0.0,5.093973641409428,11.11949266561509,180.0,180.0,HIGH,2
D_3,2026-09-11T15:52:37.179742,12.980600000000011,77.5946,15.0,0.0,7.2836874938359415,66.71695598796241,180.0,180.0,HIGH,2
D_3,2026-09-11T15:52:42.179742,12.981100000000012,77.5946,15.0,0.0,5.299413676872825,122.31441931030972,180.0,180.0,HIGH,2
D_4,2026-09-11T15:51:07.179742,12.9716,77.5946,15.0,0.0,6.725674899437709,934.0373838142893,0.0,0.0,HIGH,1
D_4,2026-09-11T15:51:12.179742,12.972100000000001,77.5946,15.0,0.0,7.5892117173754,878.439920491942,0.0,0.0,HIGH,1
D_4,2026-09-11T15:51:17.179742,12.972600000000002,77.5946,15.0,0.0,9.623175085458975,822.8424571695948,0.0,0.0,HIGH,1
D_4,2026-09-11T15:51:22.179742,12.973100000000002,77.5946,15.0,0.0,3.999826583648563,767.2449938472473,0.0,0.0,HIGH,1
D_4,2026-09-11T15:51:27.179742,12.973600000000003,77.5946,15.0,0.0,5.647676322678179,711.6475305248999,0.0,0.0,HIGH,1
D_4,2026-09-11T15:51:32.179742,12.974100000000004,77.5946,15.0,0.0,5.121859345018131,656.0500672025527,0.0,0.0,HIGH,1
D_4,2026-09-11T15:51:37.179742,12.974600000000004,77.5946,15.0,0.0,9.386201808944683,600.4526038802054,0.0,0.0,HIGH,1
D_4,2026-09-11T15:51:42.179742,12.975100000000005,77.5946,15.0,0.0,8.975152292228657,544.855140557858,0.0,0.0,HIGH,1
D_4,2026-09-11T15:51:47.179742,12.975600000000005,77.5946,15.0,0.0,6.391985820670519,489.25767723551076,0.0,0.0,HIGH,1
D_4,2026-09-11T15:51:52.179742,12.976100000000006,77.5946,15.0,0.0,7.884755477909485,433.66021391316343,0.0,0.0,HIGH,1
D_4,2026-09-11T15:51:57.179742,12.976600000000007,77.5946,15.0,0.0,3.6055124254075643,378.06275059081617,0.0,0.0,HIGH,1
D_4,2026-09-11T15:52:02.179742,12.977100000000007,77.5946,15.0,0.0,2.125237487348204,322.4652872684688,0.0,0.0,HIGH,1
D_4,2026-09-11T15:52:07.179742,12.977600000000008,77.5946,15.0,0.0,4.596271932302249,266.86782394612146,0.0,0.0,HIGH,2
D_4,2026-09-11T15:52:12.179742,12.978100000000008,77.5946,15.0,0.0,2.2184051036804844,211.27036062377417,0.0,0.0,HIGH,2
D_4,2026-09-11T15:52:17.179742,12.978600000000009,77.5946,15.0,0.0,3.8784451079785436,155.67289730142684,0.0,0.0,HIGH,2
D_4,2026-09-11T15:52:22.179742,12.97910000000001,77.5946,15.0,0.0,7.99763964481203,100.07543397907953,0.0,0.0,HIGH,2
D_4,2026-09-11T15:52:27.179742,12.97960000000001,77.5946,15.0,0.0,6.966897544855858,44.477970656732225,0.0,0.0,HIGH,2
D_4,2026-09-11T15:52:32.179742,12.98010000000001,77.5946,15.0,0.0,6.310048669416655,11.11949266561509,180.0,180.0,HIGH,2
D_4,2026-09-11T15:52:37.179742,12.980600000000011,77.5946,15.0,0.0,4.634075054844255,66.71695598796241,180.0,180.0,HIGH,2
D_4,2026-09-11T15:52:42.179742,12.981100000000012,77.5946,15.0,0.0,4.672417870837096,122.31441931030972,180.0,180.0,HIGH,2
D_5,2026-09-11T15:51:07.180740,12.9716,77.5946,15.0,0.0,7.820613242189476,934.0373838142893,0.0,0.0,HIGH,1
D_5,2026-09-11T15:51:12.180740,12.972100000000001,77.5946,15.0,0.0,9.51355698222655,878.439920491942,0.0,0.0,HIGH,1
D_5,2026-09-11T15:51:17.180740,12.972600000000002,77.5946,15.0,0.0,4.597832396073409,822.8424571695948,0.0,0.0,HIGH,1
D_5,2026-09-11T15:51:22.180740,12.973100000000002,77.5946,15.0,0.0,6.122734528651201,767.2449938472473,0.0,0.0,HIGH,1
D_5,2026-09-11T15:51:27.180740,12.973600000000003,77.5946,15.0,0.0,9.26498926191853,711.6475305248999,0.0,0.0,HIGH,1
D_5,2026-09-11T15:51:32.180740,12.974100000000004,77.5946,15.0,0.0,9.660473937777176,656.0500672025527,0.0,0.0,HIGH,1
D_5,2026-09-11T15:51:37.180740,12.974600000000004,77.5946,15.0,0.0,9.66916053489929,600.4526038802054,0.0,0.0,HIGH,1
D_5,2026-09-11T15:51:42.180740,12.975100000000005,77.5946,15.0,0.0,9.001419988808294,544.855140557858,0.0,0.0,HIGH,1
D_5,2026-09-11T15:51:47.180740,12.975600000000005,77.5946,15.0,0.0,5.086287348310432,489.25767723551076,0.0,0.0,HIGH,1
D_5,2026-09-11T15:51:52.180740,12.976100000000006,77.5946,15.0,0.0,5.483449258690714,433.66021391316343,0.0,0.0,HIGH,1
D_5,2026-09-11T15:51:57.180740,12.976600000000007,77.5946,15.0,0.0,5.526563192222889,378.06275059081617,0.0,0.0,HIGH,1
D_5,2026-09-11T15:52:02.180740,12.977100000000007,77.5946,15.0,0.0,6.500807388127429,322.4652872684688,0.0,0.0,HIGH,1
D_5,2026-09-11T15:52:07.180740,12.977600000000008,77.5946,15.0,0.0,8.857947084158337,266.86782394612146,0.0,0.0,HIGH,2
D_5,2026-09-11T15:52:12.180740,12.978100000000008,77.5946,15.0,0.0,2.1525617600320475,211.27036062377417,0.0,0.0,HIGH,2
D_5,2026-09-11T15:52:17.180740,12.978600000000009,77.5946,15.0,0.0,7.670025581325552,155.67289730142684,0.0,0.0,HIGH,2
D_5,2026-09-11T15:52:22.180740,12.97910000000001,77.5946,15.0,0.0,8.838167241827644,100.07543397907953,0.0,0.0,HIGH,2
D_5,2026-09-11T15:52:27.180740,12.97960000000001,77.5946,15.0,0.0,3.7169114326082004,44.477970656732225,0.0,0.0,HIGH,2
D_5,2026-09-11T15:52:32.180740,12.98010000000001,77.5946,15.0,0.0,2.3362169220351126,11.11949266561509,180.0,180.0,HIGH,2
D_5,2026-09-11T15:52:37.180740,12.980600000000011,77.5946,15.0,0.0,9.45074925451862,66.71695598796241,180.0,180.0,HIGH,2
D_5,2026-09-11T15:52:42.180740,12.981100000000012,77.5946,15.0,0.0,3.4591394184305235,122.31441931030972,180.0,180.0,HIGH,2
D_6,2026-09-11T15:51:07.182221,12.9716,77.5946,15.0,0.0,5.787906768660039,934.0373838142893,0.0,0.0,HIGH,1
D_6,2026-09-11T15:51:12.182221,12.972100000000001,77.5946,15.0,0.0,2.3971109731917783,878.439920491942,0.0,0.0,HIGH,1
D_6,2026-09-11T15:51:17.182221,12.972600000000002,77.5946,15.0,0.0,9.072547633456917,822.8424571695948,0.0,0.0,HIGH,1
D_6,2026-09-11T15:51:22.182221,12.973100000000002,77.5946,15.0,0.0,8.079695592969545,767.2449938472473,0.0,0.0,HIGH,1
D_6,2026-09-11T15:51:27.182221,12.973600000000003,77.5946,15.0,0.0,6.985942813684784,711.6475305248999,0.0,0.0,HIGH,1
D_6,2026-09-11T15:51:32.182221,12.974100000000004,77.5946,15.0,0.0,9.687138161742098,656.0500672025527,0.0,0.0,HIGH,1
D_6,2026-09-11T15:51:37.182221,12.974600000000004,77.5946,15.0,0.0,2.586288202801014,600.4526038802054,0.0,0.0,HIGH,1
D_6,2026-09-11T15:51:42.182221,12.975100000000005,77.5946,15.0,0.0,5.5122605250125485,544.855140557858,0.0,0.0,HIGH,1
D_6,2026-09-11T15:51:47.182221,12.975600000000005,77.5946,15.0,0.0,5.451785684977272,489.25767723551076,0.0,0.0,HIGH,1
D_6,2026-09-11T15:51:52.182221,12.976100000000006,77.5946,15.0,0.0,7.046714847976612,433.66021391316343,0.0,0.0,HIGH,1
D_6,2026-09-11T15:51:57.182221,12.976600000000007,77.5946,15.0,0.0,2.4909160567220043,378.06275059081617,0.0,0.0,HIGH,1
D_6,2026-09-11T15:52:02.182221,12.977100000000007,77.5946,15.0,0.0,9.024793606681776,322.4652872684688,0.0,0.0,HIGH,1
D_6,2026-09-11T15:52:07.182221,12.977600000000008,77.5946,15.0,0.0,6.611110517572972,266.86782394612146,0.0,0.0,HIGH,2
D_6,2026-09-11T15:52:12.182221,12.978100000000008,77.5946,15.0,0.0,9.57499365862264,211.27036062377417,0.0,0.0,HIGH,2
D_6,2026-09-11T15:52:17.182221,12.978600000000009,77.5946,15.0,0.0,5.1140020910513515,155.67289730142684,0.0,0.0,HIGH,2
D_6,2026-09-11T15:52:22.182221,12.97910000000001,77.5946,15.0,0.0,4.15155277929068,100.07543397907953,0.0,0.0,HIGH,2
D_6,2026-09-11T15:52:27.182221,12.97960000000001,77.5946,15.0,0.0,8.71184158246286,44.477970656732225,0.0,0.0,HIGH,2
D_6,2026-09-11T15:52:32.182221,12.98010000000001,77.5946,15.0,0.0,6.965045231979037,11.11949266561509,180.0,180.0,HIGH,2
D_6,2026-09-11T15:52:37.182221,12.980600000000011,77.5946,15.0,0.0,9.844380143951032,66.71695598796241,180.0,180.0,HIGH,2
D_6,2026-09-11T15:52:42.182221,12.981100000000012,77.5946,15.0,0.0,5.485055326340596,122.31441931030972,180.0,180.0,HIGH,2
D_7,2026-09-11T15:51:07.182221,12.9716,77.5946,15.0,0.0,7.605132277012707,934.0373838142893,0.0,0.0,HIGH,1
D_7,2026-09-11T15:51:12.182221,12.972100000000001,77.5946,15.0,0.0,8.800216581337427,878.439920491942,0.0,0.0,HIGH,1
D_7,2026-09-11T15:51:17.182221,12.972600000000002,77.5946,15.0,0.0,4.266883784840393,822.8424571695948,0.0,0.0,HIGH,1
D_7,2026-09-11T15:51:22.182221,12.973100000000002,77.5946,15.0,0.0,5.4229361054695495,767.2449938472473,0.0,0.0,HIGH,1
D_7,2026-09-11T15:51:27.182221,12.973600000000003,77.5946,15.0,0.0,8.748244592645953,711.6475305248999,0.0,0.0,HIGH,1
D_7,2026-09-11T15:51:32.182221,12.974100000000004,77.5946,15.0,0.0,4.063362816543599,656.0500672025527,0.0,0.0,HIGH,1
D_7,2026-09-11T15:51:37.182221,12.974600000000004,77.5946,15.0,0.0,8.230981123504598,600.4526038802054,0.0,0.0,HIGH,1
D_7,2026-09-11T15:51:42.182221,12.975100000000005,77.5946,15.0,0.0,4.996740366597593,544.855140557858,0.0,0.0,HIGH,1
D_7,2026-09-11T15:51:47.182221,12.975600000000005,77.5946,15.0,0.0,6.3439560909617105,489.25767723551076,0.0,0.0,HIGH,1
D_7,2026-09-11T15:51:52.182221,12.976100000000006,77.5946,15.0,0.0,8.962655189642517,433.66021391316343,0.0,0.0,HIGH,1
D_7,2026-09-11T15:51:57.182221,12.976600000000007,77.5946,15.0,0.0,9.435379024882476,378.06275059081617,0.0,0.0,HIGH,1
D_7,2026-09-11T15:52:02.182221,12.977100000000007,77.5946,15.0,0.0,7.320396744152953,322.4652872684688,0.0,0.0,HIGH,1
D_7,2026-09-11T15:52:07.182221,12.977600000000008,77.5946,15.0,0.0,9.695855299203991,266.86782394612146,0.0,0.0,HIGH,2
D_7,2026-09-11T15:52:12.182221,12.978100000000008,77.5946,15.0,0.0,7.160140849715291,211.27036062377417,0.0,0.0,HIGH,2
D_7,2026-09-11T15:52:17.182221,12.978600000000009,77.5946,15.0,0.0,9.012544006879308,155.67289730142684,0.0,0.0,HIGH,2
D_7,2026-09-11T15:52:22.182221,12.97910000000001,77.5946,15.0,0.0,3.3942199181105694,100.07543397907953,0.0,0.0,HIGH,2
D_7,2026-09-11T15:52:27.182221,12.97960000000001,77.5946,15.0,0.0,6.455652027695705,44.477970656732225,0.0,0.0,HIGH,2
D_7,2026-09-11T15:52:32.182221,12.98010000000001,77.5946,15.0,0.0,4.76355911158053,11.11949266561509,180.0,180.0,HIGH,2
D_7,2026-09-11T15:52:37.182221,12.980600000000011,77.5946,15.0,0.0,9.8669714166906,66.71695598796241,180.0,180.0,HIGH,2
D_7,2026-09-11T15:52:42.182221,12.981100000000012,77.5946,15.0,0.0,5.326962602629491,122.31441931030972,180.0,180.0,HIGH,2
D_8,2026-09-11T15:51:07.182221,12.9716,77.5946,15.0,0.0,5.602375390114818,934.0373838142893,0.0,0.0,HIGH,1
D_8,2026-09-11T15:51:12.182221,12.972100000000001,77.5946,15.0,0.0,5.923755150075954,878.439920491942,0.0,0.0,HIGH,1
D_8,2026-09-11T15:51:17.182221,12.972600000000002,77.5946,15.0,0.0,9.786155088092066,822.8424571695948,0.0,0.0,HIGH,1
D_8,2026-09-11T15:51:22.182221,12.973100000000002,77.5946,15.0,0.0,9.918746629320992,767.2449938472473,0.0,0.0,HIGH,1
D_8,2026-09-11T15:51:27.182221,12.973600000000003,77.5946,15.0,0.0,2.3679923371854645,711.6475305248999,0.0,0.0,HIGH,1
D_8,2026-09-11T15:51:32.182221,12.974100000000004,77.5946,15.0,0.0,8.936744115809246,656.0500672025527,0.0,0.0,HIGH,1
D_8,2026-09-11T15:51:37.182221,12.974600000000004,77.5946,15.0,0.0,4.625054894822877,600.4526038802054,0.0,0.0,HIGH,1
D_8,2026-09-11T15:51:42.182221,12.975100000000005,77.5946,15.0,0.0,9.748522232342069,544.855140557858,0.0,0.0,HIGH,1
D_8,2026-09-11T15:51:47.182221,12.975600000000005,77.5946,15.0,0.0,4.646987773224989,489.25767723551076,0.0,0.0,HIGH,1
D_8,2026-09-11T15:51:52.182221,12.976100000000006,77.5946,15.0,0.0,7.764234084164558,433.66021391316343,0.0,0.0,HIGH,1
D_8,2026-09-11T15:51:57.182221,12.976600000000007,77.5946,15.0,0.0,7.670004882679989,378.06275059081617,0.0,0.0,HIGH,1
D_8,2026-09-11T15:52:02.182221,12.977100000000007,77.5946,15.0,0.0,3.9741905355837375,322.4652872684688,0.0,0.0,HIGH,1
D_8,2026-09-11T15:52:07.182221,12.977600000000008,77.5946,15.0,0.0,2.794498212200235,266.86782394612146,0.0,0.0,HIGH,2
D_8,2026-09-11T15:52:12.182221,12.978100000000008,77.5946,15.0,0.0,2.0137374405465804,211.27036062377417,0.0,0.0,HIGH,2
D_8,2026-09-11T15:52:17.182221,12.978600000000009,77.5946,15.0,0.0,8.836032257427368,155.67289730142684,0.0,0.0,HIGH,2
D_8,2026-09-11T15:52:22.182221,12.97910000000001,77.5946,15.0,0.0,4.177665785143113,100.07543397907953,0.0,0.0,HIGH,2
D_8,2026-09-11T15:52:27.182221,12.97960000000001,77.5946,15.0,0.0,8.882397475015235,44.477970656732225,0.0,0.0,HIGH,2
D_8,2026-09-11T15:52:32.182221,12.98010000000001,77.5946,15.0,0.0,9.45419173308595,11.11949266561509,180.0,180.0,HIGH,2
D_8,2026-09-11T15:52:37.182221,12.980600000000011,77.5946,15.0,0.0,9.976470554710122,66.71695598796241,180.0,180.0,HIGH,2
D_8,2026-09-11T15:52:42.182221,12.981100000000012,77.5946,15.0,0.0,7.721978013882361,122.31441931030972,180.0,180.0,HIGH,2
D_9,2026-09-11T15:51:07.182221,12.9716,77.5946,15.0,0.0,4.964767061271867,934.0373838142893,0.0,0.0,HIGH,1
D_9,2026-09-11T15:51:12.182221,12.972100000000001,77.5946,15.0,0.0,6.687412804662239,878.439920491942,0.0,0.0,HIGH,1
D_9,2026-09-11T15:51:17.182221,12.972600000000002,77.5946,15.0,0.0,7.127083332984838,822.8424571695948,0.0,0.0,HIGH,1
D_9,2026-09-11T15:51:22.182221,12.973100000000002,77.5946,15.0,0.0,6.886227803151072,767.2449938472473,0.0,0.0,HIGH,1
D_9,2026-09-11T15:51:27.182221,12.973600000000003,77.5946,15.0,0.0,9.459643072917457,711.6475305248999,0.0,0.0,HIGH,1
D_9,2026-09-11T15:51:32.182221,12.974100000000004,77.5946,15.0,0.0,4.632354694816986,656.0500672025527,0.0,0.0,HIGH,1
D_9,2026-09-11T15:51:37.182221,12.974600000000004,77.5946,15.0,0.0,8.288137845526558,600.4526038802054,0.0,0.0,HIGH,1
D_9,2026-09-11T15:51:42.182221,12.975100000000005,77.5946,15.0,0.0,7.539319670312207,544.855140557858,0.0,0.0,HIGH,1
D_9,2026-09-11T15:51:47.182221,12.975600000000005,77.5946,15.0,0.0,7.821858637155258,489.25767723551076,0.0,0.0,HIGH,1
D_9,2026-09-11T15:51:52.182221,12.976100000000006,77.5946,15.0,0.0,2.5302805149981067,433.66021391316343,0.0,0.0,HIGH,1
D_9,2026-09-11T15:51:57.182221,12.976600000000007,77.5946,15.0,0.0,5.215901711130428,378.06275059081617,0.0,0.0,HIGH,1
D_9,2026-09-11T15:52:02.182221,12.977100000000007,77.5946,15.0,0.0,6.422107994634365,322.4652872684688,0.0,0.0,HIGH,1
D_9,2026-09-11T15:52:07.182221,12.977600000000008,77.5946,15.0,0.0,9.558614012607421,266.86782394612146,0.0,0.0,HIGH,2
D_9,2026-09-11T15:52:12.182221,12.978100000000008,77.5946,15.0,0.0,9.879096553393131,211.27036062377417,0.0,0.0,HIGH,2
D_9,2026-09-11T15:52:17.182221,12.978600000000009,77.5946,15.0,0.0,8.903710486449988,155.67289730142684,0.0,0.0,HIGH,2
D_9,2026-09-11T15:52:22.182221,12.97910000000001,77.5946,15.0,0.0,3.916051712125883,100.07543397907953,0.0,0.0,HIGH,2
D_9,2026-09-11T15:52:27.182221,12.97960000000001,77.5946,15.0,0.0,4.008742217920208,44.477970656732225,0.0,0.0,HIGH,2
D_9,2026-09-11T15:52:32.182221,12.98010000000001,77.5946,15.0,0.0,2.990424229179398,11.11949266561509,180.0,180.0,HIGH,2
D_9,2026-09-11T15:52:37.182221,12.980600000000011,77.5946,15.0,0.0,3.8619319487226154,66.71695598796241,180.0,180.0,HIGH,2
D_9,2026-09-11T15:52:42.182221,12.981100000000012,77.5946,15.0,0.0,2.6683451135642295,122.31441931030972,180.0,180.0,HIGH,2
D_10,2026-09-11T15:51:07.182221,12.9716,77.5946,15.0,0.0,8.81083224902046,934.0373838142893,0.0,0.0,HIGH,1
D_10,2026-09-11T15:51:12.182221,12.972100000000001,77.5946,15.0,0.0,9.178924449077257,878.439920491942,0.0,0.0,HIGH,1
D_10,2026-09-11T15:51:17.182221,12.972600000000002,77.5946,15.0,0.0,3.1311369919802443,822.8424571695948,0.0,0.0,HIGH,1
D_10,2026-09-11T15:51:22.182221,12.973100000000002,77.5946,15.0,0.0,8.527781887476273,767.2449938472473,0.0,0.0,HIGH,1
D_10,2026-09-11T15:51:27.182221,12.973600000000003,77.5946,15.0,0.0,2.63433967384303,711.6475305248999,0.0,0.0,HIGH,1
D_10,2026-09-11T15:51:32.182221,12.974100000000004,77.5946,15.0,0.0,5.86243636490986,656.0500672025527,0.0,0.0,HIGH,1
D_10,2026-09-11T15:51:37.182221,12.974600000000004,77.5946,15.0,0.0,3.775316588725496,600.4526038802054,0.0,0.0,HIGH,1
D_10,2026-09-11T15:51:42.182221,12.975100000000005,77.5946,15.0,0.0,4.5321738077928595,544.855140557858,0.0,0.0,HIGH,1
D_10,2026-09-11T15:51:47.182221,12.975600000000005,77.5946,15.0,0.0,8.045536383605185,489.25767723551076,0.0,0.0,HIGH,1
D_10,2026-09-11T15:51:52.182221,12.976100000000006,77.5946,15.0,0.0,9.463062045142905,433.66021391316343,0.0,0.0,HIGH,1
D_10,2026-09-11T15:51:57.182221,12.976600000000007,77.5946,15.0,0.0,4.364306219871637,378.06275059081617,0.0,0.0,HIGH,1
D_10,2026-09-11T15:52:02.182221,12.977100000000007,77.5946,15.0,0.0,4.301877822596931,322.4652872684688,0.0,0.0,HIGH,1
D_10,2026-09-11T15:52:07.182221,12.977600000000008,77.5946,15.0,0.0,3.7296620481055784,266.86782394612146,0.0,0.0,HIGH,2
D_10,2026-09-11T15:52:12.182221,12.978100000000008,77.5946,15.0,0.0,3.707156665660853,211.27036062377417,0.0,0.0,HIGH,2
D_10,2026-09-11T15:52:17.182221,12.978600000000009,77.5946,15.0,0.0,2.695692902389789,155.67289730142684,0.0,0.0,HIGH,2
D_10,2026-09-11T15:52:22.182221,12.97910000000001,77.5946,15.0,0.0,2.1720270728504234,100.07543397907953,0.0,0.0,HIGH,2
D_10,2026-09-11T15:52:27.182221,12.97960000000001,77.5946,15.0,0.0,6.773380330142102,44.477970656732225,0.0,0.0,HIGH,2
D_10,2026-09-11T15:52:32.182221,12.98010000000001,77.5946,15.0,0.0,4.346452784349808,11.11949266561509,180.0,180.0,HIGH,2
D_10,2026-09-11T15:52:37.182221,12.980600000000011,77.5946,15.0,0.0,8.15776881567604,66.71695598796241,180.0,180.0,HIGH,2
D_10,2026-09-11T15:52:42.182221,12.981100000000012,77.5946,15.0,0.0,9.899801427266045,122.31441931030972,180.0,180.0,HIGH,2
D_11,2026-09-11T15:51:07.185541,12.9716,77.5946,15.0,0.0,3.8640957116544987,934.0373838142893,0.0,0.0,HIGH,1
D_11,2026-09-11T15:51:12.185541,12.972100000000001,77.5946,15.0,0.0,3.376425557426554,878.439920491942,0.0,0.0,HIGH,1
D_11,2026-09-11T15:51:17.185541,12.972600000000002,77.5946,15.0,0.0,7.207706599594534,822.8424571695948,0.0,0.0,HIGH,1
D_11,2026-09-11T15:51:22.185541,12.973100000000002,77.5946,15.0,0.0,5.890587324063127,767.2449938472473,0.0,0.0,HIGH,1
D_11,2026-09-11T15:51:27.185541,12.973600000000003,77.5946,15.0,0.0,6.928853735580394,711.6475305248999,0.0,0.0,HIGH,1
D_11,2026-09-11T15:51:32.185541,12.974100000000004,77.5946,15.0,0.0,4.739466226622071,656.0500672025527,0.0,0.0,HIGH,1
D_11,2026-09-11T15:51:37.185541,12.974600000000004,77.5946,15.0,0.0,7.872252286060468,600.4526038802054,0.0,0.0,HIGH,1
D_11,2026-09-11T15:51:42.185541,12.975100000000005,77.5946,15.0,0.0,9.647190126596797,544.855140557858,0.0,0.0,HIGH,1
D_11,2026-09-11T15:51:47.185541,12.975600000000005,77.5946,15.0,0.0,4.070937008571644,489.25767723551076,0.0,0.0,HIGH,1
D_11,2026-09-11T15:51:52.185541,12.976100000000006,77.5946,15.0,0.0,8.253638479631892,433.66021391316343,0.0,0.0,HIGH,1
D_11,2026-09-11T15:51:57.185541,12.976600000000007,77.5946,15.0,0.0,7.874378128183,378.06275059081617,0.0,0.0,HIGH,1
D_11,2026-09-11T15:52:02.185541,12.977100000000007,77.5946,15.0,0.0,4.755375123610501,322.4652872684688,0.0,0.0,HIGH,1
D_11,2026-09-11T15:52:07.185541,12.977600000000008,77.5946,15.0,0.0,4.09386133330856,266.86782394612146,0.0,0.0,HIGH,2
D_11,2026-09-11T15:52:12.185541,12.978100000000008,77.5946,15.0,0.0,8.642774733470318,211.27036062377417,0.0,0.0,HIGH,2
D_11,2026-09-11T15:52:17.185541,12.978600000000009,77.5946,15.0,0.0,3.251853472802094,155.67289730142684,0.0,0.0,HIGH,2
D_11,2026-09-11T15:52:22.185541,12.97910000000001,77.5946,15.0,0.0,7.6960833684046,100.07543397907953,0.0,0.0,HIGH,2
D_11,2026-09-11T15:52:27.185541,12.97960000000001,77.5946,15.0,0.0,9.357566816192929,44.477970656732225,0.0,0.0,HIGH,2
D_11,2026-09-11T15:52:32.185541,12.98010000000001,77.5946,15.0,0.0,2.9473818823704976,11.11949266561509,180.0,180.0,HIGH,2
D_11,2026-09-11T15:52:37.185541,12.980600000000011,77.5946,15.0,0.0,6.86702269402363,66.71695598796241,180.0,180.0,HIGH,2
D_11,2026-09-11T15:52:42.185541,12.981100000000012,77.5946,15.0,0.0,2.581881365847466,122.31441931030972,180.0,180.0,HIGH,2
D_12,2026-09-11T15:51:07.186713,12.9716,77.5946,15.0,0.0,9.38595429129525,934.0373838142893,0.0,0.0,HIGH,1
D_12,2026-09-11T15:51:12.186713,12.972100000000001,77.5946,15.0,0.0,4.312722613808256,878.439920491942,0.0,0.0,HIGH,1
D_12,2026-09-11T15:51:17.186713,12.972600000000002,77.5946,15.0,0.0,2.2541685303360905,822.8424571695948,0.0,0.0,HIGH,1
D_12,2026-09-11T15:51:22.186713,12.973100000000002,77.5946,15.0,0.0,5.082095350739724,767.2449938472473,0.0,0.0,HIGH,1
D_12,2026-09-11T15:51:27.186713,12.973600000000003,77.5946,15.0,0.0,2.143584604074393,711.6475305248999,0.0,0.0,HIGH,1
D_12,2026-09-11T15:51:32.186713,12.974100000000004,77.5946,15.0,0.0,7.959047145572252,656.0500672025527,0.0,0.0,HIGH,1
D_12,2026-09-11T15:51:37.186713,12.974600000000004,77.5946,15.0,0.0,2.8265843151045775,600.4526038802054,0.0,0.0,HIGH,1
D_12,2026-09-11T15:51:42.186713,12.975100000000005,77.5946,15.0,0.0,4.033989686149443,544.855140557858,0.0,0.0,HIGH,1
D_12,2026-09-11T15:51:47.186713,12.975600000000005,77.5946,15.0,0.0,7.8864084095369185,489.25767723551076,0.0,0.0,HIGH,1
D_12,2026-09-11T15:51:52.186713,12.976100000000006,77.5946,15.0,0.0,6.9402094720510705,433.66021391316343,0.0,0.0,HIGH,1
D_12,2026-09-11T15:51:57.186713,12.976600000000007,77.5946,15.0,0.0,3.1007642416704817,378.06275059081617,0.0,0.0,HIGH,1
D_12,2026-09-11T15:52:02.186713,12.977100000000007,77.5946,15.0,0.0,8.363549085811174,322.4652872684688,0.0,0.0,HIGH,1
D_12,2026-09-11T15:52:07.186713,12.977600000000008,77.5946,15.0,0.0,3.5034419053254044,266.86782394612146,0.0,0.0,HIGH,2
D_12,2026-09-11T15:52:12.186713,12.978100000000008,77.5946,15.0,0.0,7.078559541504219,211.27036062377417,0.0,0.0,HIGH,2
D_12,2026-09-11T15:52:17.186713,12.978600000000009,77.5946,15.0,0.0,3.216977934835982,155.67289730142684,0.0,0.0,HIGH,2
D_12,2026-09-11T15:52:22.186713,12.97910000000001,77.5946,15.0,0.0,2.516572115970564,100.07543397907953,0.0,0.0,HIGH,2
D_12,2026-09-11T15:52:27.186713,12.97960000000001,77.5946,15.0,0.0,6.11090380201216,44.477970656732225,0.0,0.0,HIGH,2
D_12,2026-09-11T15:52:32.186713,12.98010000000001,77.5946,15.0,0.0,5.708697288999282,11.11949266561509,180.0,180.0,HIGH,2
D_12,2026-09-11T15:52:37.186713,12.980600000000011,77.5946,15.0,0.0,6.990979851614526,66.71695598796241,180.0,180.0,HIGH,2
D_12,2026-09-11T15:52:42.186713,12.981100000000012,77.5946,15.0,0.0,3.717617838173438,122.31441931030972,180.0,180.0,HIGH,2
D_13,2026-09-11T15:51:07.186713,12.9716,77.5946,15.0,0.0,8.863839771154485,934.0373838142893,0.0,0.0,HIGH,1
D_13,2026-09-11T15:51:12.186713,12.972100000000001,77.5946,15.0,0.0,4.267355645798611,878.439920491942,0.0,0.0,HIGH,1
D_13,2026-09-11T15:51:17.186713,12.972600000000002,77.5946,15.0,0.0,2.364983656891318,822.8424571695948,0.0,0.0,HIGH,1
D_13,2026-09-11T15:51:22.186713,12.973100000000002,77.5946,15.0,0.0,2.8273078097645605,767.2449938472473,0.0,0.0,HIGH,1
D_13,2026-09-11T15:51:27.186713,12.973600000000003,77.5946,15.0,0.0,6.209943311438895,711.6475305248999,0.0,0.0,HIGH,1
D_13,2026-09-11T15:51:32.186713,12.974100000000004,77.5946,15.0,0.0,9.161346775581187,656.0500672025527,0.0,0.0,HIGH,1
D_13,2026-09-11T15:51:37.186713,12.974600000000004,77.5946,15.0,0.0,9.717122860064261,600.4526038802054,0.0,0.0,HIGH,1
D_13,2026-09-11T15:51:42.186713,12.975100000000005,77.5946,15.0,0.0,6.344873167737926,544.855140557858,0.0,0.0,HIGH,1
D_13,2026-09-11T15:51:47.186713,12.975600000000005,77.5946,15.0,0.0,9.65097390021566,489.25767723551076,0.0,0.0,HIGH,1
D_13,2026-09-11T15:51:52.186713,12.976100000000006,77.5946,15.0,0.0,2.27446651111769,433.66021391316343,0.0,0.0,HIGH,1
D_13,2026-09-11T15:51:57.186713,12.976600000000007,77.5946,15.0,0.0,5.405767670998567,378.06275059081617,0.0,0.0,HIGH,1
D_13,2026-09-11T15:52:02.186713,12.977100000000007,77.5946,15.0,0.0,6.040428326528141,322.4652872684688,0.0,0.0,HIGH,1
D_13,2026-09-11T15:52:07.186713,12.977600000000008,77.5946,15.0,0.0,2.0905826955780826,266.86782394612146,0.0,0.0,HIGH,2
D_13,2026-09-11T15:52:12.186713,12.978100000000008,77.5946,15.0,0.0,2.0628120991095447,211.27036062377417,0.0,0.0,HIGH,2
D_13,2026-09-11T15:52:17.186713,12.978600000000009,77.5946,15.0,0.0,3.6296870798051817,155.67289730142684,0.0,0.0,HIGH,2
D_13,2026-09-11T15:52:22.186713,12.97910000000001,77.5946,15.0,0.0,5.189301240262957,100.07543397907953,0.0,0.0,HIGH,2
D_13,2026-09-11T15:52:27.186713,12.97960000000001,77.5946,15.0,0.0,2.745036701255141,44.477970656732225,0.0,0.0,HIGH,2
D_13,2026-09-11T15:52:32.186713,12.98010000000001,77.5946,15.0,0.0,7.274944835288058,11.11949266561509,180.0,180.0,HIGH,2
D_13,2026-09-11T15:52:37.186713,12.980600000000011,77.5946,15.0,0.0,8.71039570974494,66.71695598796241,180.0,180.0,HIGH,2
D_13,2026-09-11T15:52:42.186713,12.981100000000012,77.5946,15.0,0.0,8.476801796132303,122.31441931030972,180.0,180.0,HIGH,2
D_14,2026-09-11T15:51:07.187461,12.9716,77.5946,15.0,0.0,2.173542710281164,934.0373838142893,0.0,0.0,HIGH,1
D_14,2026-09-11T15:51:12.187461,12.972100000000001,77.5946,15.0,0.0,2.680391895964224,878.439920491942,0.0,0.0,HIGH,1
D_14,2026-09-11T15:51:17.187461,12.972600000000002,77.5946,15.0,0.0,9.131648657387093,822.8424571695948,0.0,0.0,HIGH,1
D_14,2026-09-11T15:51:22.187461,12.973100000000002,77.5946,15.0,0.0,4.442099831750923,767.2449938472473,0.0,0.0,HIGH,1
D_14,2026-09-11T15:51:27.187461,12.973600000000003,77.5946,15.0,0.0,7.525533527639383,711.6475305248999,0.0,0.0,HIGH,1
D_14,2026-09-11T15:51:32.187461,12.974100000000004,77.5946,15.0,0.0,3.4173584769167586,656.0500672025527,0.0,0.0,HIGH,1
D_14,2026-09-11T15:51:37.187461,12.974600000000004,77.5946,15.0,0.0,5.369466634435085,600.4526038802054,0.0,0.0,HIGH,1
D_14,2026-09-11T15:51:42.187461,12.975100000000005,77.5946,15.0,0.0,4.632186324542963,544.855140557858,0.0,0.0,HIGH,1
D_14,2026-09-11T15:51:47.187461,12.975600000000005,77.5946,15.0,0.0,5.3286555750445626,489.25767723551076,0.0,0.0,HIGH,1
D_14,2026-09-11T15:51:52.187461,12.976100000000006,77.5946,15.0,0.0,4.909798892172002,433.66021391316343,0.0,0.0,HIGH,1
D_14,2026-09-11T15:51:57.187461,12.976600000000007,77.5946,15.0,0.0,4.167791452057175,378.06275059081617,0.0,0.0,HIGH,1
D_14,2026-09-11T15:52:02.187461,12.977100000000007,77.5946,15.0,0.0,7.762081526007663,322.4652872684688,0.0,0.0,HIGH,1
D_14,2026-09-11T15:52:07.187461,12.977600000000008,77.5946,15.0,0.0,9.309766243240926,266.86782394612146,0.0,0.0,HIGH,2
D_14,2026-09-11T15:52:12.187461,12.978100000000008,77.5946,15.0,0.0,5.496568592368207,211.27036062377417,0.0,0.0,HIGH,2
D_14,2026-09-11T15:52:17.187461,12.978600000000009,77.5946,15.0,0.0,3.6924944776064246,155.67289730142684,0.0,0.0,HIGH,2
D_14,2026-09-11T15:52:22.187461,12.97910000000001,77.5946,15.0,0.0,9.107762504087896,100.07543397907953,0.0,0.0,HIGH,2
D_14,2026-09-11T15:52:27.187461,12.97960000000001,77.5946,15.0,0.0,3.1389404808581673,44.477970656732225,0.0,0.0,HIGH,2
D_14,2026-09-11T15:52:32.187461,12.98010000000001,77.5946,15.0,0.0,7.053505959679094,11.11949266561509,180.0,180.0,HIGH,2
D_14,2026-09-11T15:52:37.187461,12.980600000000011,77.5946,15.0,0.0,3.209441148393327,66.71695598796241,180.0,180.0,HIGH,2
D_14,2026-09-11T15:52:42.187461,12.981100000000012,77.5946,15.0,0.0,8.06049396015703,122.31441931030972,180.0,180.0,HIGH,2
D_15,2026-09-11T15:51:07.187461,12.9716,77.5946,15.0,0.0,8.869580508109769,934.0373838142893,0.0,0.0,HIGH,1
D_15,2026-09-11T15:51:12.187461,12.972100000000001,77.5946,15.0,0.0,5.033140541551827,878.439920491942,0.0,0.0,HIGH,1
D_15,2026-09-11T15:51:17.187461,12.972600000000002,77.5946,15.0,0.0,2.0558644685051295,822.8424571695948,0.0,0.0,HIGH,1
D_15,2026-09-11T15:51:22.187461,12.973100000000002,77.5946,15.0,0.0,2.121079963788259,767.2449938472473,0.0,0.0,HIGH,1
D_15,2026-09-11T15:51:27.187461,12.973600000000003,77.5946,15.0,0.0,4.626612201990867,711.6475305248999,0.0,0.0,HIGH,1
D_15,2026-09-11T15:51:32.187461,12.974100000000004,77.5946,15.0,0.0,8.11380396077888,656.0500672025527,0.0,0.0,HIGH,1
D_15,2026-09-11T15:51:37.187461,12.974600000000004,77.5946,15.0,0.0,2.3366034757907954,600.4526038802054,0.0,0.0,HIGH,1
D_15,2026-09-11T15:51:42.187461,12.975100000000005,77.5946,15.0,0.0,3.859429933931408,544.855140557858,0.0,0.0,HIGH,1
D_15,2026-09-11T15:51:47.187461,12.975600000000005,77.5946,15.0,0.0,9.960845195519731,489.25767723551076,0.0,0.0,HIGH,1
D_15,2026-09-11T15:51:52.187461,12.976100000000006,77.5946,15.0,0.0,4.233474817715747,433.66021391316343,0.0,0.0,HIGH,1
D_15,2026-09-11T15:51:57.187461,12.976600000000007,77.5946,15.0,0.0,7.3523472109389845,378.06275059081617,0.0,0.0,HIGH,1
D_15,2026-09-11T15:52:02.187461,12.977100000000007,77.5946,15.0,0.0,5.784111607490422,322.4652872684688,0.0,0.0,HIGH,1
D_15,2026-09-11T15:52:07.187461,12.977600000000008,77.5946,15.0,0.0,8.70888494804869,266.86782394612146,0.0,0.0,HIGH,2
D_15,2026-09-11T15:52:12.187461,12.978100000000008,77.5946,15.0,0.0,7.42495583481138,211.27036062377417,0.0,0.0,HIGH,2
D_15,2026-09-11T15:52:17.187461,12.978600000000009,77.5946,15.0,0.0,7.206674344988578,155.67289730142684,0.0,0.0,HIGH,2
D_15,2026-09-11T15:52:22.187461,12.97910000000001,77.5946,15.0,0.0,5.915302302260608,100.07543397907953,0.0,0.0,HIGH,2
D_15,2026-09-11T15:52:27.187461,12.97960000000001,77.5946,15.0,0.0,5.01012754636142,44.477970656732225,0.0,0.0,HIGH,2
D_15,2026-09-11T15:52:32.187461,12.98010000000001,77.5946,15.0,0.0,2.379771614797378,11.11949266561509,180.0,180.0,HIGH,2
D_15,2026-09-11T15:52:37.187461,12.980600000000011,77.5946,15.0,0.0,9.499284988950777,66.71695598796241,180.0,180.0,HIGH,2
D_15,2026-09-11T15:52:42.187461,12.981100000000012,77.5946,15.0,0.0,8.555937120369137,122.31441931030972,180.0,180.0,HIGH,2
D_16,2026-09-11T15:51:07.187461,12.9716,77.5946,15.0,0.0,2.7912633347588365,934.0373838142893,0.0,0.0,HIGH,1
D_16,2026-09-11T15:51:12.187461,12.972100000000001,77.5946,15.0,0.0,6.677802230386527,878.439920491942,0.0,0.0,HIGH,1
D_16,2026-09-11T15:51:17.187461,12.972600000000002,77.5946,15.0,0.0,8.711719514772387,822.8424571695948,0.0,0.0,HIGH,1
D_16,2026-09-11T15:51:22.187461,12.973100000000002,77.5946,15.0,0.0,5.124226321169009,767.2449938472473,0.0,0.0,HIGH,1
D_16,2026-09-11T15:51:27.187461,12.973600000000003,77.5946,15.0,0.0,3.249523182539243,711.6475305248999,0.0,0.0,HIGH,1
D_16,2026-09-11T15:51:32.187461,12.974100000000004,77.5946,15.0,0.0,8.289986390916862,656.0500672025527,0.0,0.0,HIGH,1
D_16,2026-09-11T15:51:37.187461,12.974600000000004,77.5946,15.0,0.0,8.219325841930484,600.4526038802054,0.0,0.0,HIGH,1
D_16,2026-09-11T15:51:42.187461,12.975100000000005,77.5946,15.0,0.0,7.882574503454588,544.855140557858,0.0,0.0,HIGH,1
D_16,2026-09-11T15:51:47.187461,12.975600000000005,77.5946,15.0,0.0,6.300741030689874,489.25767723551076,0.0,0.0,HIGH,1
D_16,2026-09-11T15:51:52.187461,12.976100000000006,77.5946,15.0,0.0,5.671961403248266,433.66021391316343,0.0,0.0,HIGH,1
D_16,2026-09-11T15:51:57.187461,12.976600000000007,77.5946,15.0,0.0,3.678519121691492,378.06275059081617,0.0,0.0,HIGH,1
D_16,2026-09-11T15:52:02.187461,12.977100000000007,77.5946,15.0,0.0,7.12343858803065,322.4652872684688,0.0,0.0,HIGH,1
D_16,2026-09-11T15:52:07.187461,12.977600000000008,77.5946,15.0,0.0,4.669850173447966,266.86782394612146,0.0,0.0,HIGH,2
D_16,2026-09-11T15:52:12.187461,12.978100000000008,77.5946,15.0,0.0,8.124540789642566,211.27036062377417,0.0,0.0,HIGH,2
D_16,2026-09-11T15:52:17.187461,12.978600000000009,77.5946,15.0,0.0,6.852572068839636,155.67289730142684,0.0,0.0,HIGH,2
D_16,2026-09-11T15:52:22.187461,12.97910000000001,77.5946,15.0,0.0,2.9131502138826884,100.07543397907953,0.0,0.0,HIGH,2
D_16,2026-09-11T15:52:27.187461,12.97960000000001,77.5946,15.0,0.0,3.88245729017431,44.477970656732225,0.0,0.0,HIGH,2
D_16,2026-09-11T15:52:32.187461,12.98010000000001,77.5946,15.0,0.0,4.538979920314526,11.11949266561509,180.0,180.0,HIGH,2
D_16,2026-09-11T15:52:37.187461,12.980600000000011,77.5946,15.0,0.0,7.723724799237647,66.71695598796241,180.0,180.0,HIGH,2
D_16,2026-09-11T15:52:42.187461,12.981100000000012,77.5946,15.0,0.0,8.271213281380682,122.31441931030972,180.0,180.0,HIGH,2
D_17,2026-09-11T15:51:07.187461,12.9716,77.5946,15.0,0.0,3.595640879211544,934.0373838142893,0.0,0.0,HIGH,1
D_17,2026-09-11T15:51:12.187461,12.972100000000001,77.5946,15.0,0.0,8.070183108909116,878.439920491942,0.0,0.0,HIGH,1
D_17,2026-09-11T15:51:17.187461,12.972600000000002,77.5946,15.0,0.0,2.9066932591951495,822.8424571695948,0.0,0.0,HIGH,1
D_17,2026-09-11T15:51:22.187461,12.973100000000002,77.5946,15.0,0.0,3.2612197255885977,767.2449938472473,0.0,0.0,HIGH,1
D_17,2026-09-11T15:51:27.187461,12.973600000000003,77.5946,15.0,0.0,3.3464139728709545,711.6475305248999,0.0,0.0,HIGH,1
D_17,2026-09-11T15:51:32.187461,12.974100000000004,77.5946,15.0,0.0,7.806213222392058,656.0500672025527,0.0,0.0,HIGH,1
D_17,2026-09-11T15:51:37.187461,12.974600000000004,77.5946,15.0,0.0,6.788777248085273,600.4526038802054,0.0,0.0,HIGH,1
D_17,2026-09-11T15:51:42.187461,12.975100000000005,77.5946,15.0,0.0,8.118184828807127,544.855140557858,0.0,0.0,HIGH,1
D_17,2026-09-11T15:51:47.187461,12.975600000000005,77.5946,15.0,0.0,9.882181595292522,489.25767723551076,0.0,0.0,HIGH,1
D_17,2026-09-11T15:51:52.187461,12.976100000000006,77.5946,15.0,0.0,5.156523551230126,433.66021391316343,0.0,0.0,HIGH,1
D_17,2026-09-11T15:51:57.187461,12.976600000000007,77.5946,15.0,0.0,7.022739370264964,378.06275059081617,0.0,0.0,HIGH,1
D_17,2026-09-11T15:52:02.187461,12.977100000000007,77.5946,15.0,0.0,9.023685789592001,322.4652872684688,0.0,0.0,HIGH,1
D_17,2026-09-11T15:52:07.187461,12.977600000000008,77.5946,15.0,0.0,9.704236794581016,266.86782394612146,0.0,0.0,HIGH,2
D_17,2026-09-11T15:52:12.187461,12.978100000000008,77.5946,15.0,0.0,4.097782909374955,211.27036062377417,0.0,0.0,HIGH,2
D_17,2026-09-11T15:52:17.187461,12.978600000000009,77.5946,15.0,0.0,9.475550632653162,155.67289730142684,0.0,0.0,HIGH,2
D_17,2026-09-11T15:52:22.187461,12.97910000000001,77.5946,15.0,0.0,3.1804993792926224,100.07543397907953,0.0,0.0,HIGH,2
D_17,2026-09-11T15:52:27.187461,12.97960000000001,77.5946,15.0,0.0,9.923800746974116,44.477970656732225,0.0,0.0,HIGH,2
D_17,2026-09-11T15:52:32.187461,12.98010000000001,77.5946,15.0,0.0,3.7726008995405085,11.11949266561509,180.0,180.0,HIGH,2
D_17,2026-09-11T15:52:37.187461,12.980600000000011,77.5946,15.0,0.0,2.037256987572163,66.71695598796241,180.0,180.0,HIGH,2
D_17,2026-09-11T15:52:42.187461,12.981100000000012,77.5946,15.0,0.0,8.222933094698703,122.31441931030972,180.0,180.0,HIGH,2
D_18,2026-09-11T15:51:07.187461,12.9716,77.5946,15.0,0.0,5.746744143742241,934.0373838142893,0.0,0.0,HIGH,1
D_18,2026-09-11T15:51:12.187461,12.972100000000001,77.5946,15.0,0.0,9.758469022656366,878.439920491942,0.0,0.0,HIGH,1
D_18,2026-09-11T15:51:17.187461,12.972600000000002,77.5946,15.0,0.0,5.918260620375577,822.8424571695948,0.0,0.0,HIGH,1
D_18,2026-09-11T15:51:22.187461,12.973100000000002,77.5946,15.0,0.0,2.8482818701696964,767.2449938472473,0.0,0.0,HIGH,1
D_18,2026-09-11T15:51:27.187461,12.973600000000003,77.5946,15.0,0.0,2.1982337346182943,711.6475305248999,0.0,0.0,HIGH,1
D_18,2026-09-11T15:51:32.187461,12.974100000000004,77.5946,15.0,0.0,9.972365709047605,656.0500672025527,0.0,0.0,HIGH,1
D_18,2026-09-11T15:51:37.187461,12.974600000000004,77.5946,15.0,0.0,9.055507480751979,600.4526038802054,0.0,0.0,HIGH,1
D_18,2026-09-11T15:51:42.187461,12.975100000000005,77.5946,15.0,0.0,4.277056780404176,544.855140557858,0.0,0.0,HIGH,1
D_18,2026-09-11T15:51:47.187461,12.975600000000005,77.5946,15.0,0.0,7.464330972190712,489.25767723551076,0.0,0.0,HIGH,1
D_18,2026-09-11T15:51:52.187461,12.976100000000006,77.5946,15.0,0.0,3.8976182025443187,433.66021391316343,0.0,0.0,HIGH,1
D_18,2026-09-11T15:51:57.187461,12.976600000000007,77.5946,15.0,0.0,6.489054228305334,378.06275059081617,0.0,0.0,HIGH,1
D_18,2026-09-11T15:52:02.187461,12.977100000000007,77.5946,15.0,0.0,2.102870032034212,322.4652872684688,0.0,0.0,HIGH,1
D_18,2026-09-11T15:52:07.187461,12.977600000000008,77.5946,15.0,0.0,3.0505524339210046,266.86782394612146,0.0,0.0,HIGH,2
D_18,2026-09-11T15:52:12.187461,12.978100000000008,77.5946,15.0,0.0,7.3314525297280015,211.27036062377417,0.0,0.0,HIGH,2
D_18,2026-09-11T15:52:17.187461,12.978600000000009,77.5946,15.0,0.0,9.857914288114767,155.67289730142684,0.0,0.0,HIGH,2
D_18,2026-09-11T15:52:22.187461,12.97910000000001,77.5946,15.0,0.0,9.051889690115011,100.07543397907953,0.0,0.0,HIGH,2
D_18,2026-09-11T15:52:27.187461,12.97960000000001,77.5946,15.0,0.0,8.439354165385032,44.477970656732225,0.0,0.0,HIGH,2
D_18,2026-09-11T15:52:32.187461,12.98010000000001,77.5946,15.0,0.0,5.498841684862552,11.11949266561509,180.0,180.0,HIGH,2
D_18,2026-09-11T15:52:37.187461,12.980600000000011,77.5946,15.0,0.0,7.929492023305728,66.71695598796241,180.0,180.0,HIGH,2
D_18,2026-09-11T15:52:42.187461,12.981100000000012,77.5946,15.0,0.0,2.6657985092922045,122.31441931030972,180.0,180.0,HIGH,2
D_19,2026-09-11T15:51:07.187461,12.9716,77.5946,15.0,0.0,5.713017787296347,934.0373838142893,0.0,0.0,HIGH,1
D_19,2026-09-11T15:51:12.187461,12.972100000000001,77.5946,15.0,0.0,2.046789600067515,878.439920491942,0.0,0.0,HIGH,1
D_19,2026-09-11T15:51:17.187461,12.972600000000002,77.5946,15.0,0.0,2.3376005514701266,822.8424571695948,0.0,0.0,HIGH,1
D_19,2026-09-11T15:51:22.187461,12.973100000000002,77.5946,15.0,0.0,2.9966290368824122,767.2449938472473,0.0,0.0,HIGH,1
D_19,2026-09-11T15:51:27.187461,12.973600000000003,77.5946,15.0,0.0,6.67807661432868,711.6475305248999,0.0,0.0,HIGH,1
D_19,2026-09-11T15:51:32.187461,12.974100000000004,77.5946,15.0,0.0,2.5208717294201124,656.0500672025527,0.0,0.0,HIGH,1
D_19,2026-09-11T15:51:37.187461,12.974600000000004,77.5946,15.0,0.0,8.93195963735766,600.4526038802054,0.0,0.0,HIGH,1
D_19,2026-09-11T15:51:42.187461,12.975100000000005,77.5946,15.0,0.0,3.8860764459826544,544.855140557858,0.0,0.0,HIGH,1
D_19,2026-09-11T15:51:47.187461,12.975600000000005,77.5946,15.0,0.0,2.4116351768085984,489.25767723551076,0.0,0.0,HIGH,1
D_19,2026-09-11T15:51:52.187461,12.976100000000006,77.5946,15.0,0.0,3.4017065824756916,433.66021391316343,0.0,0.0,HIGH,1
D_19,2026-09-11T15:51:57.187461,12.976600000000007,77.5946,15.0,0.0,8.941011534032995,378.06275059081617,0.0,0.0,HIGH,1
D_19,2026-09-11T15:52:02.187461,12.977100000000007,77.5946,15.0,0.0,9.619161385070026,322.4652872684688,0.0,0.0,HIGH,1
D_19,2026-09-11T15:52:07.187461,12.977600000000008,77.5946,15.0,0.0,2.461037048215333,266.86782394612146,0.0,0.0,HIGH,2
D_19,2026-09-11T15:52:12.187461,12.978100000000008,77.5946,15.0,0.0,9.400409737177345,211.27036062377417,0.0,0.0,HIGH,2
D_19,2026-09-11T15:52:17.187461,12.978600000000009,77.5946,15.0,0.0,2.4325267483344932,155.67289730142684,0.0,0.0,HIGH,2
D_19,2026-09-11T15:52:22.187461,12.97910000000001,77.5946,15.0,0.0,8.504780092487056,100.07543397907953,0.0,0.0,HIGH,2
D_19,2026-09-11T15:52:27.187461,12.97960000000001,77.5946,15.0,0.0,5.569127510948594,44.477970656732225,0.0,0.0,HIGH,2
D_19,2026-09-11T15:52:32.187461,12.98010000000001,77.5946,15.0,0.0,6.488043655499333,11.11949266561509,180.0,180.0,HIGH,2
D_19,2026-09-11T15:52:37.187461,12.980600000000011,77.5946,15.0,0.0,3.0425622758570166,66.71695598796241,180.0,180.0,HIGH,2
D_19,2026-09-11T15:52:42.187461,12.981100000000012,77.5946,15.0,0.0,2.1811527930521812,122.31441931030972,180.0,180.0,HIGH,2
D_20,2026-09-11T15:51:07.187461,12.9716,77.5946,15.0,0.0,5.905567377888092,934.0373838142893,0.0,0.0,HIGH,1
D_20,2026-09-11T15:51:12.187461,12.972100000000001,77.5946,15.0,0.0,5.3597035196069145,878.439920491942,0.0,0.0,HIGH,1
D_20,2026-09-11T15:51:17.187461,12.972600000000002,77.5946,15.0,0.0,6.711870885612748,822.8424571695948,0.0,0.0,HIGH,1
D_20,2026-09-11T15:51:22.187461,12.973100000000002,77.5946,15.0,0.0,7.45844207113603,767.2449938472473,0.0,0.0,HIGH,1
D_20,2026-09-11T15:51:27.187461,12.973600000000003,77.5946,15.0,0.0,8.862458080768322,711.6475305248999,0.0,0.0,HIGH,1
D_20,2026-09-11T15:51:32.187461,12.974100000000004,77.5946,15.0,0.0,5.153252422998673,656.0500672025527,0.0,0.0,HIGH,1
D_20,2026-09-11T15:51:37.187461,12.974600000000004,77.5946,15.0,0.0,2.319517977280541,600.4526038802054,0.0,0.0,HIGH,1
D_20,2026-09-11T15:51:42.187461,12.975100000000005,77.5946,15.0,0.0,2.1023465010497064,544.855140557858,0.0,0.0,HIGH,1
D_20,2026-09-11T15:51:47.187461,12.975600000000005,77.5946,15.0,0.0,6.538509401078391,489.25767723551076,0.0,0.0,HIGH,1
D_20,2026-09-11T15:51:52.187461,12.976100000000006,77.5946,15.0,0.0,2.011788149588252,433.66021391316343,0.0,0.0,HIGH,1
D_20,2026-09-11T15:51:57.187461,12.976600000000007,77.5946,15.0,0.0,3.8110471484651702,378.06275059081617,0.0,0.0,HIGH,1
D_20,2026-09-11T15:52:02.187461,12.977100000000007,77.5946,15.0,0.0,7.102928519891408,322.4652872684688,0.0,0.0,HIGH,1
D_20,2026-09-11T15:52:07.187461,12.977600000000008,77.5946,15.0,0.0,9.253369257615692,266.86782394612146,0.0,0.0,HIGH,2
D_20,2026-09-11T15:52:12.187461,12.978100000000008,77.5946,15.0,0.0,8.93256012367197,211.27036062377417,0.0,0.0,HIGH,2
D_20,2026-09-11T15:52:17.187461,12.978600000000009,77.5946,15.0,0.0,4.096241361983739,155.67289730142684,0.0,0.0,HIGH,2
D_20,2026-09-11T15:52:22.187461,12.97910000000001,77.5946,15.0,0.0,9.585695616948971,100.07543397907953,0.0,0.0,HIGH,2
D_20,2026-09-11T15:52:27.187461,12.97960000000001,77.5946,15.0,0.0,5.461856059708106,44.477970656732225,0.0,0.0,HIGH,2
D_20,2026-09-11T15:52:32.187461,12.98010000000001,77.5946,15.0,0.0,3.0623988147770103,11.11949266561509,180.0,180.0,HIGH,2
D_20,2026-09-11T15:52:37.187461,12.980600000000011,77.5946,15.0,0.0,9.503975298944297,66.71695598796241,180.0,180.0,HIGH,2
D_20,2026-09-11T15:52:42.187461,12.981100000000012,77.5946,15.0,0.0,3.2135071969327322,122.31441931030972,180.0,180.0,HIGH,2
D_21,2026-09-11T15:51:07.187461,12.9716,77.5946,15.0,0.0,6.510714675118986,934.0373838142893,0.0,0.0,HIGH,1
D_21,2026-09-11T15:51:12.187461,12.972100000000001,77.5946,15.0,0.0,4.923897740171553,878.439920491942,0.0,0.0,HIGH,1
D_21,2026-09-11T15:51:17.187461,12.972600000000002,77.5946,15.0,0.0,8.976723722188831,822.8424571695948,0.0,0.0,HIGH,1
D_21,2026-09-11T15:51:22.187461,12.973100000000002,77.5946,15.0,0.0,7.582329377541069,767.2449938472473,0.0,0.0,HIGH,1
D_21,2026-09-11T15:51:27.187461,12.973600000000003,77.5946,15.0,0.0,9.976120829433702,711.6475305248999,0.0,0.0,HIGH,1
D_21,2026-09-11T15:51:32.187461,12.974100000000004,77.5946,15.0,0.0,3.6628490076296005,656.0500672025527,0.0,0.0,HIGH,1
D_21,2026-09-11T15:51:37.187461,12.974600000000004,77.5946,15.0,0.0,4.535970426008262,600.4526038802054,0.0,0.0,HIGH,1
D_21,2026-09-11T15:51:42.187461,12.975100000000005,77.5946,15.0,0.0,4.746033773047374,544.855140557858,0.0,0.0,HIGH,1
D_21,2026-09-11T15:51:47.187461,12.975600000000005,77.5946,15.0,0.0,4.756756689049943,489.25767723551076,0.0,0.0,HIGH,1
D_21,2026-09-11T15:51:52.187461,12.976100000000006,77.5946,15.0,0.0,5.802129182572322,433.66021391316343,0.0,0.0,HIGH,1
D_21,2026-09-11T15:51:57.187461,12.976600000000007,77.5946,15.0,0.0,8.319317137844966,378.06275059081617,0.0,0.0,HIGH,1
D_21,2026-09-11T15:52:02.187461,12.977100000000007,77.5946,15.0,0.0,9.961554949823341,322.4652872684688,0.0,0.0,HIGH,1
D_21,2026-09-11T15:52:07.187461,12.977600000000008,77.5946,15.0,0.0,4.515250252179688,266.86782394612146,0.0,0.0,HIGH,2
D_21,2026-09-11T15:52:12.187461,12.978100000000008,77.5946,15.0,0.0,4.965297810405395,211.27036062377417,0.0,0.0,HIGH,2
D_21,2026-09-11T15:52:17.187461,12.978600000000009,77.5946,15.0,0.0,5.304267184246516,155.67289730142684,0.0,0.0,HIGH,2
D_21,2026-09-11T15:52:22.187461,12.97910000000001,77.5946,15.0,0.0,4.729663015914527,100.07543397907953,0.0,0.0,HIGH,2
D_21,2026-09-11T15:52:27.187461,12.97960000000001,77.5946,15.0,0.0,5.981426062551791,44.477970656732225,0.0,0.0,HIGH,2
D_21,2026-09-11T15:52:32.187461,12.98010000000001,77.5946,15.0,0.0,8.991994943122123,11.11949266561509,180.0,180.0,HIGH,2
D_21,2026-09-11T15:52:37.187461,12.980600000000011,77.5946,15.0,0.0,3.8841300911556553,66.71695598796241,180.0,180.0,HIGH,2
D_21,2026-09-11T15:52:42.187461,12.981100000000012,77.5946,15.0,0.0,5.108593942040827,122.31441931030972,180.0,180.0,HIGH,2
D_22,2026-09-11T15:51:07.192495,12.9716,77.5946,15.0,0.0,6.758533802439543,934.0373838142893,0.0,0.0,HIGH,1
D_22,2026-09-11T15:51:12.192495,12.972100000000001,77.5946,15.0,0.0,7.470468284136909,878.439920491942,0.0,0.0,HIGH,1
D_22,2026-09-11T15:51:17.192495,12.972600000000002,77.5946,15.0,0.0,8.579133934707652,822.8424571695948,0.0,0.0,HIGH,1
D_22,2026-09-11T15:51:22.192495,12.973100000000002,77.5946,15.0,0.0,4.714568486426321,767.2449938472473,0.0,0.0,HIGH,1
D_22,2026-09-11T15:51:27.192495,12.973600000000003,77.5946,15.0,0.0,4.5679920697924805,711.6475305248999,0.0,0.0,HIGH,1
D_22,2026-09-11T15:51:32.192495,12.974100000000004,77.5946,15.0,0.0,7.1538039492151855,656.0500672025527,0.0,0.0,HIGH,1
D_22,2026-09-11T15:51:37.192495,12.974600000000004,77.5946,15.0,0.0,5.237053571019595,600.4526038802054,0.0,0.0,HIGH,1
D_22,2026-09-11T15:51:42.192495,12.975100000000005,77.5946,15.0,0.0,2.9612211888608417,544.855140557858,0.0,0.0,HIGH,1
D_22,2026-09-11T15:51:47.192495,12.975600000000005,77.5946,15.0,0.0,9.958689102081852,489.25767723551076,0.0,0.0,HIGH,1
D_22,2026-09-11T15:51:52.192495,12.976100000000006,77.5946,15.0,0.0,5.215659712961578,433.66021391316343,0.0,0.0,HIGH,1
D_22,2026-09-11T15:51:57.192495,12.976600000000007,77.5946,15.0,0.0,8.649280714518458,378.06275059081617,0.0,0.0,HIGH,1
D_22,2026-09-11T15:52:02.192495,12.977100000000007,77.5946,15.0,0.0,9.046512465388709,322.4652872684688,0.0,0.0,HIGH,1
D_22,2026-09-11T15:52:07.192495,12.977600000000008,77.5946,15.0,0.0,8.677667545808724,266.86782394612146,0.0,0.0,HIGH,2
D_22,2026-09-11T15:52:12.192495,12.978100000000008,77.5946,15.0,0.0,6.984913690402239,211.27036062377417,0.0,0.0,HIGH,2
D_22,2026-09-11T15:52:17.192495,12.978600000000009,77.5946,15.0,0.0,2.0553839814413575,155.67289730142684,0.0,0.0,HIGH,2
D_22,2026-09-11T15:52:22.192495,12.97910000000001,77.5946,15.0,0.0,5.995599075711639,100.07543397907953,0.0,0.0,HIGH,2
D_22,2026-09-11T15:52:27.192495,12.97960000000001,77.5946,15.0,0.0,7.3596166932739004,44.477970656732225,0.0,0.0,HIGH,2
D_22,2026-09-11T15:52:32.192495,12.98010000000001,77.5946,15.0,0.0,3.9922284966900694,11.11949266561509,180.0,180.0,HIGH,2
D_22,2026-09-11T15:52:37.192495,12.980600000000011,77.5946,15.0,0.0,9.016403858733916,66.71695598796241,180.0,180.0,HIGH,2
D_22,2026-09-11T15:52:42.192495,12.981100000000012,77.5946,15.0,0.0,5.101518629401261,122.31441931030972,180.0,180.0,HIGH,2
D_23,2026-09-11T15:51:07.192495,12.9716,77.5946,15.0,0.0,2.6312537756427767,934.0373838142893,0.0,0.0,HIGH,1
D_23,2026-09-11T15:51:12.192495,12.972100000000001,77.5946,15.0,0.0,2.3416296227072433,878.439920491942,0.0,0.0,HIGH,1
D_23,2026-09-11T15:51:17.192495,12.972600000000002,77.5946,15.0,0.0,7.694514728979534,822.8424571695948,0.0,0.0,HIGH,1
D_23,2026-09-11T15:51:22.192495,12.973100000000002,77.5946,15.0,0.0,4.9125613061833775,767.2449938472473,0.0,0.0,HIGH,1
D_23,2026-09-11T15:51:27.192495,12.973600000000003,77.5946,15.0,0.0,6.115075709376585,711.6475305248999,0.0,0.0,HIGH,1
D_23,2026-09-11T15:51:32.192495,12.974100000000004,77.5946,15.0,0.0,5.804596804761541,656.0500672025527,0.0,0.0,HIGH,1
D_23,2026-09-11T15:51:37.192495,12.974600000000004,77.5946,15.0,0.0,5.4066857814172575,600.4526038802054,0.0,0.0,HIGH,1
D_23,2026-09-11T15:51:42.192495,12.975100000000005,77.5946,15.0,0.0,4.8826855218693686,544.855140557858,0.0,0.0,HIGH,1
D_23,2026-09-11T15:51:47.192495,12.975600000000005,77.5946,15.0,0.0,4.776702975278218,489.25767723551076,0.0,0.0,HIGH,1
D_23,2026-09-11T15:51:52.192495,12.976100000000006,77.5946,15.0,0.0,6.6200819473176695,433.66021391316343,0.0,0.0,HIGH,1
D_23,2026-09-11T15:51:57.192495,12.976600000000007,77.5946,15.0,0.0,2.0814509477648437,378.06275059081617,0.0,0.0,HIGH,1
D_23,2026-09-11T15:52:02.192495,12.977100000000007,77.5946,15.0,0.0,9.79337348757841,322.4652872684688,0.0,0.0,HIGH,1
D_23,2026-09-11T15:52:07.192495,12.977600000000008,77.5946,15.0,0.0,4.8568097848970995,266.86782394612146,0.0,0.0,HIGH,2
D_23,2026-09-11T15:52:12.192495,12.978100000000008,77.5946,15.0,0.0,3.312416855738199,211.27036062377417,0.0,0.0,HIGH,2
D_23,2026-09-11T15:52:17.192495,12.978600000000009,77.5946,15.0,0.0,2.625691044198419,155.67289730142684,0.0,0.0,HIGH,2
D_23,2026-09-11T15:52:22.192495,12.97910000000001,77.5946,15.0,0.0,5.480393247730072,100.07543397907953,0.0,0.0,HIGH,2
D_23,2026-09-11T15:52:27.192495,12.97960000000001,77.5946,15.0,0.0,4.362834531475078,44.477970656732225,0.0,0.0,HIGH,2
D_23,2026-09-11T15:52:32.192495,12.98010000000001,77.5946,15.0,0.0,9.879198369584518,11.11949266561509,180.0,180.0,HIGH,2
D_23,2026-09-11T15:52:37.192495,12.980600000000011,77.5946,15.0,0.0,3.696962973704937,66.71695598796241,180.0,180.0,HIGH,2
D_23,2026-09-11T15:52:42.192495,12.981100000000012,77.5946,15.0,0.0,5.149894753045782,122.31441931030972,180.0,180.0,HIGH,2
D_24,2026-09-11T15:51:07.193508,12.9716,77.5946,15.0,0.0,8.50738191135288,934.0373838142893,0.0,0.0,HIGH,1
D_24,2026-09-11T15:51:12.193508,12.972100000000001,77.5946,15.0,0.0,9.719997482867946,878.439920491942,0.0,0.0,HIGH,1
D_24,2026-09-11T15:51:17.193508,12.972600000000002,77.5946,15.0,0.0,9.769773725856584,822.8424571695948,0.0,0.0,HIGH,1
D_24,2026-09-11T15:51:22.193508,12.973100000000002,77.5946,15.0,0.0,6.322985317162733,767.2449938472473,0.0,0.0,HIGH,1
D_24,2026-09-11T15:51:27.193508,12.973600000000003,77.5946,15.0,0.0,4.575434601166653,711.6475305248999,0.0,0.0,HIGH,1
D_24,2026-09-11T15:51:32.193508,12.974100000000004,77.5946,15.0,0.0,7.398091629347068,656.0500672025527,0.0,0.0,HIGH,1
D_24,2026-09-11T15:51:37.193508,12.974600000000004,77.5946,15.0,0.0,9.478297473475756,600.4526038802054,0.0,0.0,HIGH,1
D_24,2026-09-11T15:51:42.193508,12.975100000000005,77.5946,15.0,0.0,5.758916008338458,544.855140557858,0.0,0.0,HIGH,1
D_24,2026-09-11T15:51:47.193508,12.975600000000005,77.5946,15.0,0.0,5.8758105041128,489.25767723551076,0.0,0.0,HIGH,1
D_24,2026-09-11T15:51:52.193508,12.976100000000006,77.5946,15.0,0.0,9.957209294428523,433.66021391316343,0.0,0.0,HIGH,1
D_24,2026-09-11T15:51:57.193508,12.976600000000007,77.5946,15.0,0.0,8.24175258498364,378.06275059081617,0.0,0.0,HIGH,1
D_24,2026-09-11T15:52:02.193508,12.977100000000007,77.5946,15.0,0.0,6.48149928285421,322.4652872684688,0.0,0.0,HIGH,1
D_24,2026-09-11T15:52:07.193508,12.977600000000008,77.5946,15.0,0.0,2.032156357048173,266.86782394612146,0.0,0.0,HIGH,2
D_24,2026-09-11T15:52:12.193508,12.978100000000008,77.5946,15.0,0.0,8.393853510624186,211.27036062377417,0.0,0.0,HIGH,2
D_24,2026-09-11T15:52:17.193508,12.978600000000009,77.5946,15.0,0.0,7.723858689986788,155.67289730142684,0.0,0.0,HIGH,2
D_24,2026-09-11T15:52:22.193508,12.97910000000001,77.5946,15.0,0.0,8.564147469806112,100.07543397907953,0.0,0.0,HIGH,2
D_24,2026-09-11T15:52:27.193508,12.97960000000001,77.5946,15.0,0.0,5.622263573754326,44.477970656732225,0.0,0.0,HIGH,2
D_24,2026-09-11T15:52:32.193508,12.98010000000001,77.5946,15.0,0.0,2.4213419577045734,11.11949266561509,180.0,180.0,HIGH,2
D_24,2026-09-11T15:52:37.193508,12.980600000000011,77.5946,15.0,0.0,4.866147237158097,66.71695598796241,180.0,180.0,HIGH,2
D_24,2026-09-11T15:52:42.193508,12.981100000000012,77.5946,15.0,0.0,6.2427701689020685,122.31441931030972,180.0,180.0,HIGH,2
D_25,2026-09-11T15:51:07.193508,12.9716,77.5946,15.0,0.0,2.383675711173323,934.0373838142893,0.0,0.0,HIGH,1
D_25,2026-09-11T15:51:12.193508,12.972100000000001,77.5946,15.0,0.0,9.395800203357808,878.439920491942,0.0,0.0,HIGH,1
D_25,2026-09-11T15:51:17.193508,12.972600000000002,77.5946,15.0,0.0,3.0727183970996554,822.8424571695948,0.0,0.0,HIGH,1
D_25,2026-09-11T15:51:22.193508,12.973100000000002,77.5946,15.0,0.0,5.57525839247887,767.2449938472473,0.0,0.0,HIGH,1
D_25,2026-09-11T15:51:27.193508,12.973600000000003,77.5946,15.0,0.0,5.506779000371336,711.6475305248999,0.0,0.0,HIGH,1
D_25,2026-09-11T15:51:32.193508,12.974100000000004,77.5946,15.0,0.0,5.253174118907623,656.0500672025527,0.0,0.0,HIGH,1
D_25,2026-09-11T15:51:37.193508,12.974600000000004,77.5946,15.0,0.0,2.8757114451973287,600.4526038802054,0.0,0.0,HIGH,1
D_25,2026-09-11T15:51:42.193508,12.975100000000005,77.5946,15.0,0.0,8.936999723835365,544.855140557858,0.0,0.0,HIGH,1
D_25,2026-09-11T15:51:47.193508,12.975600000000005,77.5946,15.0,0.0,2.664964475352922,489.25767723551076,0.0,0.0,HIGH,1
D_25,2026-09-11T15:51:52.193508,12.976100000000006,77.5946,15.0,0.0,3.1882959675176306,433.66021391316343,0.0,0.0,HIGH,1
D_25,2026-09-11T15:51:57.193508,12.976600000000007,77.5946,15.0,0.0,2.6569915358489062,378.06275059081617,0.0,0.0,HIGH,1
D_25,2026-09-11T15:52:02.193508,12.977100000000007,77.5946,15.0,0.0,3.374117256877722,322.4652872684688,0.0,0.0,HIGH,1
D_25,2026-09-11T15:52:07.193508,12.977600000000008,77.5946,15.0,0.0,6.766446284154915,266.86782394612146,0.0,0.0,HIGH,2
D_25,2026-09-11T15:52:12.193508,12.978100000000008,77.5946,15.0,0.0,5.963475413486987,211.27036062377417,0.0,0.0,HIGH,2
D_25,2026-09-11T15:52:17.193508,12.978600000000009,77.5946,15.0,0.0,4.767878963758213,155.67289730142684,0.0,0.0,HIGH,2
D_25,2026-09-11T15:52:22.193508,12.97910000000001,77.5946,15.0,0.0,2.9498008944778418,100.07543397907953,0.0,0.0,HIGH,2
D_25,2026-09-11T15:52:27.193508,12.97960000000001,77.5946,15.0,0.0,4.248211635178368,44.477970656732225,0.0,0.0,HIGH,2
D_25,2026-09-11T15:52:32.193508,12.98010000000001,77.5946,15.0,0.0,9.257359435794534,11.11949266561509,180.0,180.0,HIGH,2
D_25,2026-09-11T15:52:37.193508,12.980600000000011,77.5946,15.0,0.0,5.087003146068338,66.71695598796241,180.0,180.0,HIGH,2
D_25,2026-09-11T15:52:42.193508,12.981100000000012,77.5946,15.0,0.0,4.0357343448360945,122.31441931030972,180.0,180.0,HIGH,2
D_26,2026-09-11T15:51:07.194507,12.9716,77.5946,15.0,0.0,3.034776296085318,934.0373838142893,0.0,0.0,HIGH,1
D_26,2026-09-11T15:51:12.194507,12.972100000000001,77.5946,15.0,0.0,7.6462106857672225,878.439920491942,0.0,0.0,HIGH,1
D_26,2026-09-11T15:51:17.194507,12.972600000000002,77.5946,15.0,0.0,7.273656487105979,822.8424571695948,0.0,0.0,HIGH,1
D_26,2026-09-11T15:51:22.194507,12.973100000000002,77.5946,15.0,0.0,8.634016389467623,767.2449938472473,0.0,0.0,HIGH,1
D_26,2026-09-11T15:51:27.194507,12.973600000000003,77.5946,15.0,0.0,9.222192670260178,711.6475305248999,0.0,0.0,HIGH,1
D_26,2026-09-11T15:51:32.194507,12.974100000000004,77.5946,15.0,0.0,5.676588804514661,656.0500672025527,0.0,0.0,HIGH,1
D_26,2026-09-11T15:51:37.194507,12.974600000000004,77.5946,15.0,0.0,8.963458618308916,600.4526038802054,0.0,0.0,HIGH,1
D_26,2026-09-11T15:51:42.194507,12.975100000000005,77.5946,15.0,0.0,2.1081176567182283,544.855140557858,0.0,0.0,HIGH,1
D_26,2026-09-11T15:51:47.194507,12.975600000000005,77.5946,15.0,0.0,5.72332917243697,489.25767723551076,0.0,0.0,HIGH,1
D_26,2026-09-11T15:51:52.194507,12.976100000000006,77.5946,15.0,0.0,3.3906453197945963,433.66021391316343,0.0,0.0,HIGH,1
D_26,2026-09-11T15:51:57.194507,12.976600000000007,77.5946,15.0,0.0,8.537301473856978,378.06275059081617,0.0,0.0,HIGH,1
D_26,2026-09-11T15:52:02.194507,12.977100000000007,77.5946,15.0,0.0,4.949811696820555,322.4652872684688,0.0,0.0,HIGH,1
D_26,2026-09-11T15:52:07.194507,12.977600000000008,77.5946,15.0,0.0,3.4994360994516827,266.86782394612146,0.0,0.0,HIGH,2
D_26,2026-09-11T15:52:12.194507,12.978100000000008,77.5946,15.0,0.0,8.673137534062946,211.27036062377417,0.0,0.0,HIGH,2
D_26,2026-09-11T15:52:17.194507,12.978600000000009,77.5946,15.0,0.0,4.032242954516767,155.67289730142684,0.0,0.0,HIGH,2
D_26,2026-09-11T15:52:22.194507,12.97910000000001,77.5946,15.0,0.0,9.071206758560244,100.07543397907953,0.0,0.0,HIGH,2
D_26,2026-09-11T15:52:27.194507,12.97960000000001,77.5946,15.0,0.0,5.975851032704397,44.477970656732225,0.0,0.0,HIGH,2
D_26,2026-09-11T15:52:32.194507,12.98010000000001,77.5946,15.0,0.0,6.355549123664257,11.11949266561509,180.0,180.0,HIGH,2
D_26,2026-09-11T15:52:37.194507,12.980600000000011,77.5946,15.0,0.0,6.7356644391745615,66.71695598796241,180.0,180.0,HIGH,2
D_26,2026-09-11T15:52:42.194507,12.981100000000012,77.5946,15.0,0.0,8.569618956657337,122.31441931030972,180.0,180.0,HIGH,2
D_27,2026-09-11T15:51:07.195064,12.9716,77.5946,15.0,0.0,2.408041098325583,934.0373838142893,0.0,0.0,HIGH,1
D_27,2026-09-11T15:51:12.195064,12.972100000000001,77.5946,15.0,0.0,3.163046502552315,878.439920491942,0.0,0.0,HIGH,1
D_27,2026-09-11T15:51:17.195064,12.972600000000002,77.5946,15.0,0.0,6.213375814347153,822.8424571695948,0.0,0.0,HIGH,1
D_27,2026-09-11T15:51:22.195064,12.973100000000002,77.5946,15.0,0.0,2.63113219878416,767.2449938472473,0.0,0.0,HIGH,1
D_27,2026-09-11T15:51:27.195064,12.973600000000003,77.5946,15.0,0.0,7.004835771448922,711.6475305248999,0.0,0.0,HIGH,1
D_27,2026-09-11T15:51:32.195064,12.974100000000004,77.5946,15.0,0.0,7.26497377029514,656.0500672025527,0.0,0.0,HIGH,1
D_27,2026-09-11T15:51:37.195064,12.974600000000004,77.5946,15.0,0.0,9.755257164029931,600.4526038802054,0.0,0.0,HIGH,1
D_27,2026-09-11T15:51:42.195064,12.975100000000005,77.5946,15.0,0.0,6.001627390006,544.855140557858,0.0,0.0,HIGH,1
D_27,2026-09-11T15:51:47.195064,12.975600000000005,77.5946,15.0,0.0,6.788239085781073,489.25767723551076,0.0,0.0,HIGH,1
D_27,2026-09-11T15:51:52.195064,12.976100000000006,77.5946,15.0,0.0,8.666140265814192,433.66021391316343,0.0,0.0,HIGH,1
D_27,2026-09-11T15:51:57.195064,12.976600000000007,77.5946,15.0,0.0,2.5440545288753222,378.06275059081617,0.0,0.0,HIGH,1
D_27,2026-09-11T15:52:02.195064,12.977100000000007,77.5946,15.0,0.0,9.232057429141268,322.4652872684688,0.0,0.0,HIGH,1
D_27,2026-09-11T15:52:07.195064,12.977600000000008,77.5946,15.0,0.0,3.7313245468646787,266.86782394612146,0.0,0.0,HIGH,2
D_27,2026-09-11T15:52:12.195064,12.978100000000008,77.5946,15.0,0.0,5.008317997181542,211.27036062377417,0.0,0.0,HIGH,2
D_27,2026-09-11T15:52:17.195064,12.978600000000009,77.5946,15.0,0.0,2.530671433139398,155.67289730142684,0.0,0.0,HIGH,2
D_27,2026-09-11T15:52:22.195064,12.97910000000001,77.5946,15.0,0.0,8.527558018742454,100.07543397907953,0.0,0.0,HIGH,2
D_27,2026-09-11T15:52:27.195064,12.97960000000001,77.5946,15.0,0.0,3.8306990098681206,44.477970656732225,0.0,0.0,HIGH,2
D_27,2026-09-11T15:52:32.195064,12.98010000000001,77.5946,15.0,0.0,7.425215536579056,11.11949266561509,180.0,180.0,HIGH,2
D_27,2026-09-11T15:52:37.195064,12.980600000000011,77.5946,15.0,0.0,3.391360035660443,66.71695598796241,180.0,180.0,HIGH,2
D_27,2026-09-11T15:52:42.195064,12.981100000000012,77.5946,15.0,0.0,5.184952570566819,122.31441931030972,180.0,180.0,HIGH,2
D_28,2026-09-11T15:51:07.195064,12.9716,77.5946,15.0,0.0,4.676791390559573,934.0373838142893,0.0,0.0,HIGH,1
D_28,2026-09-11T15:51:12.195064,12.972100000000001,77.5946,15.0,0.0,9.618374918001198,878.439920491942,0.0,0.0,HIGH,1
D_28,2026-09-11T15:51:17.195064,12.972600000000002,77.5946,15.0,0.0,7.791262248926416,822.8424571695948,0.0,0.0,HIGH,1
D_28,2026-09-11T15:51:22.195064,12.973100000000002,77.5946,15.0,0.0,7.3598041963097725,767.2449938472473,0.0,0.0,HIGH,1
D_28,2026-09-11T15:51:27.195064,12.973600000000003,77.5946,15.0,0.0,8.799326196950137,711.6475305248999,0.0,0.0,HIGH,1
D_28,2026-09-11T15:51:32.195064,12.974100000000004,77.5946,15.0,0.0,9.894771355164071,656.0500672025527,0.0,0.0,HIGH,1
D_28,2026-09-11T15:51:37.195064,12.974600000000004,77.5946,15.0,0.0,9.51063643272705,600.4526038802054,0.0,0.0,HIGH,1
D_28,2026-09-11T15:51:42.195064,12.975100000000005,77.5946,15.0,0.0,2.417738030549163,544.855140557858,0.0,0.0,HIGH,1
D_28,2026-09-11T15:51:47.195064,12.975600000000005,77.5946,15.0,0.0,9.548332720177255,489.25767723551076,0.0,0.0,HIGH,1
D_28,2026-09-11T15:51:52.195064,12.976100000000006,77.5946,15.0,0.0,5.842358782922058,433.66021391316343,0.0,0.0,HIGH,1
D_28,2026-09-11T15:51:57.195064,12.976600000000007,77.5946,15.0,0.0,9.829033164782459,378.06275059081617,0.0,0.0,HIGH,1
D_28,2026-09-11T15:52:02.195064,12.977100000000007,77.5946,15.0,0.0,2.8190461367162225,322.4652872684688,0.0,0.0,HIGH,1
D_28,2026-09-11T15:52:07.195064,12.977600000000008,77.5946,15.0,0.0,3.9599648641741743,266.86782394612146,0.0,0.0,HIGH,2
D_28,2026-09-11T15:52:12.195064,12.978100000000008,77.5946,15.0,0.0,8.473291421358445,211.27036062377417,0.0,0.0,HIGH,2
D_28,2026-09-11T15:52:17.195064,12.978600000000009,77.5946,15.0,0.0,6.837809155040248,155.67289730142684,0.0,0.0,HIGH,2
D_28,2026-09-11T15:52:22.195064,12.97910000000001,77.5946,15.0,0.0,7.875741586064257,100.07543397907953,0.0,0.0,HIGH,2
D_28,2026-09-11T15:52:27.195064,12.97960000000001,77.5946,15.0,0.0,9.639323342100463,44.477970656732225,0.0,0.0,HIGH,2
D_28,2026-09-11T15:52:32.195064,12.98010000000001,77.5946,15.0,0.0,5.562740604195666,11.11949266561509,180.0,180.0,HIGH,2
D_28,2026-09-11T15:52:37.195064,12.980600000000011,77.5946,15.0,0.0,9.00948413003656,66.71695598796241,180.0,180.0,HIGH,2
D_28,2026-09-11T15:52:42.195064,12.981100000000012,77.5946,15.0,0.0,9.524152093705421,122.31441931030972,180.0,180.0,HIGH,2
D_29,2026-09-11T15:51:07.195064,12.9716,77.5946,15.0,0.0,3.865246871577863,934.0373838142893,0.0,0.0,HIGH,1
D_29,2026-09-11T15:51:12.195064,12.972100000000001,77.5946,15.0,0.0,5.628981565576893,878.439920491942,0.0,0.0,HIGH,1
D_29,2026-09-11T15:51:17.195064,12.972600000000002,77.5946,15.0,0.0,4.314531864520389,822.8424571695948,0.0,0.0,HIGH,1
D_29,2026-09-11T15:51:22.195064,12.973100000000002,77.5946,15.0,0.0,8.223694713994231,767.2449938472473,0.0,0.0,HIGH,1
D_29,2026-09-11T15:51:27.195064,12.973600000000003,77.5946,15.0,0.0,2.3207955955560475,711.6475305248999,0.0,0.0,HIGH,1
D_29,2026-09-11T15:51:32.195064,12.974100000000004,77.5946,15.0,0.0,6.669287177464725,656.0500672025527,0.0,0.0,HIGH,1
D_29,2026-09-11T15:51:37.195064,12.974600000000004,77.5946,15.0,0.0,7.746934270310873,600.4526038802054,0.0,0.0,HIGH,1
D_29,2026-09-11T15:51:42.195064,12.975100000000005,77.5946,15.0,0.0,4.949944243074258,544.855140557858,0.0,0.0,HIGH,1
D_29,2026-09-11T15:51:47.195064,12.975600000000005,77.5946,15.0,0.0,7.867345358237592,489.25767723551076,0.0,0.0,HIGH,1
D_29,2026-09-11T15:51:52.195064,12.976100000000006,77.5946,15.0,0.0,6.841196960010457,433.66021391316343,0.0,0.0,HIGH,1
D_29,2026-09-11T15:51:57.195064,12.976600000000007,77.5946,15.0,0.0,4.616953738769897,378.06275059081617,0.0,0.0,HIGH,1
D_29,2026-09-11T15:52:02.195064,12.977100000000007,77.5946,15.0,0.0,2.6683685645063946,322.4652872684688,0.0,0.0,HIGH,1
D_29,2026-09-11T15:52:07.195064,12.977600000000008,77.5946,15.0,0.0,9.243392517920235,266.86782394612146,0.0,0.0,HIGH,2
D_29,2026-09-11T15:52:12.195064,12.978100000000008,77.5946,15.0,0.0,8.341168161639414,211.27036062377417,0.0,0.0,HIGH,2
D_29,2026-09-11T15:52:17.195064,12.978600000000009,77.5946,15.0,0.0,6.388258801744521,155.67289730142684,0.0,0.0,HIGH,2
D_29,2026-09-11T15:52:22.195064,12.97910000000001,77.5946,15.0,0.0,6.9648914629322505,100.07543397907953,0.0,0.0,HIGH,2
D_29,2026-09-11T15:52:27.195064,12.97960000000001,77.5946,15.0,0.0,3.562736103127545,44.477970656732225,0.0,0.0,HIGH,2
D_29,2026-09-11T15:52:32.195064,12.98010000000001,77.5946,15.0,0.0,9.359787960646699,11.11949266561509,180.0,180.0,HIGH,2
D_29,2026-09-11T15:52:37.195064,12.980600000000011,77.5946,15.0,0.0,8.493621285632948,66.71695598796241,180.0,180.0,HIGH,2
D_29,2026-09-11T15:52:42.195064,12.981100000000012,77.5946,15.0,0.0,4.8572679185564835,122.31441931030972,180.0,180.0,HIGH,2
D_30,2026-09-11T15:51:07.195064,12.9716,77.5946,15.0,0.0,5.462571229759164,934.0373838142893,0.0,0.0,HIGH,1
D_30,2026-09-11T15:51:12.195064,12.972100000000001,77.5946,15.0,0.0,9.002902664139102,878.439920491942,0.0,0.0,HIGH,1
D_30,2026-09-11T15:51:17.195064,12.972600000000002,77.5946,15.0,0.0,2.3087278461597016,822.8424571695948,0.0,0.0,HIGH,1
D_30,2026-09-11T15:51:22.195064,12.973100000000002,77.5946,15.0,0.0,6.092938617773411,767.2449938472473,0.0,0.0,HIGH,1
D_30,2026-09-11T15:51:27.195064,12.973600000000003,77.5946,15.0,0.0,4.9256233992960405,711.6475305248999,0.0,0.0,HIGH,1
D_30,2026-09-11T15:51:32.195064,12.974100000000004,77.5946,15.0,0.0,2.9066590637106993,656.0500672025527,0.0,0.0,HIGH,1
D_30,2026-09-11T15:51:37.195064,12.974600000000004,77.5946,15.0,0.0,4.194654515113009,600.4526038802054,0.0,0.0,HIGH,1
D_30,2026-09-11T15:51:42.195064,12.975100000000005,77.5946,15.0,0.0,8.524950590816749,544.855140557858,0.0,0.0,HIGH,1
D_30,2026-09-11T15:51:47.195064,12.975600000000005,77.5946,15.0,0.0,2.3309744849963607,489.25767723551076,0.0,0.0,HIGH,1
D_30,2026-09-11T15:51:52.195064,12.976100000000006,77.5946,15.0,0.0,3.163593091096514,433.66021391316343,0.0,0.0,HIGH,1
D_30,2026-09-11T15:51:57.195064,12.976600000000007,77.5946,15.0,0.0,6.177832162993747,378.06275059081617,0.0,0.0,HIGH,1
D_30,2026-09-11T15:52:02.195064,12.977100000000007,77.5946,15.0,0.0,2.0071214816276157,322.4652872684688,0.0,0.0,HIGH,1
D_30,2026-09-11T15:52:07.195064,12.977600000000008,77.5946,15.0,0.0,6.954693330846886,266.86782394612146,0.0,0.0,HIGH,2
D_30,2026-09-11T15:52:12.195064,12.978100000000008,77.5946,15.0,0.0,8.78374328268454,211.27036062377417,0.0,0.0,HIGH,2
D_30,2026-09-11T15:52:17.195064,12.978600000000009,77.5946,15.0,0.0,3.1599230530645928,155.67289730142684,0.0,0.0,HIGH,2
D_30,2026-09-11T15:52:22.195064,12.97910000000001,77.5946,15.0,0.0,4.2449798869418025,100.07543397907953,0.0,0.0,HIGH,2
D_30,2026-09-11T15:52:27.195064,12.97960000000001,77.5946,15.0,0.0,8.101583937206948,44.477970656732225,0.0,0.0,HIGH,2
D_30,2026-09-11T15:52:32.195064,12.98010000000001,77.5946,15.0,0.0,9.845318243517621,11.11949266561509,180.0,180.0,HIGH,2
D_30,2026-09-11T15:52:37.195064,12.980600000000011,77.5946,15.0,0.0,6.3610859318865005,66.71695598796241,180.0,180.0,HIGH,2
D_30,2026-09-11T15:52:42.195064,12.981100000000012,77.5946,15.0,0.0,6.844300157097683,122.31441931030972,180.0,180.0,HIGH,2
D_31,2026-09-11T15:51:07.195064,12.9716,77.5946,15.0,0.0,3.065444359287585,934.0373838142893,0.0,0.0,HIGH,1
D_31,2026-09-11T15:51:12.195064,12.972100000000001,77.5946,15.0,0.0,3.4268130850722267,878.439920491942,0.0,0.0,HIGH,1
D_31,2026-09-11T15:51:17.195064,12.972600000000002,77.5946,15.0,0.0,9.574120467188274,822.8424571695948,0.0,0.0,HIGH,1
D_31,2026-09-11T15:51:22.195064,12.973100000000002,77.5946,15.0,0.0,4.994601778086154,767.2449938472473,0.0,0.0,HIGH,1
D_31,2026-09-11T15:51:27.195064,12.973600000000003,77.5946,15.0,0.0,7.595325263533735,711.6475305248999,0.0,0.0,HIGH,1
D_31,2026-09-11T15:51:32.195064,12.974100000000004,77.5946,15.0,0.0,6.617173908585664,656.0500672025527,0.0,0.0,HIGH,1
D_31,2026-09-11T15:51:37.195064,12.974600000000004,77.5946,15.0,0.0,7.474985006537557,600.4526038802054,0.0,0.0,HIGH,1
D_31,2026-09-11T15:51:42.195064,12.975100000000005,77.5946,15.0,0.0,7.807919233753396,544.855140557858,0.0,0.0,HIGH,1
D_31,2026-09-11T15:51:47.195064,12.975600000000005,77.5946,15.0,0.0,3.77957031860279,489.25767723551076,0.0,0.0,HIGH,1
D_31,2026-09-11T15:51:52.195064,12.976100000000006,77.5946,15.0,0.0,6.656975405700933,433.66021391316343,0.0,0.0,HIGH,1
D_31,2026-09-11T15:51:57.195064,12.976600000000007,77.5946,15.0,0.0,7.242351668937261,378.06275059081617,0.0,0.0,HIGH,1
D_31,2026-09-11T15:52:02.195064,12.977100000000007,77.5946,15.0,0.0,5.664689370476658,322.4652872684688,0.0,0.0,HIGH,1
D_31,2026-09-11T15:52:07.195064,12.977600000000008,77.5946,15.0,0.0,6.392142319013649,266.86782394612146,0.0,0.0,HIGH,2
D_31,2026-09-11T15:52:12.195064,12.978100000000008,77.5946,15.0,0.0,2.4314510979005917,211.27036062377417,0.0,0.0,HIGH,2
D_31,2026-09-11T15:52:17.195064,12.978600000000009,77.5946,15.0,0.0,8.049022907391574,155.67289730142684,0.0,0.0,HIGH,2
D_31,2026-09-11T15:52:22.195064,12.97910000000001,77.5946,15.0,0.0,3.4797645917873794,100.07543397907953,0.0,0.0,HIGH,2
D_31,2026-09-11T15:52:27.195064,12.97960000000001,77.5946,15.0,0.0,4.112195808955534,44.477970656732225,0.0,0.0,HIGH,2
D_31,2026-09-11T15:52:32.195064,12.98010000000001,77.5946,15.0,0.0,3.14894368004685,11.11949266561509,180.0,180.0,HIGH,2
D_31,2026-09-11T15:52:37.195064,12.980600000000011,77.5946,15.0,0.0,6.821713993291443,66.71695598796241,180.0,180.0,HIGH,2
D_31,2026-09-11T15:52:42.195064,12.981100000000012,77.5946,15.0,0.0,8.680363424305302,122.31441931030972,180.0,180.0,HIGH,2
D_32,2026-09-11T15:51:07.195064,12.9716,77.5946,15.0,0.0,6.080135197622467,934.0373838142893,0.0,0.0,HIGH,1
D_32,2026-09-11T15:51:12.195064,12.972100000000001,77.5946,15.0,0.0,8.894909504980475,878.439920491942,0.0,0.0,HIGH,1
D_32,2026-09-11T15:51:17.195064,12.972600000000002,77.5946,15.0,0.0,2.987789504197141,822.8424571695948,0.0,0.0,HIGH,1
D_32,2026-09-11T15:51:22.195064,12.973100000000002,77.5946,15.0,0.0,8.396753525349432,767.2449938472473,0.0,0.0,HIGH,1
D_32,2026-09-11T15:51:27.195064,12.973600000000003,77.5946,15.0,0.0,4.34288889660297,711.6475305248999,0.0,0.0,HIGH,1
D_32,2026-09-11T15:51:32.195064,12.974100000000004,77.5946,15.0,0.0,9.021783907252209,656.0500672025527,0.0,0.0,HIGH,1
D_32,2026-09-11T15:51:37.195064,12.974600000000004,77.5946,15.0,0.0,6.478736940972879,600.4526038802054,0.0,0.0,HIGH,1
D_32,2026-09-11T15:51:42.195064,12.975100000000005,77.5946,15.0,0.0,8.551079979702681,544.855140557858,0.0,0.0,HIGH,1
D_32,2026-09-11T15:51:47.195064,12.975600000000005,77.5946,15.0,0.0,2.9182328019285757,489.25767723551076,0.0,0.0,HIGH,1
D_32,2026-09-11T15:51:52.195064,12.976100000000006,77.5946,15.0,0.0,4.386236449882049,433.66021391316343,0.0,0.0,HIGH,1
D_32,2026-09-11T15:51:57.195064,12.976600000000007,77.5946,15.0,0.0,3.7612248600397917,378.06275059081617,0.0,0.0,HIGH,1
D_32,2026-09-11T15:52:02.195064,12.977100000000007,77.5946,15.0,0.0,4.475153885362174,322.4652872684688,0.0,0.0,HIGH,1
D_32,2026-09-11T15:52:07.195064,12.977600000000008,77.5946,15.0,0.0,7.212085462200655,266.86782394612146,0.0,0.0,HIGH,2
D_32,2026-09-11T15:52:12.195064,12.978100000000008,77.5946,15.0,0.0,3.7473438924140643,211.27036062377417,0.0,0.0,HIGH,2
D_32,2026-09-11T15:52:17.195064,12.978600000000009,77.5946,15.0,0.0,9.988521793959958,155.67289730142684,0.0,0.0,HIGH,2
D_32,2026-09-11T15:52:22.195064,12.97910000000001,77.5946,15.0,0.0,2.7513384210659497,100.07543397907953,0.0,0.0,HIGH,2
D_32,2026-09-11T15:52:27.195064,12.97960000000001,77.5946,15.0,0.0,6.877914738132339,44.477970656732225,0.0,0.0,HIGH,2
D_32,2026-09-11T15:52:32.195064,12.98010000000001,77.5946,15.0,0.0,5.210905350785479,11.11949266561509,180.0,180.0,HIGH,2
D_32,2026-09-11T15:52:37.195064,12.980600000000011,77.5946,15.0,0.0,6.250214877554877,66.71695598796241,180.0,180.0,HIGH,2
D_32,2026-09-11T15:52:42.195064,12.981100000000012,77.5946,15.0,0.0,9.93858208378403,122.31441931030972,180.0,180.0,HIGH,2
D_33,2026-09-11T15:51:07.195064,12.9716,77.5946,15.0,0.0,7.951842256164552,934.0373838142893,0.0,0.0,HIGH,1
D_33,2026-09-11T15:51:12.195064,12.972100000000001,77.5946,15.0,0.0,5.902163247754343,878.439920491942,0.0,0.0,HIGH,1
D_33,2026-09-11T15:51:17.195064,12.972600000000002,77.5946,15.0,0.0,7.092405015782076,822.8424571695948,0.0,0.0,HIGH,1
D_33,2026-09-11T15:51:22.195064,12.973100000000002,77.5946,15.0,0.0,7.49536874090936,767.2449938472473,0.0,0.0,HIGH,1
D_33,2026-09-11T15:51:27.195064,12.973600000000003,77.5946,15.0,0.0,4.343081290992799,711.6475305248999,0.0,0.0,HIGH,1
D_33,2026-09-11T15:51:32.195064,12.974100000000004,77.5946,15.0,0.0,4.565393118370633,656.0500672025527,0.0,0.0,HIGH,1
D_33,2026-09-11T15:51:37.195064,12.974600000000004,77.5946,15.0,0.0,6.601413111121361,600.4526038802054,0.0,0.0,HIGH,1
D_33,2026-09-11T15:51:42.195064,12.975100000000005,77.5946,15.0,0.0,9.23332046221454,544.855140557858,0.0,0.0,HIGH,1
D_33,2026-09-11T15:51:47.195064,12.975600000000005,77.5946,15.0,0.0,7.156562256402872,489.25767723551076,0.0,0.0,HIGH,1
D_33,2026-09-11T15:51:52.195064,12.976100000000006,77.5946,15.0,0.0,3.9616569900834584,433.66021391316343,0.0,0.0,HIGH,1
D_33,2026-09-11T15:51:57.195064,12.976600000000007,77.5946,15.0,0.0,4.708653791999676,378.06275059081617,0.0,0.0,HIGH,1
D_33,2026-09-11T15:52:02.195064,12.977100000000007,77.5946,15.0,0.0,5.955269227710529,322.4652872684688,0.0,0.0,HIGH,1
D_33,2026-09-11T15:52:07.195064,12.977600000000008,77.5946,15.0,0.0,6.27570167054401,266.86782394612146,0.0,0.0,HIGH,2
D_33,2026-09-11T15:52:12.195064,12.978100000000008,77.5946,15.0,0.0,7.89022673323849,211.27036062377417,0.0,0.0,HIGH,2
D_33,2026-09-11T15:52:17.195064,12.978600000000009,77.5946,15.0,0.0,7.571728940404888,155.67289730142684,0.0,0.0,HIGH,2
D_33,2026-09-11T15:52:22.195064,12.97910000000001,77.5946,15.0,0.0,3.862856668049351,100.07543397907953,0.0,0.0,HIGH,2
D_33,2026-09-11T15:52:27.195064,12.97960000000001,77.5946,15.0,0.0,7.72369012438772,44.477970656732225,0.0,0.0,HIGH,2
D_33,2026-09-11T15:52:32.195064,12.98010000000001,77.5946,15.0,0.0,6.271829127152113,11.11949266561509,180.0,180.0,HIGH,2
D_33,2026-09-11T15:52:37.195064,12.980600000000011,77.5946,15.0,0.0,8.074889317554273,66.71695598796241,180.0,180.0,HIGH,2
D_33,2026-09-11T15:52:42.195064,12.981100000000012,77.5946,15.0,0.0,7.422442790896882,122.31441931030972,180.0,180.0,HIGH,2
D_34,2026-09-11T15:51:07.195064,12.9716,77.5946,15.0,0.0,4.3245308606999195,934.0373838142893,0.0,0.0,HIGH,1
D_34,2026-09-11T15:51:12.195064,12.972100000000001,77.5946,15.0,0.0,5.121243980626737,878.439920491942,0.0,0.0,HIGH,1
D_34,2026-09-11T15:51:17.195064,12.972600000000002,77.5946,15.0,0.0,7.233328760137846,822.8424571695948,0.0,0.0,HIGH,1
D_34,2026-09-11T15:51:22.195064,12.973100000000002,77.5946,15.0,0.0,5.068337793661443,767.2449938472473,0.0,0.0,HIGH,1
D_34,2026-09-11T15:51:27.195064,12.973600000000003,77.5946,15.0,0.0,9.742535489755245,711.6475305248999,0.0,0.0,HIGH,1
D_34,2026-09-11T15:51:32.195064,12.974100000000004,77.5946,15.0,0.0,5.131296764496126,656.0500672025527,0.0,0.0,HIGH,1
D_34,2026-09-11T15:51:37.195064,12.974600000000004,77.5946,15.0,0.0,2.7178049338505845,600.4526038802054,0.0,0.0,HIGH,1
D_34,2026-09-11T15:51:42.195064,12.975100000000005,77.5946,15.0,0.0,5.988124506407753,544.855140557858,0.0,0.0,HIGH,1
D_34,2026-09-11T15:51:47.195064,12.975600000000005,77.5946,15.0,0.0,3.034315808991848,489.25767723551076,0.0,0.0,HIGH,1
D_34,2026-09-11T15:51:52.195064,12.976100000000006,77.5946,15.0,0.0,8.495483944351498,433.66021391316343,0.0,0.0,HIGH,1
D_34,2026-09-11T15:51:57.195064,12.976600000000007,77.5946,15.0,0.0,3.3267755004984414,378.06275059081617,0.0,0.0,HIGH,1
D_34,2026-09-11T15:52:02.195064,12.977100000000007,77.5946,15.0,0.0,9.540642942171406,322.4652872684688,0.0,0.0,HIGH,1
D_34,2026-09-11T15:52:07.195064,12.977600000000008,77.5946,15.0,0.0,8.128825729956358,266.86782394612146,0.0,0.0,HIGH,2
D_34,2026-09-11T15:52:12.195064,12.978100000000008,77.5946,15.0,0.0,6.010782984840684,211.27036062377417,0.0,0.0,HIGH,2
D_34,2026-09-11T15:52:17.195064,12.978600000000009,77.5946,15.0,0.0,7.581253209927207,155.67289730142684,0.0,0.0,HIGH,2
D_34,2026-09-11T15:52:22.195064,12.97910000000001,77.5946,15.0,0.0,7.177285626824309,100.07543397907953,0.0,0.0,HIGH,2
D_34,2026-09-11T15:52:27.195064,12.97960000000001,77.5946,15.0,0.0,3.140019801182185,44.477970656732225,0.0,0.0,HIGH,2
D_34,2026-09-11T15:52:32.195064,12.98010000000001,77.5946,15.0,0.0,8.67928029894334,11.11949266561509,180.0,180.0,HIGH,2
D_34,2026-09-11T15:52:37.195064,12.980600000000011,77.5946,15.0,0.0,3.455420355038682,66.71695598796241,180.0,180.0,HIGH,2
D_34,2026-09-11T15:52:42.195064,12.981100000000012,77.5946,15.0,0.0,7.620163346883529,122.31441931030972,180.0,180.0,HIGH,2
D_35,2026-09-11T15:51:07.195064,12.9716,77.5946,15.0,0.0,4.222254251093295,934.0373838142893,0.0,0.0,HIGH,1
D_35,2026-09-11T15:51:12.195064,12.972100000000001,77.5946,15.0,0.0,7.348021520493938,878.439920491942,0.0,0.0,HIGH,1
D_35,2026-09-11T15:51:17.195064,12.972600000000002,77.5946,15.0,0.0,5.662948095382193,822.8424571695948,0.0,0.0,HIGH,1
D_35,2026-09-11T15:51:22.195064,12.973100000000002,77.5946,15.0,0.0,6.40864306762696,767.2449938472473,0.0,0.0,HIGH,1
D_35,2026-09-11T15:51:27.195064,12.973600000000003,77.5946,15.0,0.0,8.011974613837967,711.6475305248999,0.0,0.0,HIGH,1
D_35,2026-09-11T15:51:32.195064,12.974100000000004,77.5946,15.0,0.0,2.4384852060849704,656.0500672025527,0.0,0.0,HIGH,1
D_35,2026-09-11T15:51:37.195064,12.974600000000004,77.5946,15.0,0.0,7.876450998249696,600.4526038802054,0.0,0.0,HIGH,1
D_35,2026-09-11T15:51:42.195064,12.975100000000005,77.5946,15.0,0.0,6.901376206760154,544.855140557858,0.0,0.0,HIGH,1
D_35,2026-09-11T15:51:47.195064,12.975600000000005,77.5946,15.0,0.0,8.91917871583821,489.25767723551076,0.0,0.0,HIGH,1
D_35,2026-09-11T15:51:52.195064,12.976100000000006,77.5946,15.0,0.0,7.517190246025325,433.66021391316343,0.0,0.0,HIGH,1
D_35,2026-09-11T15:51:57.195064,12.976600000000007,77.5946,15.0,0.0,8.552028017133294,378.06275059081617,0.0,0.0,HIGH,1
D_35,2026-09-11T15:52:02.195064,12.977100000000007,77.5946,15.0,0.0,6.728397632935559,322.4652872684688,0.0,0.0,HIGH,1
D_35,2026-09-11T15:52:07.195064,12.977600000000008,77.5946,15.0,0.0,9.205361658260607,266.86782394612146,0.0,0.0,HIGH,2
D_35,2026-09-11T15:52:12.195064,12.978100000000008,77.5946,15.0,0.0,4.995707800307433,211.27036062377417,0.0,0.0,HIGH,2
D_35,2026-09-11T15:52:17.195064,12.978600000000009,77.5946,15.0,0.0,9.116743363192025,155.67289730142684,0.0,0.0,HIGH,2
D_35,2026-09-11T15:52:22.195064,12.97910000000001,77.5946,15.0,0.0,4.033640336007976,100.07543397907953,0.0,0.0,HIGH,2
D_35,2026-09-11T15:52:27.195064,12.97960000000001,77.5946,15.0,0.0,5.503066782135854,44.477970656732225,0.0,0.0,HIGH,2
D_35,2026-09-11T15:52:32.195064,12.98010000000001,77.5946,15.0,0.0,9.377562338611224,11.11949266561509,180.0,180.0,HIGH,2
D_35,2026-09-11T15:52:37.195064,12.980600000000011,77.5946,15.0,0.0,9.69195666719462,66.71695598796241,180.0,180.0,HIGH,2
D_35,2026-09-11T15:52:42.195064,12.981100000000012,77.5946,15.0,0.0,9.172021399230209,122.31441931030972,180.0,180.0,HIGH,2
D_36,2026-09-11T15:51:07.199428,12.9716,77.5946,15.0,0.0,4.746995996896149,934.0373838142893,0.0,0.0,HIGH,1
D_36,2026-09-11T15:51:12.199428,12.972100000000001,77.5946,15.0,0.0,6.067842642832165,878.439920491942,0.0,0.0,HIGH,1
D_36,2026-09-11T15:51:17.199428,12.972600000000002,77.5946,15.0,0.0,4.8075945761761805,822.8424571695948,0.0,0.0,HIGH,1
D_36,2026-09-11T15:51:22.199428,12.973100000000002,77.5946,15.0,0.0,9.549497185444718,767.2449938472473,0.0,0.0,HIGH,1
D_36,2026-09-11T15:51:27.199428,12.973600000000003,77.5946,15.0,0.0,4.279051164387163,711.6475305248999,0.0,0.0,HIGH,1
D_36,2026-09-11T15:51:32.199428,12.974100000000004,77.5946,15.0,0.0,3.7427219815491144,656.0500672025527,0.0,0.0,HIGH,1
D_36,2026-09-11T15:51:37.199428,12.974600000000004,77.5946,15.0,0.0,2.8270480135874214,600.4526038802054,0.0,0.0,HIGH,1
D_36,2026-09-11T15:51:42.199428,12.975100000000005,77.5946,15.0,0.0,7.14093269360684,544.855140557858,0.0,0.0,HIGH,1
D_36,2026-09-11T15:51:47.199428,12.975600000000005,77.5946,15.0,0.0,6.5557039834346,489.25767723551076,0.0,0.0,HIGH,1
D_36,2026-09-11T15:51:52.199428,12.976100000000006,77.5946,15.0,0.0,5.091473188078799,433.66021391316343,0.0,0.0,HIGH,1
D_36,2026-09-11T15:51:57.199428,12.976600000000007,77.5946,15.0,0.0,6.781718959002802,378.06275059081617,0.0,0.0,HIGH,1
D_36,2026-09-11T15:52:02.199428,12.977100000000007,77.5946,15.0,0.0,2.4911118879709795,322.4652872684688,0.0,0.0,HIGH,1
D_36,2026-09-11T15:52:07.199428,12.977600000000008,77.5946,15.0,0.0,5.2555999525422505,266.86782394612146,0.0,0.0,HIGH,2
D_36,2026-09-11T15:52:12.199428,12.978100000000008,77.5946,15.0,0.0,9.028671069971097,211.27036062377417,0.0,0.0,HIGH,2
D_36,2026-09-11T15:52:17.199428,12.978600000000009,77.5946,15.0,0.0,9.068211446651535,155.67289730142684,0.0,0.0,HIGH,2
D_36,2026-09-11T15:52:22.199428,12.97910000000001,77.5946,15.0,0.0,6.339274023142232,100.07543397907953,0.0,0.0,HIGH,2
D_36,2026-09-11T15:52:27.199428,12.97960000000001,77.5946,15.0,0.0,9.664775755794068,44.477970656732225,0.0,0.0,HIGH,2
D_36,2026-09-11T15:52:32.199428,12.98010000000001,77.5946,15.0,0.0,9.195134701645696,11.11949266561509,180.0,180.0,HIGH,2
D_36,2026-09-11T15:52:37.199428,12.980600000000011,77.5946,15.0,0.0,3.6265610649174276,66.71695598796241,180.0,180.0,HIGH,2
D_36,2026-09-11T15:52:42.199428,12.981100000000012,77.5946,15.0,0.0,2.7681209246609546,122.31441931030972,180.0,180.0,HIGH,2
D_37,2026-09-11T15:51:07.199428,12.9716,77.5946,15.0,0.0,4.53702188071367,934.0373838142893,0.0,0.0,HIGH,1
D_37,2026-09-11T15:51:12.199428,12.972100000000001,77.5946,15.0,0.0,6.8133740114326855,878.439920491942,0.0,0.0,HIGH,1
D_37,2026-09-11T15:51:17.199428,12.972600000000002,77.5946,15.0,0.0,6.334373645064313,822.8424571695948,0.0,0.0,HIGH,1
D_37,2026-09-11T15:51:22.199428,12.973100000000002,77.5946,15.0,0.0,8.504828795102949,767.2449938472473,0.0,0.0,HIGH,1
D_37,2026-09-11T15:51:27.199428,12.973600000000003,77.5946,15.0,0.0,2.5673449153506516,711.6475305248999,0.0,0.0,HIGH,1
D_37,2026-09-11T15:51:32.199428,12.974100000000004,77.5946,15.0,0.0,3.4119218801651874,656.0500672025527,0.0,0.0,HIGH,1
D_37,2026-09-11T15:51:37.199428,12.974600000000004,77.5946,15.0,0.0,2.1681323710978964,600.4526038802054,0.0,0.0,HIGH,1
D_37,2026-09-11T15:51:42.199428,12.975100000000005,77.5946,15.0,0.0,9.918975549134956,544.855140557858,0.0,0.0,HIGH,1
D_37,2026-09-11T15:51:47.199428,12.975600000000005,77.5946,15.0,0.0,7.585729951364863,489.25767723551076,0.0,0.0,HIGH,1
D_37,2026-09-11T15:51:52.199428,12.976100000000006,77.5946,15.0,0.0,5.910684264580964,433.66021391316343,0.0,0.0,HIGH,1
D_37,2026-09-11T15:51:57.199428,12.976600000000007,77.5946,15.0,0.0,8.007245727966737,378.06275059081617,0.0,0.0,HIGH,1
D_37,2026-09-11T15:52:02.199428,12.977100000000007,77.5946,15.0,0.0,5.870212645785239,322.4652872684688,0.0,0.0,HIGH,1
D_37,2026-09-11T15:52:07.199428,12.977600000000008,77.5946,15.0,0.0,9.786597222927131,266.86782394612146,0.0,0.0,HIGH,2
D_37,2026-09-11T15:52:12.199428,12.978100000000008,77.5946,15.0,0.0,4.869187824430753,211.27036062377417,0.0,0.0,HIGH,2
D_37,2026-09-11T15:52:17.199428,12.978600000000009,77.5946,15.0,0.0,3.967368360874808,155.67289730142684,0.0,0.0,HIGH,2
D_37,2026-09-11T15:52:22.199428,12.97910000000001,77.5946,15.0,0.0,3.3888275299978394,100.07543397907953,0.0,0.0,HIGH,2
D_37,2026-09-11T15:52:27.199428,12.97960000000001,77.5946,15.0,0.0,2.177060443142474,44.477970656732225,0.0,0.0,HIGH,2
D_37,2026-09-11T15:52:32.199428,12.98010000000001,77.5946,15.0,0.0,2.7913351772451227,11.11949266561509,180.0,180.0,HIGH,2
D_37,2026-09-11T15:52:37.199428,12.980600000000011,77.5946,15.0,0.0,6.942455321807042,66.71695598796241,180.0,180.0,HIGH,2
D_37,2026-09-11T15:52:42.199428,12.981100000000012,77.5946,15.0,0.0,6.188052410724217,122.31441931030972,180.0,180.0,HIGH,2
D_38,2026-09-11T15:51:07.200444,12.9716,77.5946,15.0,0.0,2.52869595191914,934.0373838142893,0.0,0.0,HIGH,1
D_38,2026-09-11T15:51:12.200444,12.972100000000001,77.5946,15.0,0.0,3.6784014918367074,878.439920491942,0.0,0.0,HIGH,1
D_38,2026-09-11T15:51:17.200444,12.972600000000002,77.5946,15.0,0.0,9.30117223506206,822.8424571695948,0.0,0.0,HIGH,1
D_38,2026-09-11T15:51:22.200444,12.973100000000002,77.5946,15.0,0.0,2.312761952981778,767.2449938472473,0.0,0.0,HIGH,1
D_38,2026-09-11T15:51:27.200444,12.973600000000003,77.5946,15.0,0.0,6.251146503773756,711.6475305248999,0.0,0.0,HIGH,1
D_38,2026-09-11T15:51:32.200444,12.974100000000004,77.5946,15.0,0.0,2.7347655817833596,656.0500672025527,0.0,0.0,HIGH,1
D_38,2026-09-11T15:51:37.200444,12.974600000000004,77.5946,15.0,0.0,7.4290447578489935,600.4526038802054,0.0,0.0,HIGH,1
D_38,2026-09-11T15:51:42.200444,12.975100000000005,77.5946,15.0,0.0,9.089342504289762,544.855140557858,0.0,0.0,HIGH,1
D_38,2026-09-11T15:51:47.200444,12.975600000000005,77.5946,15.0,0.0,6.6944993134730675,489.25767723551076,0.0,0.0,HIGH,1
D_38,2026-09-11T15:51:52.200444,12.976100000000006,77.5946,15.0,0.0,9.50368278236753,433.66021391316343,0.0,0.0,HIGH,1
D_38,2026-09-11T15:51:57.200444,12.976600000000007,77.5946,15.0,0.0,9.20181876563301,378.06275059081617,0.0,0.0,HIGH,1
D_38,2026-09-11T15:52:02.200444,12.977100000000007,77.5946,15.0,0.0,5.004976871550176,322.4652872684688,0.0,0.0,HIGH,1
D_38,2026-09-11T15:52:07.200444,12.977600000000008,77.5946,15.0,0.0,7.0548614614344345,266.86782394612146,0.0,0.0,HIGH,2
D_38,2026-09-11T15:52:12.200444,12.978100000000008,77.5946,15.0,0.0,5.098727785663355,211.27036062377417,0.0,0.0,HIGH,2
D_38,2026-09-11T15:52:17.200444,12.978600000000009,77.5946,15.0,0.0,9.426837233194991,155.67289730142684,0.0,0.0,HIGH,2
D_38,2026-09-11T15:52:22.200444,12.97910000000001,77.5946,15.0,0.0,3.3525587215407393,100.07543397907953,0.0,0.0,HIGH,2
D_38,2026-09-11T15:52:27.200444,12.97960000000001,77.5946,15.0,0.0,6.89280992482224,44.477970656732225,0.0,0.0,HIGH,2
D_38,2026-09-11T15:52:32.200444,12.98010000000001,77.5946,15.0,0.0,3.798496926822172,11.11949266561509,180.0,180.0,HIGH,2
D_38,2026-09-11T15:52:37.200444,12.980600000000011,77.5946,15.0,0.0,4.822164114987466,66.71695598796241,180.0,180.0,HIGH,2
D_38,2026-09-11T15:52:42.200444,12.981100000000012,77.5946,15.0,0.0,3.5794562116428548,122.31441931030972,180.0,180.0,HIGH,2
D_39,2026-09-11T15:51:07.200444,12.9716,77.5946,15.0,0.0,7.811842718631614,934.0373838142893,0.0,0.0,HIGH,1
D_39,2026-09-11T15:51:12.200444,12.972100000000001,77.5946,15.0,0.0,6.189080366271515,878.439920491942,0.0,0.0,HIGH,1
D_39,2026-09-11T15:51:17.200444,12.972600000000002,77.5946,15.0,0.0,6.392222740459619,822.8424571695948,0.0,0.0,HIGH,1
D_39,2026-09-11T15:51:22.200444,12.973100000000002,77.5946,15.0,0.0,3.824479513517044,767.2449938472473,0.0,0.0,HIGH,1
D_39,2026-09-11T15:51:27.200444,12.973600000000003,77.5946,15.0,0.0,6.966224278817751,711.6475305248999,0.0,0.0,HIGH,1
D_39,2026-09-11T15:51:32.200444,12.974100000000004,77.5946,15.0,0.0,9.18077345422558,656.0500672025527,0.0,0.0,HIGH,1
D_39,2026-09-11T15:51:37.200444,12.974600000000004,77.5946,15.0,0.0,5.427084860290046,600.4526038802054,0.0,0.0,HIGH,1
D_39,2026-09-11T15:51:42.200444,12.975100000000005,77.5946,15.0,0.0,3.3730762595568926,544.855140557858,0.0,0.0,HIGH,1
D_39,2026-09-11T15:51:47.200444,12.975600000000005,77.5946,15.0,0.0,3.381488210445416,489.25767723551076,0.0,0.0,HIGH,1
D_39,2026-09-11T15:51:52.200444,12.976100000000006,77.5946,15.0,0.0,6.5870986488983005,433.66021391316343,0.0,0.0,HIGH,1
D_39,2026-09-11T15:51:57.200444,12.976600000000007,77.5946,15.0,0.0,3.711315909846757,378.06275059081617,0.0,0.0,HIGH,1
D_39,2026-09-11T15:52:02.200444,12.977100000000007,77.5946,15.0,0.0,6.57813894128451,322.4652872684688,0.0,0.0,HIGH,1
D_39,2026-09-11T15:52:07.200444,12.977600000000008,77.5946,15.0,0.0,7.768407766051634,266.86782394612146,0.0,0.0,HIGH,2
D_39,2026-09-11T15:52:12.200444,12.978100000000008,77.5946,15.0,0.0,2.7008940166893565,211.27036062377417,0.0,0.0,HIGH,2
D_39,2026-09-11T15:52:17.200444,12.978600000000009,77.5946,15.0,0.0,3.5685026703355973,155.67289730142684,0.0,0.0,HIGH,2
D_39,2026-09-11T15:52:22.200444,12.97910000000001,77.5946,15.0,0.0,9.583749627610887,100.07543397907953,0.0,0.0,HIGH,2
D_39,2026-09-11T15:52:27.200444,12.97960000000001,77.5946,15.0,0.0,8.912847100715926,44.477970656732225,0.0,0.0,HIGH,2
D_39,2026-09-11T15:52:32.200444,12.98010000000001,77.5946,15.0,0.0,3.045864268361214,11.11949266561509,180.0,180.0,HIGH,2
D_39,2026-09-11T15:52:37.200444,12.980600000000011,77.5946,15.0,0.0,3.5524892839659277,66.71695598796241,180.0,180.0,HIGH,2
D_39,2026-09-11T15:52:42.200444,12.981100000000012,77.5946,15.0,0.0,7.606629357192036,122.31441931030972,180.0,180.0,HIGH,2
D_40,2026-09-11T15:51:07.201441,12.9716,77.5946,15.0,0.0,8.102082146196853,934.0373838142893,0.0,0.0,HIGH,1
D_40,2026-09-11T15:51:12.201441,12.972100000000001,77.5946,15.0,0.0,7.626808648882728,878.439920491942,0.0,0.0,HIGH,1
D_40,2026-09-11T15:51:17.201441,12.972600000000002,77.5946,15.0,0.0,8.747684115668491,822.8424571695948,0.0,0.0,HIGH,1
D_40,2026-09-11T15:51:22.201441,12.973100000000002,77.5946,15.0,0.0,7.667730650594917,767.2449938472473,0.0,0.0,HIGH,1
D_40,2026-09-11T15:51:27.201441,12.973600000000003,77.5946,15.0,0.0,8.723819402440952,711.6475305248999,0.0,0.0,HIGH,1
D_40,2026-09-11T15:51:32.201441,12.974100000000004,77.5946,15.0,0.0,7.35582606720319,656.0500672025527,0.0,0.0,HIGH,1
D_40,2026-09-11T15:51:37.201441,12.974600000000004,77.5946,15.0,0.0,4.920363631409559,600.4526038802054,0.0,0.0,HIGH,1
D_40,2026-09-11T15:51:42.201441,12.975100000000005,77.5946,15.0,0.0,7.171171421685568,544.855140557858,0.0,0.0,HIGH,1
D_40,2026-09-11T15:51:47.201441,12.975600000000005,77.5946,15.0,0.0,4.628910596287911,489.25767723551076,0.0,0.0,HIGH,1
D_40,2026-09-11T15:51:52.201441,12.976100000000006,77.5946,15.0,0.0,4.264587165620077,433.66021391316343,0.0,0.0,HIGH,1
D_40,2026-09-11T15:51:57.201441,12.976600000000007,77.5946,15.0,0.0,9.27145830651722,378.06275059081617,0.0,0.0,HIGH,1
D_40,2026-09-11T15:52:02.201441,12.977100000000007,77.5946,15.0,0.0,2.4798594517450443,322.4652872684688,0.0,0.0,HIGH,1
D_40,2026-09-11T15:52:07.201441,12.977600000000008,77.5946,15.0,0.0,4.215927297840202,266.86782394612146,0.0,0.0,HIGH,2
D_40,2026-09-11T15:52:12.201441,12.978100000000008,77.5946,15.0,0.0,8.748728404711262,211.27036062377417,0.0,0.0,HIGH,2
D_40,2026-09-11T15:52:17.201441,12.978600000000009,77.5946,15.0,0.0,3.82825369226388,155.67289730142684,0.0,0.0,HIGH,2
D_40,2026-09-11T15:52:22.201441,12.97910000000001,77.5946,15.0,0.0,5.0170554725637935,100.07543397907953,0.0,0.0,HIGH,2
D_40,2026-09-11T15:52:27.201441,12.97960000000001,77.5946,15.0,0.0,9.463586156993546,44.477970656732225,0.0,0.0,HIGH,2
D_40,2026-09-11T15:52:32.201441,12.98010000000001,77.5946,15.0,0.0,9.710533365218604,11.11949266561509,180.0,180.0,HIGH,2
D_40,2026-09-11T15:52:37.201441,12.980600000000011,77.5946,15.0,0.0,5.876108581654417,66.71695598796241,180.0,180.0,HIGH,2
D_40,2026-09-11T15:52:42.201441,12.981100000000012,77.5946,15.0,0.0,7.571156582925754,122.31441931030972,180.0,180.0,HIGH,2
D_41,2026-09-11T15:51:07.201441,12.9716,77.5946,15.0,0.0,9.30525518523767,934.0373838142893,0.0,0.0,HIGH,1
D_41,2026-09-11T15:51:12.201441,12.972100000000001,77.5946,15.0,0.0,3.3975617795685595,878.439920491942,0.0,0.0,HIGH,1
D_41,2026-09-11T15:51:17.201441,12.972600000000002,77.5946,15.0,0.0,6.584988066064033,822.8424571695948,0.0,0.0,HIGH,1
D_41,2026-09-11T15:51:22.201441,12.973100000000002,77.5946,15.0,0.0,7.059114788734695,767.2449938472473,0.0,0.0,HIGH,1
D_41,2026-09-11T15:51:27.201441,12.973600000000003,77.5946,15.0,0.0,6.232279886761741,711.6475305248999,0.0,0.0,HIGH,1
D_41,2026-09-11T15:51:32.201441,12.974100000000004,77.5946,15.0,0.0,8.552540136415438,656.0500672025527,0.0,0.0,HIGH,1
D_41,2026-09-11T15:51:37.201441,12.974600000000004,77.5946,15.0,0.0,9.3516389561837,600.4526038802054,0.0,0.0,HIGH,1
D_41,2026-09-11T15:51:42.201441,12.975100000000005,77.5946,15.0,0.0,3.5176218776786046,544.855140557858,0.0,0.0,HIGH,1
D_41,2026-09-11T15:51:47.201441,12.975600000000005,77.5946,15.0,0.0,7.858076926082628,489.25767723551076,0.0,0.0,HIGH,1
D_41,2026-09-11T15:51:52.201441,12.976100000000006,77.5946,15.0,0.0,6.60576057877226,433.66021391316343,0.0,0.0,HIGH,1
D_41,2026-09-11T15:51:57.201441,12.976600000000007,77.5946,15.0,0.0,5.298438295303108,378.06275059081617,0.0,0.0,HIGH,1
D_41,2026-09-11T15:52:02.201441,12.977100000000007,77.5946,15.0,0.0,2.34612635710657,322.4652872684688,0.0,0.0,HIGH,1
D_41,2026-09-11T15:52:07.201441,12.977600000000008,77.5946,15.0,0.0,2.4564048952858712,266.86782394612146,0.0,0.0,HIGH,2
D_41,2026-09-11T15:52:12.201441,12.978100000000008,77.5946,15.0,0.0,6.3648552352506895,211.27036062377417,0.0,0.0,HIGH,2
D_41,2026-09-11T15:52:17.201441,12.978600000000009,77.5946,15.0,0.0,2.9677682019743195,155.67289730142684,0.0,0.0,HIGH,2
D_41,2026-09-11T15:52:22.201441,12.97910000000001,77.5946,15.0,0.0,8.450036605714573,100.07543397907953,0.0,0.0,HIGH,2
D_41,2026-09-11T15:52:27.201441,12.97960000000001,77.5946,15.0,0.0,7.535157774698049,44.477970656732225,0.0,0.0,HIGH,2
D_41,2026-09-11T15:52:32.201441,12.98010000000001,77.5946,15.0,0.0,5.277637740848496,11.11949266561509,180.0,180.0,HIGH,2
D_41,2026-09-11T15:52:37.201441,12.980600000000011,77.5946,15.0,0.0,9.309110443780892,66.71695598796241,180.0,180.0,HIGH,2
D_41,2026-09-11T15:52:42.201441,12.981100000000012,77.5946,15.0,0.0,8.136192976896275,122.31441931030972,180.0,180.0,HIGH,2
D_42,2026-09-11T15:51:07.202440,12.9716,77.5946,15.0,0.0,5.99604640532212,934.0373838142893,0.0,0.0,HIGH,1
D_42,2026-09-11T15:51:12.202440,12.972100000000001,77.5946,15.0,0.0,4.632753111334262,878.439920491942,0.0,0.0,HIGH,1
D_42,2026-09-11T15:51:17.202440,12.972600000000002,77.5946,15.0,0.0,5.490810747090067,822.8424571695948,0.0,0.0,HIGH,1
D_42,2026-09-11T15:51:22.202440,12.973100000000002,77.5946,15.0,0.0,8.997203404901065,767.2449938472473,0.0,0.0,HIGH,1
D_42,2026-09-11T15:51:27.202440,12.973600000000003,77.5946,15.0,0.0,9.291525893555594,711.6475305248999,0.0,0.0,HIGH,1
D_42,2026-09-11T15:51:32.202440,12.974100000000004,77.5946,15.0,0.0,8.994493260553252,656.0500672025527,0.0,0.0,HIGH,1
D_42,2026-09-11T15:51:37.202440,12.974600000000004,77.5946,15.0,0.0,8.071806081157785,600.4526038802054,0.0,0.0,HIGH,1
D_42,2026-09-11T15:51:42.202440,12.975100000000005,77.5946,15.0,0.0,9.30919051670197,544.855140557858,0.0,0.0,HIGH,1
D_42,2026-09-11T15:51:47.202440,12.975600000000005,77.5946,15.0,0.0,5.489881579128574,489.25767723551076,0.0,0.0,HIGH,1
D_42,2026-09-11T15:51:52.202440,12.976100000000006,77.5946,15.0,0.0,4.625284325922722,433.66021391316343,0.0,0.0,HIGH,1
D_42,2026-09-11T15:51:57.202440,12.976600000000007,77.5946,15.0,0.0,2.4571201032912766,378.06275059081617,0.0,0.0,HIGH,1
D_42,2026-09-11T15:52:02.202440,12.977100000000007,77.5946,15.0,0.0,7.862628439839868,322.4652872684688,0.0,0.0,HIGH,1
D_42,2026-09-11T15:52:07.202440,12.977600000000008,77.5946,15.0,0.0,6.422767446295067,266.86782394612146,0.0,0.0,HIGH,2
D_42,2026-09-11T15:52:12.202440,12.978100000000008,77.5946,15.0,0.0,7.989092687660913,211.27036062377417,0.0,0.0,HIGH,2
D_42,2026-09-11T15:52:17.202440,12.978600000000009,77.5946,15.0,0.0,8.45931666921867,155.67289730142684,0.0,0.0,HIGH,2
D_42,2026-09-11T15:52:22.202440,12.97910000000001,77.5946,15.0,0.0,4.036288559556316,100.07543397907953,0.0,0.0,HIGH,2
D_42,2026-09-11T15:52:27.202440,12.97960000000001,77.5946,15.0,0.0,8.595314732494437,44.477970656732225,0.0,0.0,HIGH,2
D_42,2026-09-11T15:52:32.202440,12.98010000000001,77.5946,15.0,0.0,8.766180441399648,11.11949266561509,180.0,180.0,HIGH,2
D_42,2026-09-11T15:52:37.202440,12.980600000000011,77.5946,15.0,0.0,3.985977549945553,66.71695598796241,180.0,180.0,HIGH,2
D_42,2026-09-11T15:52:42.202440,12.981100000000012,77.5946,15.0,0.0,8.606042428620267,122.31441931030972,180.0,180.0,HIGH,2
D_43,2026-09-11T15:51:07.202440,12.9716,77.5946,15.0,0.0,8.529922586245817,934.0373838142893,0.0,0.0,HIGH,1
D_43,2026-09-11T15:51:12.202440,12.972100000000001,77.5946,15.0,0.0,8.600696824359554,878.439920491942,0.0,0.0,HIGH,1
D_43,2026-09-11T15:51:17.202440,12.972600000000002,77.5946,15.0,0.0,7.105821900788235,822.8424571695948,0.0,0.0,HIGH,1
D_43,2026-09-11T15:51:22.202440,12.973100000000002,77.5946,15.0,0.0,9.818396038328752,767.2449938472473,0.0,0.0,HIGH,1
D_43,2026-09-11T15:51:27.202440,12.973600000000003,77.5946,15.0,0.0,5.071791599551212,711.6475305248999,0.0,0.0,HIGH,1
D_43,2026-09-11T15:51:32.202440,12.974100000000004,77.5946,15.0,0.0,3.7674386577450507,656.0500672025527,0.0,0.0,HIGH,1
D_43,2026-09-11T15:51:37.202440,12.974600000000004,77.5946,15.0,0.0,9.021621922505958,600.4526038802054,0.0,0.0,HIGH,1
D_43,2026-09-11T15:51:42.202440,12.975100000000005,77.5946,15.0,0.0,5.7499125321144895,544.855140557858,0.0,0.0,HIGH,1
D_43,2026-09-11T15:51:47.202440,12.975600000000005,77.5946,15.0,0.0,6.685512976209848,489.25767723551076,0.0,0.0,HIGH,1
D_43,2026-09-11T15:51:52.202440,12.976100000000006,77.5946,15.0,0.0,6.25998469377316,433.66021391316343,0.0,0.0,HIGH,1
D_43,2026-09-11T15:51:57.202440,12.976600000000007,77.5946,15.0,0.0,7.920775781913215,378.06275059081617,0.0,0.0,HIGH,1
D_43,2026-09-11T15:52:02.202440,12.977100000000007,77.5946,15.0,0.0,3.5111299900192288,322.4652872684688,0.0,0.0,HIGH,1
D_43,2026-09-11T15:52:07.202440,12.977600000000008,77.5946,15.0,0.0,8.226282643491313,266.86782394612146,0.0,0.0,HIGH,2
D_43,2026-09-11T15:52:12.202440,12.978100000000008,77.5946,15.0,0.0,7.5350960800556654,211.27036062377417,0.0,0.0,HIGH,2
D_43,2026-09-11T15:52:17.202440,12.978600000000009,77.5946,15.0,0.0,9.075254591218494,155.67289730142684,0.0,0.0,HIGH,2
D_43,2026-09-11T15:52:22.202440,12.97910000000001,77.5946,15.0,0.0,7.579570466783302,100.07543397907953,0.0,0.0,HIGH,2
D_43,2026-09-11T15:52:27.202440,12.97960000000001,77.5946,15.0,0.0,2.069017189691337,44.477970656732225,0.0,0.0,HIGH,2
D_43,2026-09-11T15:52:32.202440,12.98010000000001,77.5946,15.0,0.0,8.322124010275013,11.11949266561509,180.0,180.0,HIGH,2
D_43,2026-09-11T15:52:37.202440,12.980600000000011,77.5946,15.0,0.0,8.664481844504259,66.71695598796241,180.0,180.0,HIGH,2
D_43,2026-09-11T15:52:42.202440,12.981100000000012,77.5946,15.0,0.0,2.331480572142034,122.31441931030972,180.0,180.0,HIGH,2
D_44,2026-09-11T15:51:07.203440,12.9716,77.5946,15.0,0.0,6.329576546896888,934.0373838142893,0.0,0.0,HIGH,1
D_44,2026-09-11T15:51:12.203440,12.972100000000001,77.5946,15.0,0.0,6.241235552517323,878.439920491942,0.0,0.0,HIGH,1
D_44,2026-09-11T15:51:17.203440,12.972600000000002,77.5946,15.0,0.0,4.976140595225046,822.8424571695948,0.0,0.0,HIGH,1
D_44,2026-09-11T15:51:22.203440,12.973100000000002,77.5946,15.0,0.0,2.6970112295275426,767.2449938472473,0.0,0.0,HIGH,1
D_44,2026-09-11T15:51:27.203440,12.973600000000003,77.5946,15.0,0.0,8.363684833770996,711.6475305248999,0.0,0.0,HIGH,1
D_44,2026-09-11T15:51:32.203440,12.974100000000004,77.5946,15.0,0.0,8.194483723143506,656.0500672025527,0.0,0.0,HIGH,1
D_44,2026-09-11T15:51:37.203440,12.974600000000004,77.5946,15.0,0.0,3.0421095078846117,600.4526038802054,0.0,0.0,HIGH,1
D_44,2026-09-11T15:51:42.203440,12.975100000000005,77.5946,15.0,0.0,3.4443588413482935,544.855140557858,0.0,0.0,HIGH,1
D_44,2026-09-11T15:51:47.203440,12.975600000000005,77.5946,15.0,0.0,8.415049750234864,489.25767723551076,0.0,0.0,HIGH,1
D_44,2026-09-11T15:51:52.203440,12.976100000000006,77.5946,15.0,0.0,8.354988497099445,433.66021391316343,0.0,0.0,HIGH,1
D_44,2026-09-11T15:51:57.203440,12.976600000000007,77.5946,15.0,0.0,2.508135893008574,378.06275059081617,0.0,0.0,HIGH,1
D_44,2026-09-11T15:52:02.203440,12.977100000000007,77.5946,15.0,0.0,8.926303407351218,322.4652872684688,0.0,0.0,HIGH,1
D_44,2026-09-11T15:52:07.203440,12.977600000000008,77.5946,15.0,0.0,2.5502908178836803,266.86782394612146,0.0,0.0,HIGH,2
D_44,2026-09-11T15:52:12.203440,12.978100000000008,77.5946,15.0,0.0,8.223825582244604,211.27036062377417,0.0,0.0,HIGH,2
D_44,2026-09-11T15:52:17.203440,12.978600000000009,77.5946,15.0,0.0,7.476994689075301,155.67289730142684,0.0,0.0,HIGH,2
D_44,2026-09-11T15:52:22.203440,12.97910000000001,77.5946,15.0,0.0,8.699661147581205,100.07543397907953,0.0,0.0,HIGH,2
D_44,2026-09-11T15:52:27.203440,12.97960000000001,77.5946,15.0,0.0,6.683255565304453,44.477970656732225,0.0,0.0,HIGH,2
D_44,2026-09-11T15:52:32.203440,12.98010000000001,77.5946,15.0,0.0,9.577512096364728,11.11949266561509,180.0,180.0,HIGH,2
D_44,2026-09-11T15:52:37.203440,12.980600000000011,77.5946,15.0,0.0,7.002322696722312,66.71695598796241,180.0,180.0,HIGH,2
D_44,2026-09-11T15:52:42.203440,12.981100000000012,77.5946,15.0,0.0,4.032134427904137,122.31441931030972,180.0,180.0,HIGH,2
D_45,2026-09-11T15:51:07.203440,12.9716,77.5946,15.0,0.0,8.977250684828434,934.0373838142893,0.0,0.0,HIGH,1
D_45,2026-09-11T15:51:12.203440,12.972100000000001,77.5946,15.0,0.0,2.943550713689934,878.439920491942,0.0,0.0,HIGH,1
D_45,2026-09-11T15:51:17.203440,12.972600000000002,77.5946,15.0,0.0,9.315283657563324,822.8424571695948,0.0,0.0,HIGH,1
D_45,2026-09-11T15:51:22.203440,12.973100000000002,77.5946,15.0,0.0,9.579541991203886,767.2449938472473,0.0,0.0,HIGH,1
D_45,2026-09-11T15:51:27.203440,12.973600000000003,77.5946,15.0,0.0,7.016747967196387,711.6475305248999,0.0,0.0,HIGH,1
D_45,2026-09-11T15:51:32.203440,12.974100000000004,77.5946,15.0,0.0,8.241757316023374,656.0500672025527,0.0,0.0,HIGH,1
D_45,2026-09-11T15:51:37.203440,12.974600000000004,77.5946,15.0,0.0,3.8177136827598783,600.4526038802054,0.0,0.0,HIGH,1
D_45,2026-09-11T15:51:42.203440,12.975100000000005,77.5946,15.0,0.0,6.841945530185149,544.855140557858,0.0,0.0,HIGH,1
D_45,2026-09-11T15:51:47.203440,12.975600000000005,77.5946,15.0,0.0,3.29412658193021,489.25767723551076,0.0,0.0,HIGH,1
D_45,2026-09-11T15:51:52.203440,12.976100000000006,77.5946,15.0,0.0,9.106056976932905,433.66021391316343,0.0,0.0,HIGH,1
D_45,2026-09-11T15:51:57.203440,12.976600000000007,77.5946,15.0,0.0,6.769026745697817,378.06275059081617,0.0,0.0,HIGH,1
D_45,2026-09-11T15:52:02.203440,12.977100000000007,77.5946,15.0,0.0,2.1080780916273225,322.4652872684688,0.0,0.0,HIGH,1
D_45,2026-09-11T15:52:07.203440,12.977600000000008,77.5946,15.0,0.0,5.709201780556436,266.86782394612146,0.0,0.0,HIGH,2
D_45,2026-09-11T15:52:12.203440,12.978100000000008,77.5946,15.0,0.0,8.2695661026469,211.27036062377417,0.0,0.0,HIGH,2
D_45,2026-09-11T15:52:17.203440,12.978600000000009,77.5946,15.0,0.0,2.0140418347522546,155.67289730142684,0.0,0.0,HIGH,2
D_45,2026-09-11T15:52:22.203440,12.97910000000001,77.5946,15.0,0.0,4.95909903812752,100.07543397907953,0.0,0.0,HIGH,2
D_45,2026-09-11T15:52:27.203440,12.97960000000001,77.5946,15.0,0.0,6.7739162000273705,44.477970656732225,0.0,0.0,HIGH,2
D_45,2026-09-11T15:52:32.203440,12.98010000000001,77.5946,15.0,0.0,9.549641891711241,11.11949266561509,180.0,180.0,HIGH,2
D_45,2026-09-11T15:52:37.203440,12.980600000000011,77.5946,15.0,0.0,7.140085720465845,66.71695598796241,180.0,180.0,HIGH,2
D_45,2026-09-11T15:52:42.203440,12.981100000000012,77.5946,15.0,0.0,7.792764061105372,122.31441931030972,180.0,180.0,HIGH,2
D_46,2026-09-11T15:51:07.204437,12.9716,77.5946,15.0,0.0,6.0083039492840244,934.0373838142893,0.0,0.0,HIGH,1
D_46,2026-09-11T15:51:12.204437,12.972100000000001,77.5946,15.0,0.0,8.884928225845773,878.439920491942,0.0,0.0,HIGH,1
D_46,2026-09-11T15:51:17.204437,12.972600000000002,77.5946,15.0,0.0,6.719529838038806,822.8424571695948,0.0,0.0,HIGH,1
D_46,2026-09-11T15:51:22.204437,12.973100000000002,77.5946,15.0,0.0,7.124034132559908,767.2449938472473,0.0,0.0,HIGH,1
D_46,2026-09-11T15:51:27.204437,12.973600000000003,77.5946,15.0,0.0,8.869310789969136,711.6475305248999,0.0,0.0,HIGH,1
D_46,2026-09-11T15:51:32.204437,12.974100000000004,77.5946,15.0,0.0,9.094400844099653,656.0500672025527,0.0,0.0,HIGH,1
D_46,2026-09-11T15:51:37.204437,12.974600000000004,77.5946,15.0,0.0,6.840822770974549,600.4526038802054,0.0,0.0,HIGH,1
D_46,2026-09-11T15:51:42.204437,12.975100000000005,77.5946,15.0,0.0,9.691349717419278,544.855140557858,0.0,0.0,HIGH,1
D_46,2026-09-11T15:51:47.204437,12.975600000000005,77.5946,15.0,0.0,3.9188581121141848,489.25767723551076,0.0,0.0,HIGH,1
D_46,2026-09-11T15:51:52.204437,12.976100000000006,77.5946,15.0,0.0,7.351614042592389,433.66021391316343,0.0,0.0,HIGH,1
D_46,2026-09-11T15:51:57.204437,12.976600000000007,77.5946,15.0,0.0,8.441780012061162,378.06275059081617,0.0,0.0,HIGH,1
D_46,2026-09-11T15:52:02.204437,12.977100000000007,77.5946,15.0,0.0,9.313478952859334,322.4652872684688,0.0,0.0,HIGH,1
D_46,2026-09-11T15:52:07.204437,12.977600000000008,77.5946,15.0,0.0,9.884441395569633,266.86782394612146,0.0,0.0,HIGH,2
D_46,2026-09-11T15:52:12.204437,12.978100000000008,77.5946,15.0,0.0,9.55571744233984,211.27036062377417,0.0,0.0,HIGH,2
D_46,2026-09-11T15:52:17.204437,12.978600000000009,77.5946,15.0,0.0,6.372804291445445,155.67289730142684,0.0,0.0,HIGH,2
D_46,2026-09-11T15:52:22.204437,12.97910000000001,77.5946,15.0,0.0,4.352541339601901,100.07543397907953,0.0,0.0,HIGH,2
D_46,2026-09-11T15:52:27.204437,12.97960000000001,77.5946,15.0,0.0,4.686148700806384,44.477970656732225,0.0,0.0,HIGH,2
D_46,2026-09-11T15:52:32.204437,12.98010000000001,77.5946,15.0,0.0,7.462615527072033,11.11949266561509,180.0,180.0,HIGH,2
D_46,2026-09-11T15:52:37.204437,12.980600000000011,77.5946,15.0,0.0,2.5102221478065054,66.71695598796241,180.0,180.0,HIGH,2
D_46,2026-09-11T15:52:42.204437,12.981100000000012,77.5946,15.0,0.0,3.355234472815118,122.31441931030972,180.0,180.0,HIGH,2
D_47,2026-09-11T15:51:07.205439,12.9716,77.5946,15.0,0.0,6.841971878585626,934.0373838142893,0.0,0.0,HIGH,1
D_47,2026-09-11T15:51:12.205439,12.972100000000001,77.5946,15.0,0.0,4.312335272306611,878.439920491942,0.0,0.0,HIGH,1
D_47,2026-09-11T15:51:17.205439,12.972600000000002,77.5946,15.0,0.0,2.1473410611358252,822.8424571695948,0.0,0.0,HIGH,1
D_47,2026-09-11T15:51:22.205439,12.973100000000002,77.5946,15.0,0.0,3.273689799307556,767.2449938472473,0.0,0.0,HIGH,1
D_47,2026-09-11T15:51:27.205439,12.973600000000003,77.5946,15.0,0.0,4.96444362380502,711.6475305248999,0.0,0.0,HIGH,1
D_47,2026-09-11T15:51:32.205439,12.974100000000004,77.5946,15.0,0.0,2.9091049802700546,656.0500672025527,0.0,0.0,HIGH,1
D_47,2026-09-11T15:51:37.205439,12.974600000000004,77.5946,15.0,0.0,5.488859628554436,600.4526038802054,0.0,0.0,HIGH,1
D_47,2026-09-11T15:51:42.205439,12.975100000000005,77.5946,15.0,0.0,5.2370466484928295,544.855140557858,0.0,0.0,HIGH,1
D_47,2026-09-11T15:51:47.205439,12.975600000000005,77.5946,15.0,0.0,7.551438946843101,489.25767723551076,0.0,0.0,HIGH,1
D_47,2026-09-11T15:51:52.205439,12.976100000000006,77.5946,15.0,0.0,7.07209571898888,433.66021391316343,0.0,0.0,HIGH,1
D_47,2026-09-11T15:51:57.205439,12.976600000000007,77.5946,15.0,0.0,6.141139656602321,378.06275059081617,0.0,0.0,HIGH,1
D_47,2026-09-11T15:52:02.205439,12.977100000000007,77.5946,15.0,0.0,8.446889037148718,322.4652872684688,0.0,0.0,HIGH,1
D_47,2026-09-11T15:52:07.205439,12.977600000000008,77.5946,15.0,0.0,6.337156448530532,266.86782394612146,0.0,0.0,HIGH,2
D_47,2026-09-11T15:52:12.205439,12.978100000000008,77.5946,15.0,0.0,8.426647318574352,211.27036062377417,0.0,0.0,HIGH,2
D_47,2026-09-11T15:52:17.205439,12.978600000000009,77.5946,15.0,0.0,5.631303065777535,155.67289730142684,0.0,0.0,HIGH,2
D_47,2026-09-11T15:52:22.205439,12.97910000000001,77.5946,15.0,0.0,7.165753985303226,100.07543397907953,0.0,0.0,HIGH,2
D_47,2026-09-11T15:52:27.205439,12.97960000000001,77.5946,15.0,0.0,6.398220761266231,44.477970656732225,0.0,0.0,HIGH,2
D_47,2026-09-11T15:52:32.205439,12.98010000000001,77.5946,15.0,0.0,8.522893764601848,11.11949266561509,180.0,180.0,HIGH,2
D_47,2026-09-11T15:52:37.205439,12.980600000000011,77.5946,15.0,0.0,9.756149998648828,66.71695598796241,180.0,180.0,HIGH,2
D_47,2026-09-11T15:52:42.205439,12.981100000000012,77.5946,15.0,0.0,8.056207001931506,122.31441931030972,180.0,180.0,HIGH,2
D_48,2026-09-11T15:51:07.206394,12.9716,77.5946,15.0,0.0,4.97102495076474,934.0373838142893,0.0,0.0,HIGH,1
D_48,2026-09-11T15:51:12.206394,12.972100000000001,77.5946,15.0,0.0,4.557744069540463,878.439920491942,0.0,0.0,HIGH,1
D_48,2026-09-11T15:51:17.206394,12.972600000000002,77.5946,15.0,0.0,5.704633181225798,822.8424571695948,0.0,0.0,HIGH,1
D_48,2026-09-11T15:51:22.206394,12.973100000000002,77.5946,15.0,0.0,7.023012698848148,767.2449938472473,0.0,0.0,HIGH,1
D_48,2026-09-11T15:51:27.206394,12.973600000000003,77.5946,15.0,0.0,6.166073399643447,711.6475305248999,0.0,0.0,HIGH,1
D_48,2026-09-11T15:51:32.206394,12.974100000000004,77.5946,15.0,0.0,8.323091517319149,656.0500672025527,0.0,0.0,HIGH,1
D_48,2026-09-11T15:51:37.206394,12.974600000000004,77.5946,15.0,0.0,5.902409758768025,600.4526038802054,0.0,0.0,HIGH,1
D_48,2026-09-11T15:51:42.206394,12.975100000000005,77.5946,15.0,0.0,9.694378832159632,544.855140557858,0.0,0.0,HIGH,1
D_48,2026-09-11T15:51:47.206394,12.975600000000005,77.5946,15.0,0.0,3.4483365352061854,489.25767723551076,0.0,0.0,HIGH,1
D_48,2026-09-11T15:51:52.206394,12.976100000000006,77.5946,15.0,0.0,2.094563967574784,433.66021391316343,0.0,0.0,HIGH,1
D_48,2026-09-11T15:51:57.206394,12.976600000000007,77.5946,15.0,0.0,4.6182131837905755,378.06275059081617,0.0,0.0,HIGH,1
D_48,2026-09-11T15:52:02.206394,12.977100000000007,77.5946,15.0,0.0,7.233184332202215,322.4652872684688,0.0,0.0,HIGH,1
D_48,2026-09-11T15:52:07.206394,12.977600000000008,77.5946,15.0,0.0,5.20104658909546,266.86782394612146,0.0,0.0,HIGH,2
D_48,2026-09-11T15:52:12.206394,12.978100000000008,77.5946,15.0,0.0,9.069911538105067,211.27036062377417,0.0,0.0,HIGH,2
D_48,2026-09-11T15:52:17.206394,12.978600000000009,77.5946,15.0,0.0,3.4490441284159736,155.67289730142684,0.0,0.0,HIGH,2
D_48,2026-09-11T15:52:22.206394,12.97910000000001,77.5946,15.0,0.0,8.142558160741004,100.07543397907953,0.0,0.0,HIGH,2
D_48,2026-09-11T15:52:27.206394,12.97960000000001,77.5946,15.0,0.0,7.240383082534027,44.477970656732225,0.0,0.0,HIGH,2
D_48,2026-09-11T15:52:32.206394,12.98010000000001,77.5946,15.0,0.0,7.389950304855531,11.11949266561509,180.0,180.0,HIGH,2
D_48,2026-09-11T15:52:37.206394,12.980600000000011,77.5946,15.0,0.0,7.755782855347234,66.71695598796241,180.0,180.0,HIGH,2
D_48,2026-09-11T15:52:42.206394,12.981100000000012,77.5946,15.0,0.0,4.971080826824836,122.31441931030972,180.0,180.0,HIGH,2
D_49,2026-09-11T15:51:07.207757,12.9716,77.5946,15.0,0.0,7.9455622163694315,934.0373838142893,0.0,0.0,HIGH,1
D_49,2026-09-11T15:51:12.207757,12.972100000000001,77.5946,15.0,0.0,3.9838810450704667,878.439920491942,0.0,0.0,HIGH,1
D_49,2026-09-11T15:51:17.207757,12.972600000000002,77.5946,15.0,0.0,7.593861452114099,822.8424571695948,0.0,0.0,HIGH,1
D_49,2026-09-11T15:51:22.207757,12.973100000000002,77.5946,15.0,0.0,9.151738012377342,767.2449938472473,0.0,0.0,HIGH,1
D_49,2026-09-11T15:51:27.207757,12.973600000000003,77.5946,15.0,0.0,2.09717889164408,711.6475305248999,0.0,0.0,HIGH,1
D_49,2026-09-11T15:51:32.207757,12.974100000000004,77.5946,15.0,0.0,9.796359441367203,656.0500672025527,0.0,0.0,HIGH,1
D_49,2026-09-11T15:51:37.207757,12.974600000000004,77.5946,15.0,0.0,6.73100133220343,600.4526038802054,0.0,0.0,HIGH,1
D_49,2026-09-11T15:51:42.207757,12.975100000000005,77.5946,15.0,0.0,6.743904609408813,544.855140557858,0.0,0.0,HIGH,1
D_49,2026-09-11T15:51:47.207757,12.975600000000005,77.5946,15.0,0.0,9.704515006395521,489.25767723551076,0.0,0.0,HIGH,1
D_49,2026-09-11T15:51:52.207757,12.976100000000006,77.5946,15.0,0.0,7.862705813242488,433.66021391316343,0.0,0.0,HIGH,1
D_49,2026-09-11T15:51:57.207757,12.976600000000007,77.5946,15.0,0.0,5.266176990947377,378.06275059081617,0.0,0.0,HIGH,1
D_49,2026-09-11T15:52:02.207757,12.977100000000007,77.5946,15.0,0.0,2.8779765755982556,322.4652872684688,0.0,0.0,HIGH,1
D_49,2026-09-11T15:52:07.207757,12.977600000000008,77.5946,15.0,0.0,7.244848512772008,266.86782394612146,0.0,0.0,HIGH,2
D_49,2026-09-11T15:52:12.207757,12.978100000000008,77.5946,15.0,0.0,8.562926477687405,211.27036062377417,0.0,0.0,HIGH,2
D_49,2026-09-11T15:52:17.207757,12.978600000000009,77.5946,15.0,0.0,5.395068384134945,155.67289730142684,0.0,0.0,HIGH,2
D_49,2026-09-11T15:52:22.207757,12.97910000000001,77.5946,15.0,0.0,4.7120331636368045,100.07543397907953,0.0,0.0,HIGH,2
D_49,2026-09-11T15:52:27.207757,12.97960000000001,77.5946,15.0,0.0,3.9787702156181446,44.477970656732225,0.0,0.0,HIGH,2
D_49,2026-09-11T15:52:32.207757,12.98010000000001,77.5946,15.0,0.0,7.2843763057599995,11.11949266561509,180.0,180.0,HIGH,2
D_49,2026-09-11T15:52:37.207757,12.980600000000011,77.5946,15.0,0.0,9.154380014557997,66.71695598796241,180.0,180.0,HIGH,2
D_49,2026-09-11T15:52:42.207757,12.981100000000012,77.5946,15.0,0.0,2.36950950832402,122.31441931030972,180.0,180.0,HIGH,2
E_0,2026-09-11T15:51:07.208762,12.979,77.5946,1.5,0.0,5.241501960063661,111.19492664469465,0.0,0.0,HIGH,2
E_0,2026-09-11T15:51:12.208762,12.979199999999999,77.5946,1.5,0.0,2.031656800777675,88.9559413158347,0.0,0.0,HIGH,2
E_0,2026-09-11T15:51:17.208762,12.979399999999998,77.5946,1.5,0.0,3.151508810706898,66.7169559869748,0.0,0.0,HIGH,2
E_0,2026-09-11T15:51:22.208762,12.979599999999998,77.5946,1.5,0.0,8.324854065921365,44.47797065811488,0.0,0.0,HIGH,2
E_0,2026-09-11T15:51:27.208762,12.979799999999997,77.5946,1.5,0.0,4.166355976518528,22.238985329254966,0.0,0.0,HIGH,2
E_0,2026-09-11T15:51:32.208762,12.979999999999997,77.5946,1.5,0.0,4.820892730792232,3.9504373690334213e-10,0.0,0.0,HIGH,2
E_0,2026-09-11T15:51:37.208762,12.980199999999996,77.5946,1.5,0.0,9.756755755311339,22.238985328464874,180.0,180.0,HIGH,2
E_0,2026-09-11T15:51:42.208762,12.980399999999996,77.5946,1.5,0.0,9.377460291095645,44.47797065732479,180.0,180.0,HIGH,2
E_0,2026-09-11T15:51:47.208762,12.980599999999995,77.5946,1.5,0.0,3.3938228141100497,66.7169559861847,180.0,180.0,HIGH,2
E_0,2026-09-11T15:51:52.208762,12.980799999999995,77.5946,1.5,0.0,9.525448317788412,88.95594131504463,180.0,180.0,HIGH,2
E_0,2026-09-11T15:51:57.208762,12.980999999999995,77.5946,1.5,0.0,2.261331985880952,111.19492664390457,180.0,180.0,HIGH,2
E_0,2026-09-11T15:52:02.208762,12.981199999999994,77.5946,1.5,0.0,8.554578463544317,133.43391197276446,180.0,180.0,HIGH,2
E_0,2026-09-11T15:52:07.208762,12.981399999999994,77.5946,1.5,0.0,8.732458851772442,155.67289730162437,180.0,180.0,HIGH,2
E_0,2026-09-11T15:52:12.208762,12.981599999999993,77.5946,1.5,0.0,9.468891129610299,177.91188263048429,180.0,180.0,HIGH,2
E_0,2026-09-11T15:52:17.208762,12.981799999999993,77.5946,1.5,0.0,7.088022564749648,200.15086795934423,180.0,180.0,HIGH,2
E_0,2026-09-11T15:52:22.208762,12.981999999999992,77.5946,1.5,0.0,6.587878347550851,222.38985328820414,180.0,180.0,HIGH,2
E_0,2026-09-11T15:52:27.208762,12.982199999999992,77.5946,1.5,0.0,4.116872028142065,244.62883861706405,180.0,180.0,HIGH,2
E_0,2026-09-11T15:52:32.208762,12.982399999999991,77.5946,1.5,0.0,4.983132605913402,266.867823945924,180.0,180.0,HIGH,2
E_0,2026-09-11T15:52:37.208762,12.98259999999999,77.5946,1.5,0.0,7.373637352404298,289.10680927478387,180.0,180.0,HIGH,2
E_0,2026-09-11T15:52:42.208762,12.98279999999999,77.5946,1.5,0.0,8.902898768521958,311.3457946036438,180.0,180.0,HIGH,0
E_1,2026-09-11T15:51:07.209719,12.979,77.5946,1.5,0.0,4.909235712197681,111.19492664469465,0.0,0.0,HIGH,2
E_1,2026-09-11T15:51:12.209719,12.979199999999999,77.5946,1.5,0.0,6.216051972322251,88.9559413158347,0.0,0.0,HIGH,2
E_1,2026-09-11T15:51:17.209719,12.979399999999998,77.5946,1.5,0.0,7.255868071583704,66.7169559869748,0.0,0.0,HIGH,2
E_1,2026-09-11T15:51:22.209719,12.979599999999998,77.5946,1.5,0.0,5.72152137234882,44.47797065811488,0.0,0.0,HIGH,2
E_1,2026-09-11T15:51:27.209719,12.979799999999997,77.5946,1.5,0.0,4.047408385949562,22.238985329254966,0.0,0.0,HIGH,2
E_1,2026-09-11T15:51:32.209719,12.979999999999997,77.5946,1.5,0.0,6.673300717774357,3.9504373690334213e-10,0.0,0.0,HIGH,2
E_1,2026-09-11T15:51:37.209719,12.980199999999996,77.5946,1.5,0.0,5.290602295572792,22.238985328464874,180.0,180.0,HIGH,2
E_1,2026-09-11T15:51:42.209719,12.980399999999996,77.5946,1.5,0.0,6.393158185840508,44.47797065732479,180.0,180.0,HIGH,2
E_1,2026-09-11T15:51:47.209719,12.980599999999995,77.5946,1.5,0.0,8.108472485125624,66.7169559861847,180.0,180.0,HIGH,2
E_1,2026-09-11T15:51:52.209719,12.980799999999995,77.5946,1.5,0.0,2.114004502600542,88.95594131504463,180.0,180.0,HIGH,2
E_1,2026-09-11T15:51:57.209719,12.980999999999995,77.5946,1.5,0.0,2.348139119698172,111.19492664390457,180.0,180.0,HIGH,2
E_1,2026-09-11T15:52:02.209719,12.981199999999994,77.5946,1.5,0.0,8.474958389565863,133.43391197276446,180.0,180.0,HIGH,2
E_1,2026-09-11T15:52:07.209719,12.981399999999994,77.5946,1.5,0.0,3.437764375673871,155.67289730162437,180.0,180.0,HIGH,2
E_1,2026-09-11T15:52:12.209719,12.981599999999993,77.5946,1.5,0.0,9.802484389903615,177.91188263048429,180.0,180.0,HIGH,2
E_1,2026-09-11T15:52:17.209719,12.981799999999993,77.5946,1.5,0.0,5.847271300563755,200.15086795934423,180.0,180.0,HIGH,2
E_1,2026-09-11T15:52:22.209719,12.981999999999992,77.5946,1.5,0.0,9.033702548396434,222.38985328820414,180.0,180.0,HIGH,2
E_1,2026-09-11T15:52:27.209719,12.982199999999992,77.5946,1.5,0.0,3.9437877493351285,244.62883861706405,180.0,180.0,HIGH,2
E_1,2026-09-11T15:52:32.209719,12.982399999999991,77.5946,1.5,0.0,2.02714629746285,266.867823945924,180.0,180.0,HIGH,2
E_1,2026-09-11T15:52:37.209719,12.98259999999999,77.5946,1.5,0.0,5.82501510075311,289.10680927478387,180.0,180.0,HIGH,2
E_1,2026-09-11T15:52:42.209719,12.98279999999999,77.5946,1.5,0.0,9.400382302620129,311.3457946036438,180.0,180.0,HIGH,0
E_2,2026-09-11T15:51:07.209719,12.979,77.5946,1.5,0.0,3.812072726150884,111.19492664469465,0.0,0.0,HIGH,2
E_2,2026-09-11T15:51:12.209719,12.979199999999999,77.5946,1.5,0.0,9.939586159737011,88.9559413158347,0.0,0.0,HIGH,2
E_2,2026-09-11T15:51:17.209719,12.979399999999998,77.5946,1.5,0.0,5.864460369163253,66.7169559869748,0.0,0.0,HIGH,2
E_2,2026-09-11T15:51:22.209719,12.979599999999998,77.5946,1.5,0.0,9.346377368767481,44.47797065811488,0.0,0.0,HIGH,2
E_2,2026-09-11T15:51:27.209719,12.979799999999997,77.5946,1.5,0.0,2.553057530415604,22.238985329254966,0.0,0.0,HIGH,2
E_2,2026-09-11T15:51:32.209719,12.979999999999997,77.5946,1.5,0.0,8.82857036663857,3.9504373690334213e-10,0.0,0.0,HIGH,2
E_2,2026-09-11T15:51:37.209719,12.980199999999996,77.5946,1.5,0.0,9.294451268626897,22.238985328464874,180.0,180.0,HIGH,2
E_2,2026-09-11T15:51:42.209719,12.980399999999996,77.5946,1.5,0.0,5.657815942620685,44.47797065732479,180.0,180.0,HIGH,2
E_2,2026-09-11T15:51:47.209719,12.980599999999995,77.5946,1.5,0.0,4.898590303274054,66.7169559861847,180.0,180.0,HIGH,2
E_2,2026-09-11T15:51:52.209719,12.980799999999995,77.5946,1.5,0.0,3.8101436357562504,88.95594131504463,180.0,180.0,HIGH,2
E_2,2026-09-11T15:51:57.209719,12.980999999999995,77.5946,1.5,0.0,8.917621729806832,111.19492664390457,180.0,180.0,HIGH,2
E_2,2026-09-11T15:52:02.209719,12.981199999999994,77.5946,1.5,0.0,9.36564630610593,133.43391197276446,180.0,180.0,HIGH,2
E_2,2026-09-11T15:52:07.209719,12.981399999999994,77.5946,1.5,0.0,7.609064120803184,155.67289730162437,180.0,180.0,HIGH,2
E_2,2026-09-11T15:52:12.209719,12.981599999999993,77.5946,1.5,0.0,5.328415556001355,177.91188263048429,180.0,180.0,HIGH,2
E_2,2026-09-11T15:52:17.209719,12.981799999999993,77.5946,1.5,0.0,3.2159200607442076,200.15086795934423,180.0,180.0,HIGH,2
E_2,2026-09-11T15:52:22.209719,12.981999999999992,77.5946,1.5,0.0,3.3229412590788403,222.38985328820414,180.0,180.0,HIGH,2
E_2,2026-09-11T15:52:27.209719,12.982199999999992,77.5946,1.5,0.0,2.3696287817370276,244.62883861706405,180.0,180.0,HIGH,2
E_2,2026-09-11T15:52:32.209719,12.982399999999991,77.5946,1.5,0.0,6.917792607833733,266.867823945924,180.0,180.0,HIGH,2
E_2,2026-09-11T15:52:37.209719,12.98259999999999,77.5946,1.5,0.0,4.252774549345538,289.10680927478387,180.0,180.0,HIGH,2
E_2,2026-09-11T15:52:42.209719,12.98279999999999,77.5946,1.5,0.0,4.7450517077009255,311.3457946036438,180.0,180.0,HIGH,0
E_3,2026-09-11T15:51:07.210982,12.979,77.5946,1.5,0.0,3.717024016497641,111.19492664469465,0.0,0.0,HIGH,2
E_3,2026-09-11T15:51:12.210982,12.979199999999999,77.5946,1.5,0.0,8.435509196942135,88.9559413158347,0.0,0.0,HIGH,2
E_3,2026-09-11T15:51:17.210982,12.979399999999998,77.5946,1.5,0.0,2.185330704938665,66.7169559869748,0.0,0.0,HIGH,2
E_3,2026-09-11T15:51:22.210982,12.979599999999998,77.5946,1.5,0.0,9.195422838044912,44.47797065811488,0.0,0.0,HIGH,2
E_3,2026-09-11T15:51:27.210982,12.979799999999997,77.5946,1.5,0.0,6.247053345529947,22.238985329254966,0.0,0.0,HIGH,2
E_3,2026-09-11T15:51:32.210982,12.979999999999997,77.5946,1.5,0.0,2.2131133552577245,3.9504373690334213e-10,0.0,0.0,HIGH,2
E_3,2026-09-11T15:51:37.210982,12.980199999999996,77.5946,1.5,0.0,8.343750250469263,22.238985328464874,180.0,180.0,HIGH,2
E_3,2026-09-11T15:51:42.210982,12.980399999999996,77.5946,1.5,0.0,4.515977646179725,44.47797065732479,180.0,180.0,HIGH,2
E_3,2026-09-11T15:51:47.210982,12.980599999999995,77.5946,1.5,0.0,4.160236907717886,66.7169559861847,180.0,180.0,HIGH,2
E_3,2026-09-11T15:51:52.210982,12.980799999999995,77.5946,1.5,0.0,6.069449260362657,88.95594131504463,180.0,180.0,HIGH,2
E_3,2026-09-11T15:51:57.210982,12.980999999999995,77.5946,1.5,0.0,8.515534185510353,111.19492664390457,180.0,180.0,HIGH,2
E_3,2026-09-11T15:52:02.210982,12.981199999999994,77.5946,1.5,0.0,5.876394816077954,133.43391197276446,180.0,180.0,HIGH,2
E_3,2026-09-11T15:52:07.210982,12.981399999999994,77.5946,1.5,0.0,9.927346211990988,155.67289730162437,180.0,180.0,HIGH,2
E_3,2026-09-11T15:52:12.210982,12.981599999999993,77.5946,1.5,0.0,6.625034742926436,177.91188263048429,180.0,180.0,HIGH,2
E_3,2026-09-11T15:52:17.210982,12.981799999999993,77.5946,1.5,0.0,6.769347956799361,200.15086795934423,180.0,180.0,HIGH,2
E_3,2026-09-11T15:52:22.210982,12.981999999999992,77.5946,1.5,0.0,9.763639951552149,222.38985328820414,180.0,180.0,HIGH,2
E_3,2026-09-11T15:52:27.210982,12.982199999999992,77.5946,1.5,0.0,3.9321975719902715,244.62883861706405,180.0,180.0,HIGH,2
E_3,2026-09-11T15:52:32.210982,12.982399999999991,77.5946,1.5,0.0,8.343809498565193,266.867823945924,180.0,180.0,HIGH,2
E_3,2026-09-11T15:52:37.210982,12.98259999999999,77.5946,1.5,0.0,4.033682139891266,289.10680927478387,180.0,180.0,HIGH,2
E_3,2026-09-11T15:52:42.210982,12.98279999999999,77.5946,1.5,0.0,8.102924438637539,311.3457946036438,180.0,180.0,HIGH,0
E_4,2026-09-11T15:51:07.210982,12.979,77.5946,1.5,0.0,8.73112801309792,111.19492664469465,0.0,0.0,HIGH,2
E_4,2026-09-11T15:51:12.210982,12.979199999999999,77.5946,1.5,0.0,7.301285359231592,88.9559413158347,0.0,0.0,HIGH,2
E_4,2026-09-11T15:51:17.210982,12.979399999999998,77.5946,1.5,0.0,2.953813759136543,66.7169559869748,0.0,0.0,HIGH,2
E_4,2026-09-11T15:51:22.210982,12.979599999999998,77.5946,1.5,0.0,7.444010634737341,44.47797065811488,0.0,0.0,HIGH,2
E_4,2026-09-11T15:51:27.210982,12.979799999999997,77.5946,1.5,0.0,5.557934372370354,22.238985329254966,0.0,0.0,HIGH,2
E_4,2026-09-11T15:51:32.210982,12.979999999999997,77.5946,1.5,0.0,2.8199094777571965,3.9504373690334213e-10,0.0,0.0,HIGH,2
E_4,2026-09-11T15:51:37.210982,12.980199999999996,77.5946,1.5,0.0,7.058811297561826,22.238985328464874,180.0,180.0,HIGH,2
E_4,2026-09-11T15:51:42.210982,12.980399999999996,77.5946,1.5,0.0,3.62343379363742,44.47797065732479,180.0,180.0,HIGH,2
E_4,2026-09-11T15:51:47.210982,12.980599999999995,77.5946,1.5,0.0,4.110760863190287,66.7169559861847,180.0,180.0,HIGH,2
E_4,2026-09-11T15:51:52.210982,12.980799999999995,77.5946,1.5,0.0,5.144130132388579,88.95594131504463,180.0,180.0,HIGH,2
E_4,2026-09-11T15:51:57.210982,12.980999999999995,77.5946,1.5,0.0,6.607138751856459,111.19492664390457,180.0,180.0,HIGH,2
E_4,2026-09-11T15:52:02.210982,12.981199999999994,77.5946,1.5,0.0,8.148871168566433,133.43391197276446,180.0,180.0,HIGH,2
E_4,2026-09-11T15:52:07.210982,12.981399999999994,77.5946,1.5,0.0,6.003603624303609,155.67289730162437,180.0,180.0,HIGH,2
E_4,2026-09-11T15:52:12.210982,12.981599999999993,77.5946,1.5,0.0,3.6711528003633003,177.91188263048429,180.0,180.0,HIGH,2
E_4,2026-09-11T15:52:17.210982,12.981799999999993,77.5946,1.5,0.0,7.288999768045115,200.15086795934423,180.0,180.0,HIGH,2
E_4,2026-09-11T15:52:22.210982,12.981999999999992,77.5946,1.5,0.0,9.272130214735107,222.38985328820414,180.0,180.0,HIGH,2
E_4,2026-09-11T15:52:27.210982,12.982199999999992,77.5946,1.5,0.0,5.9388645643016185,244.62883861706405,180.0,180.0,HIGH,2
E_4,2026-09-11T15:52:32.210982,12.982399999999991,77.5946,1.5,0.0,5.571099470901851,266.867823945924,180.0,180.0,HIGH,2
E_4,2026-09-11T15:52:37.210982,12.98259999999999,77.5946,1.5,0.0,5.134641670174882,289.10680927478387,180.0,180.0,HIGH,2
E_4,2026-09-11T15:52:42.210982,12.98279999999999,77.5946,1.5,0.0,3.855908569706706,311.3457946036438,180.0,180.0,HIGH,0
E_5,2026-09-11T15:51:07.212048,12.979,77.5946,1.5,0.0,2.3939460783618145,111.19492664469465,0.0,0.0,HIGH,2
E_5,2026-09-11T15:51:12.212048,12.979199999999999,77.5946,1.5,0.0,4.023251251306732,88.9559413158347,0.0,0.0,HIGH,2
E_5,2026-09-11T15:51:17.212048,12.979399999999998,77.5946,1.5,0.0,6.690642786081198,66.7169559869748,0.0,0.0,HIGH,2
E_5,2026-09-11T15:51:22.212048,12.979599999999998,77.5946,1.5,0.0,8.232585762647977,44.47797065811488,0.0,0.0,HIGH,2
E_5,2026-09-11T15:51:27.212048,12.979799999999997,77.5946,1.5,0.0,9.509257461157421,22.238985329254966,0.0,0.0,HIGH,2
E_5,2026-09-11T15:51:32.212048,12.979999999999997,77.5946,1.5,0.0,8.777443932841116,3.9504373690334213e-10,0.0,0.0,HIGH,2
E_5,2026-09-11T15:51:37.212048,12.980199999999996,77.5946,1.5,0.0,9.658037900238881,22.238985328464874,180.0,180.0,HIGH,2
E_5,2026-09-11T15:51:42.212048,12.980399999999996,77.5946,1.5,0.0,6.434182704165632,44.47797065732479,180.0,180.0,HIGH,2
E_5,2026-09-11T15:51:47.212048,12.980599999999995,77.5946,1.5,0.0,4.905399568856328,66.7169559861847,180.0,180.0,HIGH,2
E_5,2026-09-11T15:51:52.212048,12.980799999999995,77.5946,1.5,0.0,8.930776056769684,88.95594131504463,180.0,180.0,HIGH,2
E_5,2026-09-11T15:51:57.212048,12.980999999999995,77.5946,1.5,0.0,6.13126176317555,111.19492664390457,180.0,180.0,HIGH,2
E_5,2026-09-11T15:52:02.212048,12.981199999999994,77.5946,1.5,0.0,2.4252066956479235,133.43391197276446,180.0,180.0,HIGH,2
E_5,2026-09-11T15:52:07.212048,12.981399999999994,77.5946,1.5,0.0,9.134241607262727,155.67289730162437,180.0,180.0,HIGH,2
E_5,2026-09-11T15:52:12.212048,12.981599999999993,77.5946,1.5,0.0,8.194531145092547,177.91188263048429,180.0,180.0,HIGH,2
E_5,2026-09-11T15:52:17.212048,12.981799999999993,77.5946,1.5,0.0,9.377662122442217,200.15086795934423,180.0,180.0,HIGH,2
E_5,2026-09-11T15:52:22.212048,12.981999999999992,77.5946,1.5,0.0,2.852350857063427,222.38985328820414,180.0,180.0,HIGH,2
E_5,2026-09-11T15:52:27.212048,12.982199999999992,77.5946,1.5,0.0,6.563792640366254,244.62883861706405,180.0,180.0,HIGH,2
E_5,2026-09-11T15:52:32.212048,12.982399999999991,77.5946,1.5,0.0,2.3018633657626166,266.867823945924,180.0,180.0,HIGH,2
E_5,2026-09-11T15:52:37.212048,12.98259999999999,77.5946,1.5,0.0,9.61273740049057,289.10680927478387,180.0,180.0,HIGH,2
E_5,2026-09-11T15:52:42.212048,12.98279999999999,77.5946,1.5,0.0,4.912388851280821,311.3457946036438,180.0,180.0,HIGH,0
E_6,2026-09-11T15:51:07.212048,12.979,77.5946,1.5,0.0,3.6331851153672226,111.19492664469465,0.0,0.0,HIGH,2
E_6,2026-09-11T15:51:12.212048,12.979199999999999,77.5946,1.5,0.0,4.080768640725762,88.9559413158347,0.0,0.0,HIGH,2
E_6,2026-09-11T15:51:17.212048,12.979399999999998,77.5946,1.5,0.0,4.005743958819397,66.7169559869748,0.0,0.0,HIGH,2
E_6,2026-09-11T15:51:22.212048,12.979599999999998,77.5946,1.5,0.0,8.442833222596214,44.47797065811488,0.0,0.0,HIGH,2
E_6,2026-09-11T15:51:27.212048,12.979799999999997,77.5946,1.5,0.0,4.192329210775823,22.238985329254966,0.0,0.0,HIGH,2
E_6,2026-09-11T15:51:32.212048,12.979999999999997,77.5946,1.5,0.0,8.783432655085182,3.9504373690334213e-10,0.0,0.0,HIGH,2
E_6,2026-09-11T15:51:37.212048,12.980199999999996,77.5946,1.5,0.0,9.689927240674802,22.238985328464874,180.0,180.0,HIGH,2
E_6,2026-09-11T15:51:42.212048,12.980399999999996,77.5946,1.5,0.0,8.881380522064894,44.47797065732479,180.0,180.0,HIGH,2
E_6,2026-09-11T15:51:47.212048,12.980599999999995,77.5946,1.5,0.0,5.477302754770902,66.7169559861847,180.0,180.0,HIGH,2
E_6,2026-09-11T15:51:52.212048,12.980799999999995,77.5946,1.5,0.0,9.393430560133666,88.95594131504463,180.0,180.0,HIGH,2
E_6,2026-09-11T15:51:57.212048,12.980999999999995,77.5946,1.5,0.0,3.3785204633192567,111.19492664390457,180.0,180.0,HIGH,2
E_6,2026-09-11T15:52:02.212048,12.981199999999994,77.5946,1.5,0.0,5.948953439268391,133.43391197276446,180.0,180.0,HIGH,2
E_6,2026-09-11T15:52:07.212048,12.981399999999994,77.5946,1.5,0.0,4.61763248804004,155.67289730162437,180.0,180.0,HIGH,2
E_6,2026-09-11T15:52:12.212048,12.981599999999993,77.5946,1.5,0.0,9.162546133709366,177.91188263048429,180.0,180.0,HIGH,2
E_6,2026-09-11T15:52:17.212048,12.981799999999993,77.5946,1.5,0.0,8.821848096123984,200.15086795934423,180.0,180.0,HIGH,2
E_6,2026-09-11T15:52:22.212048,12.981999999999992,77.5946,1.5,0.0,7.535053872683258,222.38985328820414,180.0,180.0,HIGH,2
E_6,2026-09-11T15:52:27.212048,12.982199999999992,77.5946,1.5,0.0,9.671168406126203,244.62883861706405,180.0,180.0,HIGH,2
E_6,2026-09-11T15:52:32.212048,12.982399999999991,77.5946,1.5,0.0,4.322874921059225,266.867823945924,180.0,180.0,HIGH,2
E_6,2026-09-11T15:52:37.212048,12.98259999999999,77.5946,1.5,0.0,5.589214792817288,289.10680927478387,180.0,180.0,HIGH,2
E_6,2026-09-11T15:52:42.212048,12.98279999999999,77.5946,1.5,0.0,8.903532257000249,311.3457946036438,180.0,180.0,HIGH,0
E_7,2026-09-11T15:51:07.213055,12.979,77.5946,1.5,0.0,8.295722671091461,111.19492664469465,0.0,0.0,HIGH,2
E_7,2026-09-11T15:51:12.213055,12.979199999999999,77.5946,1.5,0.0,8.471960017180011,88.9559413158347,0.0,0.0,HIGH,2
E_7,2026-09-11T15:51:17.213055,12.979399999999998,77.5946,1.5,0.0,9.173428577825842,66.7169559869748,0.0,0.0,HIGH,2
E_7,2026-09-11T15:51:22.213055,12.979599999999998,77.5946,1.5,0.0,5.29969924052131,44.47797065811488,0.0,0.0,HIGH,2
E_7,2026-09-11T15:51:27.213055,12.979799999999997,77.5946,1.5,0.0,9.71588371073296,22.238985329254966,0.0,0.0,HIGH,2
E_7,2026-09-11T15:51:32.213055,12.979999999999997,77.5946,1.5,0.0,9.389825300836568,3.9504373690334213e-10,0.0,0.0,HIGH,2
E_7,2026-09-11T15:51:37.213055,12.980199999999996,77.5946,1.5,0.0,3.692538581155259,22.238985328464874,180.0,180.0,HIGH,2
E_7,2026-09-11T15:51:42.213055,12.980399999999996,77.5946,1.5,0.0,2.965938805628321,44.47797065732479,180.0,180.0,HIGH,2
E_7,2026-09-11T15:51:47.213055,12.980599999999995,77.5946,1.5,0.0,7.741452840924323,66.7169559861847,180.0,180.0,HIGH,2
E_7,2026-09-11T15:51:52.213055,12.980799999999995,77.5946,1.5,0.0,8.761486091648155,88.95594131504463,180.0,180.0,HIGH,2
E_7,2026-09-11T15:51:57.213055,12.980999999999995,77.5946,1.5,0.0,4.034833863216233,111.19492664390457,180.0,180.0,HIGH,2
E_7,2026-09-11T15:52:02.213055,12.981199999999994,77.5946,1.5,0.0,4.030571402046778,133.43391197276446,180.0,180.0,HIGH,2
E_7,2026-09-11T15:52:07.213055,12.981399999999994,77.5946,1.5,0.0,8.942610976976365,155.67289730162437,180.0,180.0,HIGH,2
E_7,2026-09-11T15:52:12.213055,12.981599999999993,77.5946,1.5,0.0,4.545351292308108,177.91188263048429,180.0,180.0,HIGH,2
E_7,2026-09-11T15:52:17.213055,12.981799999999993,77.5946,1.5,0.0,6.545438492990269,200.15086795934423,180.0,180.0,HIGH,2
E_7,2026-09-11T15:52:22.213055,12.981999999999992,77.5946,1.5,0.0,4.869173784593489,222.38985328820414,180.0,180.0,HIGH,2
E_7,2026-09-11T15:52:27.213055,12.982199999999992,77.5946,1.5,0.0,8.763242723504785,244.62883861706405,180.0,180.0,HIGH,2
E_7,2026-09-11T15:52:32.213055,12.982399999999991,77.5946,1.5,0.0,5.011217756887706,266.867823945924,180.0,180.0,HIGH,2
E_7,2026-09-11T15:52:37.213055,12.98259999999999,77.5946,1.5,0.0,9.892645899703556,289.10680927478387,180.0,180.0,HIGH,2
E_7,2026-09-11T15:52:42.213055,12.98279999999999,77.5946,1.5,0.0,3.9485105363671824,311.3457946036438,180.0,180.0,HIGH,0
E_8,2026-09-11T15:51:07.213055,12.979,77.5946,1.5,0.0,4.330826142771516,111.19492664469465,0.0,0.0,HIGH,2
E_8,2026-09-11T15:51:12.213055,12.979199999999999,77.5946,1.5,0.0,9.589344318617151,88.9559413158347,0.0,0.0,HIGH,2
E_8,2026-09-11T15:51:17.213055,12.979399999999998,77.5946,1.5,0.0,8.30889757899036,66.7169559869748,0.0,0.0,HIGH,2
E_8,2026-09-11T15:51:22.213055,12.979599999999998,77.5946,1.5,0.0,9.286302694813845,44.47797065811488,0.0,0.0,HIGH,2
E_8,2026-09-11T15:51:27.213055,12.979799999999997,77.5946,1.5,0.0,9.677307529806278,22.238985329254966,0.0,0.0,HIGH,2
E_8,2026-09-11T15:51:32.213055,12.979999999999997,77.5946,1.5,0.0,5.170544980929079,3.9504373690334213e-10,0.0,0.0,HIGH,2
E_8,2026-09-11T15:51:37.213055,12.980199999999996,77.5946,1.5,0.0,3.7800746861456958,22.238985328464874,180.0,180.0,HIGH,2
E_8,2026-09-11T15:51:42.213055,12.980399999999996,77.5946,1.5,0.0,2.383535108234369,44.47797065732479,180.0,180.0,HIGH,2
E_8,2026-09-11T15:51:47.213055,12.980599999999995,77.5946,1.5,0.0,2.2327882538746406,66.7169559861847,180.0,180.0,HIGH,2
E_8,2026-09-11T15:51:52.213055,12.980799999999995,77.5946,1.5,0.0,6.675871564783876,88.95594131504463,180.0,180.0,HIGH,2
E_8,2026-09-11T15:51:57.213055,12.980999999999995,77.5946,1.5,0.0,8.938749901481675,111.19492664390457,180.0,180.0,HIGH,2
E_8,2026-09-11T15:52:02.213055,12.981199999999994,77.5946,1.5,0.0,9.471625563732442,133.43391197276446,180.0,180.0,HIGH,2
E_8,2026-09-11T15:52:07.213055,12.981399999999994,77.5946,1.5,0.0,8.791451402275193,155.67289730162437,180.0,180.0,HIGH,2
E_8,2026-09-11T15:52:12.213055,12.981599999999993,77.5946,1.5,0.0,3.1910810073580063,177.91188263048429,180.0,180.0,HIGH,2
E_8,2026-09-11T15:52:17.213055,12.981799999999993,77.5946,1.5,0.0,5.307419472289097,200.15086795934423,180.0,180.0,HIGH,2
E_8,2026-09-11T15:52:22.213055,12.981999999999992,77.5946,1.5,0.0,9.174888294499041,222.38985328820414,180.0,180.0,HIGH,2
E_8,2026-09-11T15:52:27.213055,12.982199999999992,77.5946,1.5,0.0,4.395494260204162,244.62883861706405,180.0,180.0,HIGH,2
E_8,2026-09-11T15:52:32.213055,12.982399999999991,77.5946,1.5,0.0,7.594898255341448,266.867823945924,180.0,180.0,HIGH,2
E_8,2026-09-11T15:52:37.213055,12.98259999999999,77.5946,1.5,0.0,2.773825864872248,289.10680927478387,180.0,180.0,HIGH,2
E_8,2026-09-11T15:52:42.213055,12.98279999999999,77.5946,1.5,0.0,9.060080624410531,311.3457946036438,180.0,180.0,HIGH,0
E_9,2026-09-11T15:51:07.214314,12.979,77.5946,1.5,0.0,3.0637448855208884,111.19492664469465,0.0,0.0,HIGH,2
E_9,2026-09-11T15:51:12.214314,12.979199999999999,77.5946,1.5,0.0,3.4479318965084023,88.9559413158347,0.0,0.0,HIGH,2
E_9,2026-09-11T15:51:17.214314,12.979399999999998,77.5946,1.5,0.0,9.705454294165854,66.7169559869748,0.0,0.0,HIGH,2
E_9,2026-09-11T15:51:22.214314,12.979599999999998,77.5946,1.5,0.0,9.064358015179344,44.47797065811488,0.0,0.0,HIGH,2
E_9,2026-09-11T15:51:27.214314,12.979799999999997,77.5946,1.5,0.0,6.275499754495332,22.238985329254966,0.0,0.0,HIGH,2
E_9,2026-09-11T15:51:32.214314,12.979999999999997,77.5946,1.5,0.0,4.412092794359325,3.9504373690334213e-10,0.0,0.0,HIGH,2
E_9,2026-09-11T15:51:37.214314,12.980199999999996,77.5946,1.5,0.0,3.2028480365443572,22.238985328464874,180.0,180.0,HIGH,2
E_9,2026-09-11T15:51:42.214314,12.980399999999996,77.5946,1.5,0.0,9.711255437303727,44.47797065732479,180.0,180.0,HIGH,2
E_9,2026-09-11T15:51:47.214314,12.980599999999995,77.5946,1.5,0.0,5.246604196856127,66.7169559861847,180.0,180.0,HIGH,2
E_9,2026-09-11T15:51:52.214314,12.980799999999995,77.5946,1.5,0.0,9.019089336141352,88.95594131504463,180.0,180.0,HIGH,2
E_9,2026-09-11T15:51:57.214314,12.980999999999995,77.5946,1.5,0.0,9.783121848456659,111.19492664390457,180.0,180.0,HIGH,2
E_9,2026-09-11T15:52:02.214314,12.981199999999994,77.5946,1.5,0.0,9.41373456875765,133.43391197276446,180.0,180.0,HIGH,2
E_9,2026-09-11T15:52:07.214314,12.981399999999994,77.5946,1.5,0.0,5.39907885722818,155.67289730162437,180.0,180.0,HIGH,2
E_9,2026-09-11T15:52:12.214314,12.981599999999993,77.5946,1.5,0.0,3.389172413601983,177.91188263048429,180.0,180.0,HIGH,2
E_9,2026-09-11T15:52:17.214314,12.981799999999993,77.5946,1.5,0.0,8.679194961631312,200.15086795934423,180.0,180.0,HIGH,2
E_9,2026-09-11T15:52:22.214314,12.981999999999992,77.5946,1.5,0.0,6.355952041272637,222.38985328820414,180.0,180.0,HIGH,2
E_9,2026-09-11T15:52:27.214314,12.982199999999992,77.5946,1.5,0.0,2.28124332350414,244.62883861706405,180.0,180.0,HIGH,2
E_9,2026-09-11T15:52:32.214314,12.982399999999991,77.5946,1.5,0.0,9.509189984705733,266.867823945924,180.0,180.0,HIGH,2
E_9,2026-09-11T15:52:37.214314,12.98259999999999,77.5946,1.5,0.0,8.719987047162952,289.10680927478387,180.0,180.0,HIGH,2
E_9,2026-09-11T15:52:42.214314,12.98279999999999,77.5946,1.5,0.0,3.1434831173569293,311.3457946036438,180.0,180.0,HIGH,0
E_10,2026-09-11T15:51:07.214314,12.979,77.5946,1.5,0.0,2.440179867622472,111.19492664469465,0.0,0.0,HIGH,2
E_10,2026-09-11T15:51:12.214314,12.979199999999999,77.5946,1.5,0.0,9.576979319762273,88.9559413158347,0.0,0.0,HIGH,2
E_10,2026-09-11T15:51:17.214314,12.979399999999998,77.5946,1.5,0.0,6.085260189858365,66.7169559869748,0.0,0.0,HIGH,2
E_10,2026-09-11T15:51:22.214314,12.979599999999998,77.5946,1.5,0.0,7.618434348844164,44.47797065811488,0.0,0.0,HIGH,2
E_10,2026-09-11T15:51:27.214314,12.979799999999997,77.5946,1.5,0.0,5.297600143092405,22.238985329254966,0.0,0.0,HIGH,2
E_10,2026-09-11T15:51:32.214314,12.979999999999997,77.5946,1.5,0.0,3.041118159221809,3.9504373690334213e-10,0.0,0.0,HIGH,2
E_10,2026-09-11T15:51:37.214314,12.980199999999996,77.5946,1.5,0.0,6.8320033220545096,22.238985328464874,180.0,180.0,HIGH,2
E_10,2026-09-11T15:51:42.214314,12.980399999999996,77.5946,1.5,0.0,4.766181914471871,44.47797065732479,180.0,180.0,HIGH,2
E_10,2026-09-11T15:51:47.214314,12.980599999999995,77.5946,1.5,0.0,9.035914573906775,66.7169559861847,180.0,180.0,HIGH,2
E_10,2026-09-11T15:51:52.214314,12.980799999999995,77.5946,1.5,0.0,7.79843834108205,88.95594131504463,180.0,180.0,HIGH,2
E_10,2026-09-11T15:51:57.214314,12.980999999999995,77.5946,1.5,0.0,3.189771387543245,111.19492664390457,180.0,180.0,HIGH,2
E_10,2026-09-11T15:52:02.214314,12.981199999999994,77.5946,1.5,0.0,5.384894638146736,133.43391197276446,180.0,180.0,HIGH,2
E_10,2026-09-11T15:52:07.214314,12.981399999999994,77.5946,1.5,0.0,2.727867429771985,155.67289730162437,180.0,180.0,HIGH,2
E_10,2026-09-11T15:52:12.214314,12.981599999999993,77.5946,1.5,0.0,5.873437819288333,177.91188263048429,180.0,180.0,HIGH,2
E_10,2026-09-11T15:52:17.214314,12.981799999999993,77.5946,1.5,0.0,5.326892059020911,200.15086795934423,180.0,180.0,HIGH,2
E_10,2026-09-11T15:52:22.214314,12.981999999999992,77.5946,1.5,0.0,2.4498592846306453,222.38985328820414,180.0,180.0,HIGH,2
E_10,2026-09-11T15:52:27.214314,12.982199999999992,77.5946,1.5,0.0,8.768970575399601,244.62883861706405,180.0,180.0,HIGH,2
E_10,2026-09-11T15:52:32.214314,12.982399999999991,77.5946,1.5,0.0,6.182222869519273,266.867823945924,180.0,180.0,HIGH,2
E_10,2026-09-11T15:52:37.214314,12.98259999999999,77.5946,1.5,0.0,9.013581817808605,289.10680927478387,180.0,180.0,HIGH,2
E_10,2026-09-11T15:52:42.214314,12.98279999999999,77.5946,1.5,0.0,5.219606585386759,311.3457946036438,180.0,180.0,HIGH,0
E_11,2026-09-11T15:51:07.215311,12.979,77.5946,1.5,0.0,2.6400151778208176,111.19492664469465,0.0,0.0,HIGH,2
E_11,2026-09-11T15:51:12.215311,12.979199999999999,77.5946,1.5,0.0,5.9314671179648775,88.9559413158347,0.0,0.0,HIGH,2
E_11,2026-09-11T15:51:17.215311,12.979399999999998,77.5946,1.5,0.0,3.048776659899401,66.7169559869748,0.0,0.0,HIGH,2
E_11,2026-09-11T15:51:22.215311,12.979599999999998,77.5946,1.5,0.0,8.84904763679731,44.47797065811488,0.0,0.0,HIGH,2
E_11,2026-09-11T15:51:27.215311,12.979799999999997,77.5946,1.5,0.0,8.596678341982589,22.238985329254966,0.0,0.0,HIGH,2
E_11,2026-09-11T15:51:32.215311,12.979999999999997,77.5946,1.5,0.0,3.3600584586478037,3.9504373690334213e-10,0.0,0.0,HIGH,2
E_11,2026-09-11T15:51:37.215311,12.980199999999996,77.5946,1.5,0.0,4.219251867837809,22.238985328464874,180.0,180.0,HIGH,2
E_11,2026-09-11T15:51:42.215311,12.980399999999996,77.5946,1.5,0.0,4.446788901259929,44.47797065732479,180.0,180.0,HIGH,2
E_11,2026-09-11T15:51:47.215311,12.980599999999995,77.5946,1.5,0.0,9.339523569800596,66.7169559861847,180.0,180.0,HIGH,2
E_11,2026-09-11T15:51:52.215311,12.980799999999995,77.5946,1.5,0.0,4.010603331988492,88.95594131504463,180.0,180.0,HIGH,2
E_11,2026-09-11T15:51:57.215311,12.980999999999995,77.5946,1.5,0.0,7.427390381284708,111.19492664390457,180.0,180.0,HIGH,2
E_11,2026-09-11T15:52:02.215311,12.981199999999994,77.5946,1.5,0.0,3.942728548428547,133.43391197276446,180.0,180.0,HIGH,2
E_11,2026-09-11T15:52:07.215311,12.981399999999994,77.5946,1.5,0.0,8.18780240293244,155.67289730162437,180.0,180.0,HIGH,2
E_11,2026-09-11T15:52:12.215311,12.981599999999993,77.5946,1.5,0.0,6.044799433030615,177.91188263048429,180.0,180.0,HIGH,2
E_11,2026-09-11T15:52:17.215311,12.981799999999993,77.5946,1.5,0.0,3.80051428685295,200.15086795934423,180.0,180.0,HIGH,2
E_11,2026-09-11T15:52:22.215311,12.981999999999992,77.5946,1.5,0.0,8.888721276319615,222.38985328820414,180.0,180.0,HIGH,2
E_11,2026-09-11T15:52:27.215311,12.982199999999992,77.5946,1.5,0.0,9.588406853004805,244.62883861706405,180.0,180.0,HIGH,2
E_11,2026-09-11T15:52:32.215311,12.982399999999991,77.5946,1.5,0.0,8.041586287243367,266.867823945924,180.0,180.0,HIGH,2
E_11,2026-09-11T15:52:37.215311,12.98259999999999,77.5946,1.5,0.0,7.290889051879304,289.10680927478387,180.0,180.0,HIGH,2
E_11,2026-09-11T15:52:42.215311,12.98279999999999,77.5946,1.5,0.0,4.545714520941459,311.3457946036438,180.0,180.0,HIGH,0
E_12,2026-09-11T15:51:07.215311,12.979,77.5946,1.5,0.0,3.009452218767075,111.19492664469465,0.0,0.0,HIGH,2
E_12,2026-09-11T15:51:12.215311,12.979199999999999,77.5946,1.5,0.0,6.926156017585096,88.9559413158347,0.0,0.0,HIGH,2
E_12,2026-09-11T15:51:17.215311,12.979399999999998,77.5946,1.5,0.0,7.330694698933853,66.7169559869748,0.0,0.0,HIGH,2
E_12,2026-09-11T15:51:22.215311,12.979599999999998,77.5946,1.5,0.0,2.3773688389200034,44.47797065811488,0.0,0.0,HIGH,2
E_12,2026-09-11T15:51:27.215311,12.979799999999997,77.5946,1.5,0.0,7.576504919461822,22.238985329254966,0.0,0.0,HIGH,2
E_12,2026-09-11T15:51:32.215311,12.979999999999997,77.5946,1.5,0.0,7.43036472920561,3.9504373690334213e-10,0.0,0.0,HIGH,2
E_12,2026-09-11T15:51:37.215311,12.980199999999996,77.5946,1.5,0.0,2.293492639910647,22.238985328464874,180.0,180.0,HIGH,2
E_12,2026-09-11T15:51:42.215311,12.980399999999996,77.5946,1.5,0.0,4.371195981293099,44.47797065732479,180.0,180.0,HIGH,2
E_12,2026-09-11T15:51:47.215311,12.980599999999995,77.5946,1.5,0.0,4.207172653323156,66.7169559861847,180.0,180.0,HIGH,2
E_12,2026-09-11T15:51:52.215311,12.980799999999995,77.5946,1.5,0.0,2.8447444620411364,88.95594131504463,180.0,180.0,HIGH,2
E_12,2026-09-11T15:51:57.215311,12.980999999999995,77.5946,1.5,0.0,8.586126536943867,111.19492664390457,180.0,180.0,HIGH,2
E_12,2026-09-11T15:52:02.215311,12.981199999999994,77.5946,1.5,0.0,3.0153583324546887,133.43391197276446,180.0,180.0,HIGH,2
E_12,2026-09-11T15:52:07.215311,12.981399999999994,77.5946,1.5,0.0,3.1726604692619933,155.67289730162437,180.0,180.0,HIGH,2
E_12,2026-09-11T15:52:12.215311,12.981599999999993,77.5946,1.5,0.0,9.990746840784926,177.91188263048429,180.0,180.0,HIGH,2
E_12,2026-09-11T15:52:17.215311,12.981799999999993,77.5946,1.5,0.0,8.954199511906943,200.15086795934423,180.0,180.0,HIGH,2
E_12,2026-09-11T15:52:22.215311,12.981999999999992,77.5946,1.5,0.0,4.058098941238847,222.38985328820414,180.0,180.0,HIGH,2
E_12,2026-09-11T15:52:27.215311,12.982199999999992,77.5946,1.5,0.0,8.960519641583765,244.62883861706405,180.0,180.0,HIGH,2
E_12,2026-09-11T15:52:32.215311,12.982399999999991,77.5946,1.5,0.0,5.906995182290638,266.867823945924,180.0,180.0,HIGH,2
E_12,2026-09-11T15:52:37.215311,12.98259999999999,77.5946,1.5,0.0,2.084276547966623,289.10680927478387,180.0,180.0,HIGH,2
E_12,2026-09-11T15:52:42.215311,12.98279999999999,77.5946,1.5,0.0,9.092353782777145,311.3457946036438,180.0,180.0,HIGH,0
E_13,2026-09-11T15:51:07.216311,12.979,77.5946,1.5,0.0,8.939470324130628,111.19492664469465,0.0,0.0,HIGH,2
E_13,2026-09-11T15:51:12.216311,12.979199999999999,77.5946,1.5,0.0,2.421666501787506,88.9559413158347,0.0,0.0,HIGH,2
E_13,2026-09-11T15:51:17.216311,12.979399999999998,77.5946,1.5,0.0,4.557048526276853,66.7169559869748,0.0,0.0,HIGH,2
E_13,2026-09-11T15:51:22.216311,12.979599999999998,77.5946,1.5,0.0,5.0627804162019,44.47797065811488,0.0,0.0,HIGH,2
E_13,2026-09-11T15:51:27.216311,12.979799999999997,77.5946,1.5,0.0,9.78641922520217,22.238985329254966,0.0,0.0,HIGH,2
E_13,2026-09-11T15:51:32.216311,12.979999999999997,77.5946,1.5,0.0,8.363714337533848,3.9504373690334213e-10,0.0,0.0,HIGH,2
E_13,2026-09-11T15:51:37.216311,12.980199999999996,77.5946,1.5,0.0,6.076962690904624,22.238985328464874,180.0,180.0,HIGH,2
E_13,2026-09-11T15:51:42.216311,12.980399999999996,77.5946,1.5,0.0,9.693143719620744,44.47797065732479,180.0,180.0,HIGH,2
E_13,2026-09-11T15:51:47.216311,12.980599999999995,77.5946,1.5,0.0,3.465746281395811,66.7169559861847,180.0,180.0,HIGH,2
E_13,2026-09-11T15:51:52.216311,12.980799999999995,77.5946,1.5,0.0,9.003905930838087,88.95594131504463,180.0,180.0,HIGH,2
E_13,2026-09-11T15:51:57.216311,12.980999999999995,77.5946,1.5,0.0,4.361833848545038,111.19492664390457,180.0,180.0,HIGH,2
E_13,2026-09-11T15:52:02.216311,12.981199999999994,77.5946,1.5,0.0,2.293761850912526,133.43391197276446,180.0,180.0,HIGH,2
E_13,2026-09-11T15:52:07.216311,12.981399999999994,77.5946,1.5,0.0,5.8440635084958545,155.67289730162437,180.0,180.0,HIGH,2
E_13,2026-09-11T15:52:12.216311,12.981599999999993,77.5946,1.5,0.0,5.87765349220966,177.91188263048429,180.0,180.0,HIGH,2
E_13,2026-09-11T15:52:17.216311,12.981799999999993,77.5946,1.5,0.0,7.1542816937362135,200.15086795934423,180.0,180.0,HIGH,2
E_13,2026-09-11T15:52:22.216311,12.981999999999992,77.5946,1.5,0.0,8.964799984728076,222.38985328820414,180.0,180.0,HIGH,2
E_13,2026-09-11T15:52:27.216311,12.982199999999992,77.5946,1.5,0.0,3.2716841201845437,244.62883861706405,180.0,180.0,HIGH,2
E_13,2026-09-11T15:52:32.216311,12.982399999999991,77.5946,1.5,0.0,8.978334289664126,266.867823945924,180.0,180.0,HIGH,2
E_13,2026-09-11T15:52:37.216311,12.98259999999999,77.5946,1.5,0.0,6.528075773146362,289.10680927478387,180.0,180.0,HIGH,2
E_13,2026-09-11T15:52:42.216311,12.98279999999999,77.5946,1.5,0.0,5.943232810925074,311.3457946036438,180.0,180.0,HIGH,0
E_14,2026-09-11T15:51:07.216311,12.979,77.5946,1.5,0.0,5.008034421208107,111.19492664469465,0.0,0.0,HIGH,2
E_14,2026-09-11T15:51:12.216311,12.979199999999999,77.5946,1.5,0.0,8.078188172708419,88.9559413158347,0.0,0.0,HIGH,2
E_14,2026-09-11T15:51:17.216311,12.979399999999998,77.5946,1.5,0.0,5.404019397806066,66.7169559869748,0.0,0.0,HIGH,2
E_14,2026-09-11T15:51:22.216311,12.979599999999998,77.5946,1.5,0.0,6.466771737489278,44.47797065811488,0.0,0.0,HIGH,2
E_14,2026-09-11T15:51:27.216311,12.979799999999997,77.5946,1.5,0.0,7.690543806141488,22.238985329254966,0.0,0.0,HIGH,2
E_14,2026-09-11T15:51:32.216311,12.979999999999997,77.5946,1.5,0.0,9.400140385158142,3.9504373690334213e-10,0.0,0.0,HIGH,2
E_14,2026-09-11T15:51:37.216311,12.980199999999996,77.5946,1.5,0.0,5.935807405199584,22.238985328464874,180.0,180.0,HIGH,2
E_14,2026-09-11T15:51:42.216311,12.980399999999996,77.5946,1.5,0.0,9.159119977638365,44.47797065732479,180.0,180.0,HIGH,2
E_14,2026-09-11T15:51:47.216311,12.980599999999995,77.5946,1.5,0.0,8.71800084689993,66.7169559861847,180.0,180.0,HIGH,2
E_14,2026-09-11T15:51:52.216311,12.980799999999995,77.5946,1.5,0.0,4.437014295087493,88.95594131504463,180.0,180.0,HIGH,2
E_14,2026-09-11T15:51:57.216311,12.980999999999995,77.5946,1.5,0.0,4.26731475546209,111.19492664390457,180.0,180.0,HIGH,2
E_14,2026-09-11T15:52:02.216311,12.981199999999994,77.5946,1.5,0.0,5.119269689598715,133.43391197276446,180.0,180.0,HIGH,2
E_14,2026-09-11T15:52:07.216311,12.981399999999994,77.5946,1.5,0.0,8.529159190546794,155.67289730162437,180.0,180.0,HIGH,2
E_14,2026-09-11T15:52:12.216311,12.981599999999993,77.5946,1.5,0.0,7.023297206020346,177.91188263048429,180.0,180.0,HIGH,2
E_14,2026-09-11T15:52:17.216311,12.981799999999993,77.5946,1.5,0.0,3.0689747683981317,200.15086795934423,180.0,180.0,HIGH,2
E_14,2026-09-11T15:52:22.216311,12.981999999999992,77.5946,1.5,0.0,9.252157207663085,222.38985328820414,180.0,180.0,HIGH,2
E_14,2026-09-11T15:52:27.216311,12.982199999999992,77.5946,1.5,0.0,6.439884318197095,244.62883861706405,180.0,180.0,HIGH,2
E_14,2026-09-11T15:52:32.216311,12.982399999999991,77.5946,1.5,0.0,5.392793203340861,266.867823945924,180.0,180.0,HIGH,2
E_14,2026-09-11T15:52:37.216311,12.98259999999999,77.5946,1.5,0.0,3.9842002682735327,289.10680927478387,180.0,180.0,HIGH,2
E_14,2026-09-11T15:52:42.216311,12.98279999999999,77.5946,1.5,0.0,7.595062905770634,311.3457946036438,180.0,180.0,HIGH,0
E_15,2026-09-11T15:51:07.217447,12.979,77.5946,1.5,0.0,6.215960117281068,111.19492664469465,0.0,0.0,HIGH,2
E_15,2026-09-11T15:51:12.217447,12.979199999999999,77.5946,1.5,0.0,9.307362831072872,88.9559413158347,0.0,0.0,HIGH,2
E_15,2026-09-11T15:51:17.217447,12.979399999999998,77.5946,1.5,0.0,5.650262735736905,66.7169559869748,0.0,0.0,HIGH,2
E_15,2026-09-11T15:51:22.217447,12.979599999999998,77.5946,1.5,0.0,6.416633340182468,44.47797065811488,0.0,0.0,HIGH,2
E_15,2026-09-11T15:51:27.217447,12.979799999999997,77.5946,1.5,0.0,3.7042009862670415,22.238985329254966,0.0,0.0,HIGH,2
E_15,2026-09-11T15:51:32.217447,12.979999999999997,77.5946,1.5,0.0,9.897799735447634,3.9504373690334213e-10,0.0,0.0,HIGH,2
E_15,2026-09-11T15:51:37.217447,12.980199999999996,77.5946,1.5,0.0,3.3288551138561404,22.238985328464874,180.0,180.0,HIGH,2
E_15,2026-09-11T15:51:42.217447,12.980399999999996,77.5946,1.5,0.0,2.065694786103352,44.47797065732479,180.0,180.0,HIGH,2
E_15,2026-09-11T15:51:47.217447,12.980599999999995,77.5946,1.5,0.0,7.921421861223424,66.7169559861847,180.0,180.0,HIGH,2
E_15,2026-09-11T15:51:52.217447,12.980799999999995,77.5946,1.5,0.0,5.237578658900189,88.95594131504463,180.0,180.0,HIGH,2
E_15,2026-09-11T15:51:57.217447,12.980999999999995,77.5946,1.5,0.0,3.8486949825187846,111.19492664390457,180.0,180.0,HIGH,2
E_15,2026-09-11T15:52:02.217447,12.981199999999994,77.5946,1.5,0.0,5.500615763755794,133.43391197276446,180.0,180.0,HIGH,2
E_15,2026-09-11T15:52:07.217447,12.981399999999994,77.5946,1.5,0.0,4.857658007190616,155.67289730162437,180.0,180.0,HIGH,2
E_15,2026-09-11T15:52:12.217447,12.981599999999993,77.5946,1.5,0.0,3.033854870281748,177.91188263048429,180.0,180.0,HIGH,2
E_15,2026-09-11T15:52:17.217447,12.981799999999993,77.5946,1.5,0.0,6.425046435601079,200.15086795934423,180.0,180.0,HIGH,2
E_15,2026-09-11T15:52:22.217447,12.981999999999992,77.5946,1.5,0.0,4.487128896067671,222.38985328820414,180.0,180.0,HIGH,2
E_15,2026-09-11T15:52:27.217447,12.982199999999992,77.5946,1.5,0.0,8.601504008815592,244.62883861706405,180.0,180.0,HIGH,2
E_15,2026-09-11T15:52:32.217447,12.982399999999991,77.5946,1.5,0.0,4.469203291271781,266.867823945924,180.0,180.0,HIGH,2
E_15,2026-09-11T15:52:37.217447,12.98259999999999,77.5946,1.5,0.0,4.848202183931676,289.10680927478387,180.0,180.0,HIGH,2
E_15,2026-09-11T15:52:42.217447,12.98279999999999,77.5946,1.5,0.0,2.0173581884614142,311.3457946036438,180.0,180.0,HIGH,0
E_16,2026-09-11T15:51:07.217447,12.979,77.5946,1.5,0.0,3.267086684710627,111.19492664469465,0.0,0.0,HIGH,2
E_16,2026-09-11T15:51:12.217447,12.979199999999999,77.5946,1.5,0.0,6.038099856060896,88.9559413158347,0.0,0.0,HIGH,2
E_16,2026-09-11T15:51:17.217447,12.979399999999998,77.5946,1.5,0.0,4.048998086836951,66.7169559869748,0.0,0.0,HIGH,2
E_16,2026-09-11T15:51:22.217447,12.979599999999998,77.5946,1.5,0.0,2.7496084442214253,44.47797065811488,0.0,0.0,HIGH,2
E_16,2026-09-11T15:51:27.217447,12.979799999999997,77.5946,1.5,0.0,3.9389348712405123,22.238985329254966,0.0,0.0,HIGH,2
E_16,2026-09-11T15:51:32.217447,12.979999999999997,77.5946,1.5,0.0,6.410539039849775,3.9504373690334213e-10,0.0,0.0,HIGH,2
E_16,2026-09-11T15:51:37.217447,12.980199999999996,77.5946,1.5,0.0,4.400133739768532,22.238985328464874,180.0,180.0,HIGH,2
E_16,2026-09-11T15:51:42.217447,12.980399999999996,77.5946,1.5,0.0,2.2429705864054768,44.47797065732479,180.0,180.0,HIGH,2
E_16,2026-09-11T15:51:47.217447,12.980599999999995,77.5946,1.5,0.0,5.034012345416412,66.7169559861847,180.0,180.0,HIGH,2
E_16,2026-09-11T15:51:52.217447,12.980799999999995,77.5946,1.5,0.0,9.67206786979942,88.95594131504463,180.0,180.0,HIGH,2
E_16,2026-09-11T15:51:57.217447,12.980999999999995,77.5946,1.5,0.0,5.750393207797589,111.19492664390457,180.0,180.0,HIGH,2
E_16,2026-09-11T15:52:02.217447,12.981199999999994,77.5946,1.5,0.0,6.846757296645832,133.43391197276446,180.0,180.0,HIGH,2
E_16,2026-09-11T15:52:07.217447,12.981399999999994,77.5946,1.5,0.0,3.7562319136521207,155.67289730162437,180.0,180.0,HIGH,2
E_16,2026-09-11T15:52:12.217447,12.981599999999993,77.5946,1.5,0.0,4.913612332365903,177.91188263048429,180.0,180.0,HIGH,2
E_16,2026-09-11T15:52:17.217447,12.981799999999993,77.5946,1.5,0.0,8.328768369553686,200.15086795934423,180.0,180.0,HIGH,2
E_16,2026-09-11T15:52:22.217447,12.981999999999992,77.5946,1.5,0.0,7.797046529921949,222.38985328820414,180.0,180.0,HIGH,2
E_16,2026-09-11T15:52:27.217447,12.982199999999992,77.5946,1.5,0.0,4.554521263457643,244.62883861706405,180.0,180.0,HIGH,2
E_16,2026-09-11T15:52:32.217447,12.982399999999991,77.5946,1.5,0.0,3.6416524442048877,266.867823945924,180.0,180.0,HIGH,2
E_16,2026-09-11T15:52:37.217447,12.98259999999999,77.5946,1.5,0.0,8.811956099458726,289.10680927478387,180.0,180.0,HIGH,2
E_16,2026-09-11T15:52:42.217447,12.98279999999999,77.5946,1.5,0.0,7.766445038193372,311.3457946036438,180.0,180.0,HIGH,0
E_17,2026-09-11T15:51:07.217447,12.979,77.5946,1.5,0.0,3.9325688371226333,111.19492664469465,0.0,0.0,HIGH,2
E_17,2026-09-11T15:51:12.217447,12.979199999999999,77.5946,1.5,0.0,6.197626620058721,88.9559413158347,0.0,0.0,HIGH,2
E_17,2026-09-11T15:51:17.217447,12.979399999999998,77.5946,1.5,0.0,5.574945659356918,66.7169559869748,0.0,0.0,HIGH,2
E_17,2026-09-11T15:51:22.217447,12.979599999999998,77.5946,1.5,0.0,9.888705480669593,44.47797065811488,0.0,0.0,HIGH,2
E_17,2026-09-11T15:51:27.217447,12.979799999999997,77.5946,1.5,0.0,9.634777654242983,22.238985329254966,0.0,0.0,HIGH,2
E_17,2026-09-11T15:51:32.217447,12.979999999999997,77.5946,1.5,0.0,3.2218088878934443,3.9504373690334213e-10,0.0,0.0,HIGH,2
E_17,2026-09-11T15:51:37.217447,12.980199999999996,77.5946,1.5,0.0,9.237878985690866,22.238985328464874,180.0,180.0,HIGH,2
E_17,2026-09-11T15:51:42.217447,12.980399999999996,77.5946,1.5,0.0,2.219234561862586,44.47797065732479,180.0,180.0,HIGH,2
E_17,2026-09-11T15:51:47.217447,12.980599999999995,77.5946,1.5,0.0,3.2316836966192923,66.7169559861847,180.0,180.0,HIGH,2
E_17,2026-09-11T15:51:52.217447,12.980799999999995,77.5946,1.5,0.0,9.346788155476576,88.95594131504463,180.0,180.0,HIGH,2
E_17,2026-09-11T15:51:57.217447,12.980999999999995,77.5946,1.5,0.0,6.763733729941289,111.19492664390457,180.0,180.0,HIGH,2
E_17,2026-09-11T15:52:02.217447,12.981199999999994,77.5946,1.5,0.0,2.0717290463674995,133.43391197276446,180.0,180.0,HIGH,2
E_17,2026-09-11T15:52:07.217447,12.981399999999994,77.5946,1.5,0.0,7.86778455685481,155.67289730162437,180.0,180.0,HIGH,2
E_17,2026-09-11T15:52:12.217447,12.981599999999993,77.5946,1.5,0.0,2.677793582837354,177.91188263048429,180.0,180.0,HIGH,2
E_17,2026-09-11T15:52:17.217447,12.981799999999993,77.5946,1.5,0.0,5.509536846971395,200.15086795934423,180.0,180.0,HIGH,2
E_17,2026-09-11T15:52:22.217447,12.981999999999992,77.5946,1.5,0.0,8.788065667795243,222.38985328820414,180.0,180.0,HIGH,2
E_17,2026-09-11T15:52:27.217447,12.982199999999992,77.5946,1.5,0.0,8.993511604219208,244.62883861706405,180.0,180.0,HIGH,2
E_17,2026-09-11T15:52:32.217447,12.982399999999991,77.5946,1.5,0.0,9.67526579044008,266.867823945924,180.0,180.0,HIGH,2
E_17,2026-09-11T15:52:37.217447,12.98259999999999,77.5946,1.5,0.0,3.154211338236153,289.10680927478387,180.0,180.0,HIGH,2
E_17,2026-09-11T15:52:42.217447,12.98279999999999,77.5946,1.5,0.0,8.950987744611341,311.3457946036438,180.0,180.0,HIGH,0
E_18,2026-09-11T15:51:07.218458,12.979,77.5946,1.5,0.0,6.219236942063334,111.19492664469465,0.0,0.0,HIGH,2
E_18,2026-09-11T15:51:12.218458,12.979199999999999,77.5946,1.5,0.0,9.679746512382675,88.9559413158347,0.0,0.0,HIGH,2
E_18,2026-09-11T15:51:17.218458,12.979399999999998,77.5946,1.5,0.0,6.997701029474281,66.7169559869748,0.0,0.0,HIGH,2
E_18,2026-09-11T15:51:22.218458,12.979599999999998,77.5946,1.5,0.0,4.701937814022189,44.47797065811488,0.0,0.0,HIGH,2
E_18,2026-09-11T15:51:27.218458,12.979799999999997,77.5946,1.5,0.0,2.5859555176834865,22.238985329254966,0.0,0.0,HIGH,2
E_18,2026-09-11T15:51:32.218458,12.979999999999997,77.5946,1.5,0.0,4.474125274377922,3.9504373690334213e-10,0.0,0.0,HIGH,2
E_18,2026-09-11T15:51:37.218458,12.980199999999996,77.5946,1.5,0.0,2.5580919207749178,22.238985328464874,180.0,180.0,HIGH,2
E_18,2026-09-11T15:51:42.218458,12.980399999999996,77.5946,1.5,0.0,6.932338373060437,44.47797065732479,180.0,180.0,HIGH,2
E_18,2026-09-11T15:51:47.218458,12.980599999999995,77.5946,1.5,0.0,6.915571148204295,66.7169559861847,180.0,180.0,HIGH,2
E_18,2026-09-11T15:51:52.218458,12.980799999999995,77.5946,1.5,0.0,5.747603155587095,88.95594131504463,180.0,180.0,HIGH,2
E_18,2026-09-11T15:51:57.218458,12.980999999999995,77.5946,1.5,0.0,6.027075257248598,111.19492664390457,180.0,180.0,HIGH,2
E_18,2026-09-11T15:52:02.218458,12.981199999999994,77.5946,1.5,0.0,8.596650981704371,133.43391197276446,180.0,180.0,HIGH,2
E_18,2026-09-11T15:52:07.218458,12.981399999999994,77.5946,1.5,0.0,2.426092617877826,155.67289730162437,180.0,180.0,HIGH,2
E_18,2026-09-11T15:52:12.218458,12.981599999999993,77.5946,1.5,0.0,2.500036270538253,177.91188263048429,180.0,180.0,HIGH,2
E_18,2026-09-11T15:52:17.218458,12.981799999999993,77.5946,1.5,0.0,9.119072699046356,200.15086795934423,180.0,180.0,HIGH,2
E_18,2026-09-11T15:52:22.218458,12.981999999999992,77.5946,1.5,0.0,5.988033305613454,222.38985328820414,180.0,180.0,HIGH,2
E_18,2026-09-11T15:52:27.218458,12.982199999999992,77.5946,1.5,0.0,7.5409573279636435,244.62883861706405,180.0,180.0,HIGH,2
E_18,2026-09-11T15:52:32.218458,12.982399999999991,77.5946,1.5,0.0,9.230600619492655,266.867823945924,180.0,180.0,HIGH,2
E_18,2026-09-11T15:52:37.218458,12.98259999999999,77.5946,1.5,0.0,4.343013497177406,289.10680927478387,180.0,180.0,HIGH,2
E_18,2026-09-11T15:52:42.218458,12.98279999999999,77.5946,1.5,0.0,8.619824969108905,311.3457946036438,180.0,180.0,HIGH,0
E_19,2026-09-11T15:51:07.218458,12.979,77.5946,1.5,0.0,4.262713834311254,111.19492664469465,0.0,0.0,HIGH,2
E_19,2026-09-11T15:51:12.218458,12.979199999999999,77.5946,1.5,0.0,3.1749801476195003,88.9559413158347,0.0,0.0,HIGH,2
E_19,2026-09-11T15:51:17.218458,12.979399999999998,77.5946,1.5,0.0,6.723372191543003,66.7169559869748,0.0,0.0,HIGH,2
E_19,2026-09-11T15:51:22.218458,12.979599999999998,77.5946,1.5,0.0,6.123978389952237,44.47797065811488,0.0,0.0,HIGH,2
E_19,2026-09-11T15:51:27.218458,12.979799999999997,77.5946,1.5,0.0,5.8185609365465,22.238985329254966,0.0,0.0,HIGH,2
E_19,2026-09-11T15:51:32.218458,12.979999999999997,77.5946,1.5,0.0,9.328742991474604,3.9504373690334213e-10,0.0,0.0,HIGH,2
E_19,2026-09-11T15:51:37.218458,12.980199999999996,77.5946,1.5,0.0,7.940593494010552,22.238985328464874,180.0,180.0,HIGH,2
E_19,2026-09-11T15:51:42.218458,12.980399999999996,77.5946,1.5,0.0,8.42160976058572,44.47797065732479,180.0,180.0,HIGH,2
E_19,2026-09-11T15:51:47.218458,12.980599999999995,77.5946,1.5,0.0,5.640111541112906,66.7169559861847,180.0,180.0,HIGH,2
E_19,2026-09-11T15:51:52.218458,12.980799999999995,77.5946,1.5,0.0,7.4602763325024535,88.95594131504463,180.0,180.0,HIGH,2
E_19,2026-09-11T15:51:57.218458,12.980999999999995,77.5946,1.5,0.0,6.1579307888178985,111.19492664390457,180.0,180.0,HIGH,2
E_19,2026-09-11T15:52:02.218458,12.981199999999994,77.5946,1.5,0.0,3.098958823908247,133.43391197276446,180.0,180.0,HIGH,2
E_19,2026-09-11T15:52:07.218458,12.981399999999994,77.5946,1.5,0.0,5.460391685755585,155.67289730162437,180.0,180.0,HIGH,2
E_19,2026-09-11T15:52:12.218458,12.981599999999993,77.5946,1.5,0.0,5.1588557894624705,177.91188263048429,180.0,180.0,HIGH,2
E_19,2026-09-11T15:52:17.218458,12.981799999999993,77.5946,1.5,0.0,2.5320132360966063,200.15086795934423,180.0,180.0,HIGH,2
E_19,2026-09-11T15:52:22.218458,12.981999999999992,77.5946,1.5,0.0,4.153849984741599,222.38985328820414,180.0,180.0,HIGH,2
E_19,2026-09-11T15:52:27.218458,12.982199999999992,77.5946,1.5,0.0,9.144053353308072,244.62883861706405,180.0,180.0,HIGH,2
E_19,2026-09-11T15:52:32.218458,12.982399999999991,77.5946,1.5,0.0,5.768913737744474,266.867823945924,180.0,180.0,HIGH,2
E_19,2026-09-11T15:52:37.218458,12.98259999999999,77.5946,1.5,0.0,7.55310880364508,289.10680927478387,180.0,180.0,HIGH,2
E_19,2026-09-11T15:52:42.218458,12.98279999999999,77.5946,1.5,0.0,8.697196953950396,311.3457946036438,180.0,180.0,HIGH,0
E_20,2026-09-11T15:51:07.219259,12.979,77.5946,1.5,0.0,6.740172871158947,111.19492664469465,0.0,0.0,HIGH,2
E_20,2026-09-11T15:51:12.219259,12.979199999999999,77.5946,1.5,0.0,4.460203658687359,88.9559413158347,0.0,0.0,HIGH,2
E_20,2026-09-11T15:51:17.219259,12.979399999999998,77.5946,1.5,0.0,4.090936154581903,66.7169559869748,0.0,0.0,HIGH,2
E_20,2026-09-11T15:51:22.219259,12.979599999999998,77.5946,1.5,0.0,7.559075463830166,44.47797065811488,0.0,0.0,HIGH,2
E_20,2026-09-11T15:51:27.219259,12.979799999999997,77.5946,1.5,0.0,3.0009406013179802,22.238985329254966,0.0,0.0,HIGH,2
E_20,2026-09-11T15:51:32.219259,12.979999999999997,77.5946,1.5,0.0,4.426804622093501,3.9504373690334213e-10,0.0,0.0,HIGH,2
E_20,2026-09-11T15:51:37.219259,12.980199999999996,77.5946,1.5,0.0,4.890627370674723,22.238985328464874,180.0,180.0,HIGH,2
E_20,2026-09-11T15:51:42.219259,12.980399999999996,77.5946,1.5,0.0,9.626723360090555,44.47797065732479,180.0,180.0,HIGH,2
E_20,2026-09-11T15:51:47.219259,12.980599999999995,77.5946,1.5,0.0,7.857013256650683,66.7169559861847,180.0,180.0,HIGH,2
E_20,2026-09-11T15:51:52.219259,12.980799999999995,77.5946,1.5,0.0,7.865630362372576,88.95594131504463,180.0,180.0,HIGH,2
E_20,2026-09-11T15:51:57.219259,12.980999999999995,77.5946,1.5,0.0,8.801172298841363,111.19492664390457,180.0,180.0,HIGH,2
E_20,2026-09-11T15:52:02.219259,12.981199999999994,77.5946,1.5,0.0,3.0661098191781146,133.43391197276446,180.0,180.0,HIGH,2
E_20,2026-09-11T15:52:07.219259,12.981399999999994,77.5946,1.5,0.0,3.9315380991489155,155.67289730162437,180.0,180.0,HIGH,2
E_20,2026-09-11T15:52:12.219259,12.981599999999993,77.5946,1.5,0.0,3.6882480905792816,177.91188263048429,180.0,180.0,HIGH,2
E_20,2026-09-11T15:52:17.219259,12.981799999999993,77.5946,1.5,0.0,9.998388397137592,200.15086795934423,180.0,180.0,HIGH,2
E_20,2026-09-11T15:52:22.219259,12.981999999999992,77.5946,1.5,0.0,6.309048149575716,222.38985328820414,180.0,180.0,HIGH,2
E_20,2026-09-11T15:52:27.219259,12.982199999999992,77.5946,1.5,0.0,3.453332509213771,244.62883861706405,180.0,180.0,HIGH,2
E_20,2026-09-11T15:52:32.219259,12.982399999999991,77.5946,1.5,0.0,5.728350999292838,266.867823945924,180.0,180.0,HIGH,2
E_20,2026-09-11T15:52:37.219259,12.98259999999999,77.5946,1.5,0.0,5.658465116850192,289.10680927478387,180.0,180.0,HIGH,2
E_20,2026-09-11T15:52:42.219259,12.98279999999999,77.5946,1.5,0.0,8.77415523493791,311.3457946036438,180.0,180.0,HIGH,0
E_21,2026-09-11T15:51:07.219766,12.979,77.5946,1.5,0.0,8.179016790335574,111.19492664469465,0.0,0.0,HIGH,2
E_21,2026-09-11T15:51:12.219766,12.979199999999999,77.5946,1.5,0.0,8.082622541703975,88.9559413158347,0.0,0.0,HIGH,2
E_21,2026-09-11T15:51:17.219766,12.979399999999998,77.5946,1.5,0.0,2.5313972376358898,66.7169559869748,0.0,0.0,HIGH,2
E_21,2026-09-11T15:51:22.219766,12.979599999999998,77.5946,1.5,0.0,7.843695455500462,44.47797065811488,0.0,0.0,HIGH,2
E_21,2026-09-11T15:51:27.219766,12.979799999999997,77.5946,1.5,0.0,8.410599424922118,22.238985329254966,0.0,0.0,HIGH,2
E_21,2026-09-11T15:51:32.219766,12.979999999999997,77.5946,1.5,0.0,8.29971266931593,3.9504373690334213e-10,0.0,0.0,HIGH,2
E_21,2026-09-11T15:51:37.219766,12.980199999999996,77.5946,1.5,0.0,6.947428678947414,22.238985328464874,180.0,180.0,HIGH,2
E_21,2026-09-11T15:51:42.219766,12.980399999999996,77.5946,1.5,0.0,3.0942740589939657,44.47797065732479,180.0,180.0,HIGH,2
E_21,2026-09-11T15:51:47.219766,12.980599999999995,77.5946,1.5,0.0,3.9083998060435734,66.7169559861847,180.0,180.0,HIGH,2
E_21,2026-09-11T15:51:52.219766,12.980799999999995,77.5946,1.5,0.0,5.128436539379477,88.95594131504463,180.0,180.0,HIGH,2
E_21,2026-09-11T15:51:57.219766,12.980999999999995,77.5946,1.5,0.0,9.17949114102444,111.19492664390457,180.0,180.0,HIGH,2
E_21,2026-09-11T15:52:02.219766,12.981199999999994,77.5946,1.5,0.0,4.773710153899403,133.43391197276446,180.0,180.0,HIGH,2
E_21,2026-09-11T15:52:07.219766,12.981399999999994,77.5946,1.5,0.0,6.1360964787502,155.67289730162437,180.0,180.0,HIGH,2
E_21,2026-09-11T15:52:12.219766,12.981599999999993,77.5946,1.5,0.0,4.639318021696306,177.91188263048429,180.0,180.0,HIGH,2
E_21,2026-09-11T15:52:17.219766,12.981799999999993,77.5946,1.5,0.0,8.725449546709026,200.15086795934423,180.0,180.0,HIGH,2
E_21,2026-09-11T15:52:22.219766,12.981999999999992,77.5946,1.5,0.0,4.939900138525171,222.38985328820414,180.0,180.0,HIGH,2
E_21,2026-09-11T15:52:27.219766,12.982199999999992,77.5946,1.5,0.0,7.485397411397218,244.62883861706405,180.0,180.0,HIGH,2
E_21,2026-09-11T15:52:32.219766,12.982399999999991,77.5946,1.5,0.0,3.4365669531431573,266.867823945924,180.0,180.0,HIGH,2
E_21,2026-09-11T15:52:37.219766,12.98259999999999,77.5946,1.5,0.0,4.621080443566217,289.10680927478387,180.0,180.0,HIGH,2
E_21,2026-09-11T15:52:42.219766,12.98279999999999,77.5946,1.5,0.0,3.71861005569437,311.3457946036438,180.0,180.0,HIGH,0
E_22,2026-09-11T15:51:07.220296,12.979,77.5946,1.5,0.0,2.205842730608504,111.19492664469465,0.0,0.0,HIGH,2
E_22,2026-09-11T15:51:12.220296,12.979199999999999,77.5946,1.5,0.0,4.382899724137381,88.9559413158347,0.0,0.0,HIGH,2
E_22,2026-09-11T15:51:17.220296,12.979399999999998,77.5946,1.5,0.0,5.304444002421852,66.7169559869748,0.0,0.0,HIGH,2
E_22,2026-09-11T15:51:22.220296,12.979599999999998,77.5946,1.5,0.0,7.753937881730648,44.47797065811488,0.0,0.0,HIGH,2
E_22,2026-09-11T15:51:27.220296,12.979799999999997,77.5946,1.5,0.0,2.7423516387577633,22.238985329254966,0.0,0.0,HIGH,2
E_22,2026-09-11T15:51:32.220296,12.979999999999997,77.5946,1.5,0.0,3.688438694876557,3.9504373690334213e-10,0.0,0.0,HIGH,2
E_22,2026-09-11T15:51:37.220296,12.980199999999996,77.5946,1.5,0.0,8.045640311667263,22.238985328464874,180.0,180.0,HIGH,2
E_22,2026-09-11T15:51:42.220296,12.980399999999996,77.5946,1.5,0.0,9.372351917899355,44.47797065732479,180.0,180.0,HIGH,2
E_22,2026-09-11T15:51:47.220296,12.980599999999995,77.5946,1.5,0.0,3.545296268099757,66.7169559861847,180.0,180.0,HIGH,2
E_22,2026-09-11T15:51:52.220296,12.980799999999995,77.5946,1.5,0.0,9.349163958219751,88.95594131504463,180.0,180.0,HIGH,2
E_22,2026-09-11T15:51:57.220296,12.980999999999995,77.5946,1.5,0.0,8.102720120128518,111.19492664390457,180.0,180.0,HIGH,2
E_22,2026-09-11T15:52:02.220296,12.981199999999994,77.5946,1.5,0.0,9.072013185507423,133.43391197276446,180.0,180.0,HIGH,2
E_22,2026-09-11T15:52:07.220296,12.981399999999994,77.5946,1.5,0.0,5.546303927028256,155.67289730162437,180.0,180.0,HIGH,2
E_22,2026-09-11T15:52:12.220296,12.981599999999993,77.5946,1.5,0.0,4.249387792248212,177.91188263048429,180.0,180.0,HIGH,2
E_22,2026-09-11T15:52:17.220296,12.981799999999993,77.5946,1.5,0.0,9.151395569649534,200.15086795934423,180.0,180.0,HIGH,2
E_22,2026-09-11T15:52:22.220296,12.981999999999992,77.5946,1.5,0.0,6.6105693263188945,222.38985328820414,180.0,180.0,HIGH,2
E_22,2026-09-11T15:52:27.220296,12.982199999999992,77.5946,1.5,0.0,8.066019577318615,244.62883861706405,180.0,180.0,HIGH,2
E_22,2026-09-11T15:52:32.220296,12.982399999999991,77.5946,1.5,0.0,8.729493623893104,266.867823945924,180.0,180.0,HIGH,2
E_22,2026-09-11T15:52:37.220296,12.98259999999999,77.5946,1.5,0.0,8.801947021785757,289.10680927478387,180.0,180.0,HIGH,2
E_22,2026-09-11T15:52:42.220296,12.98279999999999,77.5946,1.5,0.0,2.0111760043922855,311.3457946036438,180.0,180.0,HIGH,0
E_23,2026-09-11T15:51:07.221397,12.979,77.5946,1.5,0.0,3.3336580579926114,111.19492664469465,0.0,0.0,HIGH,2
E_23,2026-09-11T15:51:12.221397,12.979199999999999,77.5946,1.5,0.0,9.751460754495536,88.9559413158347,0.0,0.0,HIGH,2
E_23,2026-09-11T15:51:17.221397,12.979399999999998,77.5946,1.5,0.0,3.587096727806962,66.7169559869748,0.0,0.0,HIGH,2
E_23,2026-09-11T15:51:22.221397,12.979599999999998,77.5946,1.5,0.0,3.7270445132518226,44.47797065811488,0.0,0.0,HIGH,2
E_23,2026-09-11T15:51:27.221397,12.979799999999997,77.5946,1.5,0.0,8.79815766928795,22.238985329254966,0.0,0.0,HIGH,2
E_23,2026-09-11T15:51:32.221397,12.979999999999997,77.5946,1.5,0.0,5.97982627152602,3.9504373690334213e-10,0.0,0.0,HIGH,2
E_23,2026-09-11T15:51:37.221397,12.980199999999996,77.5946,1.5,0.0,9.265696322105248,22.238985328464874,180.0,180.0,HIGH,2
E_23,2026-09-11T15:51:42.221397,12.980399999999996,77.5946,1.5,0.0,8.558298564617171,44.47797065732479,180.0,180.0,HIGH,2
E_23,2026-09-11T15:51:47.221397,12.980599999999995,77.5946,1.5,0.0,8.829635751302437,66.7169559861847,180.0,180.0,HIGH,2
E_23,2026-09-11T15:51:52.221397,12.980799999999995,77.5946,1.5,0.0,3.148464577665325,88.95594131504463,180.0,180.0,HIGH,2
E_23,2026-09-11T15:51:57.221397,12.980999999999995,77.5946,1.5,0.0,5.890667432860468,111.19492664390457,180.0,180.0,HIGH,2
E_23,2026-09-11T15:52:02.221397,12.981199999999994,77.5946,1.5,0.0,4.055820133976071,133.43391197276446,180.0,180.0,HIGH,2
E_23,2026-09-11T15:52:07.221397,12.981399999999994,77.5946,1.5,0.0,4.270159369663356,155.67289730162437,180.0,180.0,HIGH,2
E_23,2026-09-11T15:52:12.221397,12.981599999999993,77.5946,1.5,0.0,6.718415823975431,177.91188263048429,180.0,180.0,HIGH,2
E_23,2026-09-11T15:52:17.221397,12.981799999999993,77.5946,1.5,0.0,2.932703267448427,200.15086795934423,180.0,180.0,HIGH,2
E_23,2026-09-11T15:52:22.221397,12.981999999999992,77.5946,1.5,0.0,6.902022785129921,222.38985328820414,180.0,180.0,HIGH,2
E_23,2026-09-11T15:52:27.221397,12.982199999999992,77.5946,1.5,0.0,3.334243339540487,244.62883861706405,180.0,180.0,HIGH,2
E_23,2026-09-11T15:52:32.221397,12.982399999999991,77.5946,1.5,0.0,5.42548566649142,266.867823945924,180.0,180.0,HIGH,2
E_23,2026-09-11T15:52:37.221397,12.98259999999999,77.5946,1.5,0.0,6.065579223328101,289.10680927478387,180.0,180.0,HIGH,2
E_23,2026-09-11T15:52:42.221397,12.98279999999999,77.5946,1.5,0.0,2.9318850912623944,311.3457946036438,180.0,180.0,HIGH,0
E_24,2026-09-11T15:51:07.221960,12.979,77.5946,1.5,0.0,8.009712656540547,111.19492664469465,0.0,0.0,HIGH,2
E_24,2026-09-11T15:51:12.221960,12.979199999999999,77.5946,1.5,0.0,8.451670118780715,88.9559413158347,0.0,0.0,HIGH,2
E_24,2026-09-11T15:51:17.221960,12.979399999999998,77.5946,1.5,0.0,3.363935650879421,66.7169559869748,0.0,0.0,HIGH,2
E_24,2026-09-11T15:51:22.221960,12.979599999999998,77.5946,1.5,0.0,7.4906141775767,44.47797065811488,0.0,0.0,HIGH,2
E_24,2026-09-11T15:51:27.221960,12.979799999999997,77.5946,1.5,0.0,2.9615741301947107,22.238985329254966,0.0,0.0,HIGH,2
E_24,2026-09-11T15:51:32.221960,12.979999999999997,77.5946,1.5,0.0,9.432939012504832,3.9504373690334213e-10,0.0,0.0,HIGH,2
E_24,2026-09-11T15:51:37.221960,12.980199999999996,77.5946,1.5,0.0,6.035262026736885,22.238985328464874,180.0,180.0,HIGH,2
E_24,2026-09-11T15:51:42.221960,12.980399999999996,77.5946,1.5,0.0,2.1522666239186483,44.47797065732479,180.0,180.0,HIGH,2
E_24,2026-09-11T15:51:47.221960,12.980599999999995,77.5946,1.5,0.0,7.984441544494341,66.7169559861847,180.0,180.0,HIGH,2
E_24,2026-09-11T15:51:52.221960,12.980799999999995,77.5946,1.5,0.0,5.0123995495169495,88.95594131504463,180.0,180.0,HIGH,2
E_24,2026-09-11T15:51:57.221960,12.980999999999995,77.5946,1.5,0.0,3.659280959464998,111.19492664390457,180.0,180.0,HIGH,2
E_24,2026-09-11T15:52:02.221960,12.981199999999994,77.5946,1.5,0.0,6.379270311365981,133.43391197276446,180.0,180.0,HIGH,2
E_24,2026-09-11T15:52:07.221960,12.981399999999994,77.5946,1.5,0.0,8.108545874595738,155.67289730162437,180.0,180.0,HIGH,2
E_24,2026-09-11T15:52:12.221960,12.981599999999993,77.5946,1.5,0.0,7.640726561469008,177.91188263048429,180.0,180.0,HIGH,2
E_24,2026-09-11T15:52:17.221960,12.981799999999993,77.5946,1.5,0.0,2.977084185655306,200.15086795934423,180.0,180.0,HIGH,2
E_24,2026-09-11T15:52:22.221960,12.981999999999992,77.5946,1.5,0.0,9.949278848483747,222.38985328820414,180.0,180.0,HIGH,2
E_24,2026-09-11T15:52:27.221960,12.982199999999992,77.5946,1.5,0.0,8.075869306174756,244.62883861706405,180.0,180.0,HIGH,2
E_24,2026-09-11T15:52:32.221960,12.982399999999991,77.5946,1.5,0.0,6.720948465719858,266.867823945924,180.0,180.0,HIGH,2
E_24,2026-09-11T15:52:37.221960,12.98259999999999,77.5946,1.5,0.0,9.936693824263626,289.10680927478387,180.0,180.0,HIGH,2
E_24,2026-09-11T15:52:42.221960,12.98279999999999,77.5946,1.5,0.0,9.709368383531743,311.3457946036438,180.0,180.0,HIGH,0
E_25,2026-09-11T15:51:07.222507,12.979,77.5946,1.5,0.0,2.491803767738628,111.19492664469465,0.0,0.0,HIGH,2
E_25,2026-09-11T15:51:12.222507,12.979199999999999,77.5946,1.5,0.0,2.247171347922542,88.9559413158347,0.0,0.0,HIGH,2
E_25,2026-09-11T15:51:17.222507,12.979399999999998,77.5946,1.5,0.0,2.271710908714102,66.7169559869748,0.0,0.0,HIGH,2
E_25,2026-09-11T15:51:22.222507,12.979599999999998,77.5946,1.5,0.0,6.109697090690611,44.47797065811488,0.0,0.0,HIGH,2
E_25,2026-09-11T15:51:27.222507,12.979799999999997,77.5946,1.5,0.0,7.611367943153199,22.238985329254966,0.0,0.0,HIGH,2
E_25,2026-09-11T15:51:32.222507,12.979999999999997,77.5946,1.5,0.0,5.75657661954706,3.9504373690334213e-10,0.0,0.0,HIGH,2
E_25,2026-09-11T15:51:37.222507,12.980199999999996,77.5946,1.5,0.0,3.054206338139193,22.238985328464874,180.0,180.0,HIGH,2
E_25,2026-09-11T15:51:42.222507,12.980399999999996,77.5946,1.5,0.0,3.3187885352474344,44.47797065732479,180.0,180.0,HIGH,2
E_25,2026-09-11T15:51:47.222507,12.980599999999995,77.5946,1.5,0.0,3.6563269440457233,66.7169559861847,180.0,180.0,HIGH,2
E_25,2026-09-11T15:51:52.222507,12.980799999999995,77.5946,1.5,0.0,3.870397342533967,88.95594131504463,180.0,180.0,HIGH,2
E_25,2026-09-11T15:51:57.222507,12.980999999999995,77.5946,1.5,0.0,6.988190125066696,111.19492664390457,180.0,180.0,HIGH,2
E_25,2026-09-11T15:52:02.222507,12.981199999999994,77.5946,1.5,0.0,2.7595931954278994,133.43391197276446,180.0,180.0,HIGH,2
E_25,2026-09-11T15:52:07.222507,12.981399999999994,77.5946,1.5,0.0,7.474382835416155,155.67289730162437,180.0,180.0,HIGH,2
E_25,2026-09-11T15:52:12.222507,12.981599999999993,77.5946,1.5,0.0,2.972091102782681,177.91188263048429,180.0,180.0,HIGH,2
E_25,2026-09-11T15:52:17.222507,12.981799999999993,77.5946,1.5,0.0,9.0691371548611,200.15086795934423,180.0,180.0,HIGH,2
E_25,2026-09-11T15:52:22.222507,12.981999999999992,77.5946,1.5,0.0,6.96126049463883,222.38985328820414,180.0,180.0,HIGH,2
E_25,2026-09-11T15:52:27.222507,12.982199999999992,77.5946,1.5,0.0,6.641969027807033,244.62883861706405,180.0,180.0,HIGH,2
E_25,2026-09-11T15:52:32.222507,12.982399999999991,77.5946,1.5,0.0,2.7768843200975626,266.867823945924,180.0,180.0,HIGH,2
E_25,2026-09-11T15:52:37.222507,12.98259999999999,77.5946,1.5,0.0,2.5179693336236824,289.10680927478387,180.0,180.0,HIGH,2
E_25,2026-09-11T15:52:42.222507,12.98279999999999,77.5946,1.5,0.0,3.304006268280263,311.3457946036438,180.0,180.0,HIGH,0
E_26,2026-09-11T15:51:07.223596,12.979,77.5946,1.5,0.0,2.207489455785735,111.19492664469465,0.0,0.0,HIGH,2
E_26,2026-09-11T15:51:12.223596,12.979199999999999,77.5946,1.5,0.0,8.772643495157466,88.9559413158347,0.0,0.0,HIGH,2
E_26,2026-09-11T15:51:17.223596,12.979399999999998,77.5946,1.5,0.0,3.3270285330664793,66.7169559869748,0.0,0.0,HIGH,2
E_26,2026-09-11T15:51:22.223596,12.979599999999998,77.5946,1.5,0.0,6.307459526683593,44.47797065811488,0.0,0.0,HIGH,2
E_26,2026-09-11T15:51:27.223596,12.979799999999997,77.5946,1.5,0.0,5.346364444967289,22.238985329254966,0.0,0.0,HIGH,2
E_26,2026-09-11T15:51:32.223596,12.979999999999997,77.5946,1.5,0.0,7.1940998217069705,3.9504373690334213e-10,0.0,0.0,HIGH,2
E_26,2026-09-11T15:51:37.223596,12.980199999999996,77.5946,1.5,0.0,6.167469787783734,22.238985328464874,180.0,180.0,HIGH,2
E_26,2026-09-11T15:51:42.223596,12.980399999999996,77.5946,1.5,0.0,3.3599598705173515,44.47797065732479,180.0,180.0,HIGH,2
E_26,2026-09-11T15:51:47.223596,12.980599999999995,77.5946,1.5,0.0,4.5197771513312235,66.7169559861847,180.0,180.0,HIGH,2
E_26,2026-09-11T15:51:52.223596,12.980799999999995,77.5946,1.5,0.0,4.183151233401582,88.95594131504463,180.0,180.0,HIGH,2
E_26,2026-09-11T15:51:57.223596,12.980999999999995,77.5946,1.5,0.0,3.009549421770731,111.19492664390457,180.0,180.0,HIGH,2
E_26,2026-09-11T15:52:02.223596,12.981199999999994,77.5946,1.5,0.0,2.321448568830797,133.43391197276446,180.0,180.0,HIGH,2
E_26,2026-09-11T15:52:07.223596,12.981399999999994,77.5946,1.5,0.0,6.585164925207964,155.67289730162437,180.0,180.0,HIGH,2
E_26,2026-09-11T15:52:12.223596,12.981599999999993,77.5946,1.5,0.0,7.251851076097919,177.91188263048429,180.0,180.0,HIGH,2
E_26,2026-09-11T15:52:17.223596,12.981799999999993,77.5946,1.5,0.0,2.02266856257857,200.15086795934423,180.0,180.0,HIGH,2
E_26,2026-09-11T15:52:22.223596,12.981999999999992,77.5946,1.5,0.0,8.767232860098627,222.38985328820414,180.0,180.0,HIGH,2
E_26,2026-09-11T15:52:27.223596,12.982199999999992,77.5946,1.5,0.0,3.679586969479539,244.62883861706405,180.0,180.0,HIGH,2
E_26,2026-09-11T15:52:32.223596,12.982399999999991,77.5946,1.5,0.0,3.418948196878845,266.867823945924,180.0,180.0,HIGH,2
E_26,2026-09-11T15:52:37.223596,12.98259999999999,77.5946,1.5,0.0,7.240209100375568,289.10680927478387,180.0,180.0,HIGH,2
E_26,2026-09-11T15:52:42.223596,12.98279999999999,77.5946,1.5,0.0,6.396905590701943,311.3457946036438,180.0,180.0,HIGH,0
E_27,2026-09-11T15:51:07.223596,12.979,77.5946,1.5,0.0,3.5795809833736287,111.19492664469465,0.0,0.0,HIGH,2
E_27,2026-09-11T15:51:12.223596,12.979199999999999,77.5946,1.5,0.0,2.8282060584001654,88.9559413158347,0.0,0.0,HIGH,2
E_27,2026-09-11T15:51:17.223596,12.979399999999998,77.5946,1.5,0.0,8.91985723249256,66.7169559869748,0.0,0.0,HIGH,2
E_27,2026-09-11T15:51:22.223596,12.979599999999998,77.5946,1.5,0.0,2.302146440800155,44.47797065811488,0.0,0.0,HIGH,2
E_27,2026-09-11T15:51:27.223596,12.979799999999997,77.5946,1.5,0.0,8.678713929562118,22.238985329254966,0.0,0.0,HIGH,2
E_27,2026-09-11T15:51:32.223596,12.979999999999997,77.5946,1.5,0.0,3.407498581391132,3.9504373690334213e-10,0.0,0.0,HIGH,2
E_27,2026-09-11T15:51:37.223596,12.980199999999996,77.5946,1.5,0.0,7.155334959309898,22.238985328464874,180.0,180.0,HIGH,2
E_27,2026-09-11T15:51:42.223596,12.980399999999996,77.5946,1.5,0.0,3.9493894423947777,44.47797065732479,180.0,180.0,HIGH,2
E_27,2026-09-11T15:51:47.223596,12.980599999999995,77.5946,1.5,0.0,5.076164424419217,66.7169559861847,180.0,180.0,HIGH,2
E_27,2026-09-11T15:51:52.223596,12.980799999999995,77.5946,1.5,0.0,3.0933449478969335,88.95594131504463,180.0,180.0,HIGH,2
E_27,2026-09-11T15:51:57.223596,12.980999999999995,77.5946,1.5,0.0,2.5158877698315925,111.19492664390457,180.0,180.0,HIGH,2
E_27,2026-09-11T15:52:02.223596,12.981199999999994,77.5946,1.5,0.0,5.906190492170297,133.43391197276446,180.0,180.0,HIGH,2
E_27,2026-09-11T15:52:07.223596,12.981399999999994,77.5946,1.5,0.0,9.087548903422935,155.67289730162437,180.0,180.0,HIGH,2
E_27,2026-09-11T15:52:12.223596,12.981599999999993,77.5946,1.5,0.0,7.864146579627547,177.91188263048429,180.0,180.0,HIGH,2
E_27,2026-09-11T15:52:17.223596,12.981799999999993,77.5946,1.5,0.0,7.988295974607357,200.15086795934423,180.0,180.0,HIGH,2
E_27,2026-09-11T15:52:22.223596,12.981999999999992,77.5946,1.5,0.0,2.2081269488787045,222.38985328820414,180.0,180.0,HIGH,2
E_27,2026-09-11T15:52:27.223596,12.982199999999992,77.5946,1.5,0.0,8.427409787428385,244.62883861706405,180.0,180.0,HIGH,2
E_27,2026-09-11T15:52:32.223596,12.982399999999991,77.5946,1.5,0.0,9.054455327168691,266.867823945924,180.0,180.0,HIGH,2
E_27,2026-09-11T15:52:37.223596,12.98259999999999,77.5946,1.5,0.0,2.1298038653195173,289.10680927478387,180.0,180.0,HIGH,2
E_27,2026-09-11T15:52:42.223596,12.98279999999999,77.5946,1.5,0.0,5.283345398945069,311.3457946036438,180.0,180.0,HIGH,0
E_28,2026-09-11T15:51:07.224133,12.979,77.5946,1.5,0.0,3.414363994420264,111.19492664469465,0.0,0.0,HIGH,2
E_28,2026-09-11T15:51:12.224133,12.979199999999999,77.5946,1.5,0.0,9.96123609646926,88.9559413158347,0.0,0.0,HIGH,2
E_28,2026-09-11T15:51:17.224133,12.979399999999998,77.5946,1.5,0.0,9.752160215064134,66.7169559869748,0.0,0.0,HIGH,2
E_28,2026-09-11T15:51:22.224133,12.979599999999998,77.5946,1.5,0.0,7.4470026645171625,44.47797065811488,0.0,0.0,HIGH,2
E_28,2026-09-11T15:51:27.224133,12.979799999999997,77.5946,1.5,0.0,7.161728349172994,22.238985329254966,0.0,0.0,HIGH,2
E_28,2026-09-11T15:51:32.224133,12.979999999999997,77.5946,1.5,0.0,9.720124578446422,3.9504373690334213e-10,0.0,0.0,HIGH,2
E_28,2026-09-11T15:51:37.224133,12.980199999999996,77.5946,1.5,0.0,3.1688044622306233,22.238985328464874,180.0,180.0,HIGH,2
E_28,2026-09-11T15:51:42.224133,12.980399999999996,77.5946,1.5,0.0,5.656387986589226,44.47797065732479,180.0,180.0,HIGH,2
E_28,2026-09-11T15:51:47.224133,12.980599999999995,77.5946,1.5,0.0,9.919665583497896,66.7169559861847,180.0,180.0,HIGH,2
E_28,2026-09-11T15:51:52.224133,12.980799999999995,77.5946,1.5,0.0,9.105463689860532,88.95594131504463,180.0,180.0,HIGH,2
E_28,2026-09-11T15:51:57.224133,12.980999999999995,77.5946,1.5,0.0,5.702606592576761,111.19492664390457,180.0,180.0,HIGH,2
E_28,2026-09-11T15:52:02.224133,12.981199999999994,77.5946,1.5,0.0,6.76499260898986,133.43391197276446,180.0,180.0,HIGH,2
E_28,2026-09-11T15:52:07.224133,12.981399999999994,77.5946,1.5,0.0,6.783875019889934,155.67289730162437,180.0,180.0,HIGH,2
E_28,2026-09-11T15:52:12.224133,12.981599999999993,77.5946,1.5,0.0,3.4185581289980913,177.91188263048429,180.0,180.0,HIGH,2
E_28,2026-09-11T15:52:17.224133,12.981799999999993,77.5946,1.5,0.0,3.4722037292605696,200.15086795934423,180.0,180.0,HIGH,2
E_28,2026-09-11T15:52:22.224133,12.981999999999992,77.5946,1.5,0.0,9.990344089091668,222.38985328820414,180.0,180.0,HIGH,2
E_28,2026-09-11T15:52:27.224133,12.982199999999992,77.5946,1.5,0.0,2.761083867589952,244.62883861706405,180.0,180.0,HIGH,2
E_28,2026-09-11T15:52:32.224133,12.982399999999991,77.5946,1.5,0.0,9.248649895902897,266.867823945924,180.0,180.0,HIGH,2
E_28,2026-09-11T15:52:37.224133,12.98259999999999,77.5946,1.5,0.0,9.713990182275253,289.10680927478387,180.0,180.0,HIGH,2
E_28,2026-09-11T15:52:42.224133,12.98279999999999,77.5946,1.5,0.0,7.5256871824819545,311.3457946036438,180.0,180.0,HIGH,0
E_29,2026-09-11T15:51:07.224675,12.979,77.5946,1.5,0.0,5.054628022693501,111.19492664469465,0.0,0.0,HIGH,2
E_29,2026-09-11T15:51:12.224675,12.979199999999999,77.5946,1.5,0.0,2.1906012602890055,88.9559413158347,0.0,0.0,HIGH,2
E_29,2026-09-11T15:51:17.224675,12.979399999999998,77.5946,1.5,0.0,7.787111329362659,66.7169559869748,0.0,0.0,HIGH,2
E_29,2026-09-11T15:51:22.224675,12.979599999999998,77.5946,1.5,0.0,6.651113408399893,44.47797065811488,0.0,0.0,HIGH,2
E_29,2026-09-11T15:51:27.224675,12.979799999999997,77.5946,1.5,0.0,2.1828807763592986,22.238985329254966,0.0,0.0,HIGH,2
E_29,2026-09-11T15:51:32.224675,12.979999999999997,77.5946,1.5,0.0,8.22981654065072,3.9504373690334213e-10,0.0,0.0,HIGH,2
E_29,2026-09-11T15:51:37.224675,12.980199999999996,77.5946,1.5,0.0,3.967740914795148,22.238985328464874,180.0,180.0,HIGH,2
E_29,2026-09-11T15:51:42.224675,12.980399999999996,77.5946,1.5,0.0,5.296453184359355,44.47797065732479,180.0,180.0,HIGH,2
E_29,2026-09-11T15:51:47.224675,12.980599999999995,77.5946,1.5,0.0,3.5511397039607466,66.7169559861847,180.0,180.0,HIGH,2
E_29,2026-09-11T15:51:52.224675,12.980799999999995,77.5946,1.5,0.0,2.9136869740845235,88.95594131504463,180.0,180.0,HIGH,2
E_29,2026-09-11T15:51:57.224675,12.980999999999995,77.5946,1.5,0.0,7.622155377961978,111.19492664390457,180.0,180.0,HIGH,2
E_29,2026-09-11T15:52:02.224675,12.981199999999994,77.5946,1.5,0.0,7.894799879526173,133.43391197276446,180.0,180.0,HIGH,2
E_29,2026-09-11T15:52:07.224675,12.981399999999994,77.5946,1.5,0.0,8.923104684475586,155.67289730162437,180.0,180.0,HIGH,2
E_29,2026-09-11T15:52:12.224675,12.981599999999993,77.5946,1.5,0.0,6.034864080494004,177.91188263048429,180.0,180.0,HIGH,2
E_29,2026-09-11T15:52:17.224675,12.981799999999993,77.5946,1.5,0.0,9.538635155550637,200.15086795934423,180.0,180.0,HIGH,2
E_29,2026-09-11T15:52:22.224675,12.981999999999992,77.5946,1.5,0.0,8.451749682180067,222.38985328820414,180.0,180.0,HIGH,2
E_29,2026-09-11T15:52:27.224675,12.982199999999992,77.5946,1.5,0.0,8.96626009842678,244.62883861706405,180.0,180.0,HIGH,2
E_29,2026-09-11T15:52:32.224675,12.982399999999991,77.5946,1.5,0.0,9.31857269180847,266.867823945924,180.0,180.0,HIGH,2
E_29,2026-09-11T15:52:37.224675,12.98259999999999,77.5946,1.5,0.0,4.411168940717447,289.10680927478387,180.0,180.0,HIGH,2
E_29,2026-09-11T15:52:42.224675,12.98279999999999,77.5946,1.5,0.0,9.296800715126228,311.3457946036438,180.0,180.0,HIGH,0
E_30,2026-09-11T15:51:07.225215,12.979,77.5946,1.5,0.0,6.482202035186989,111.19492664469465,0.0,0.0,HIGH,2
E_30,2026-09-11T15:51:12.225215,12.979199999999999,77.5946,1.5,0.0,6.477250875051111,88.9559413158347,0.0,0.0,HIGH,2
E_30,2026-09-11T15:51:17.225215,12.979399999999998,77.5946,1.5,0.0,5.703304605988841,66.7169559869748,0.0,0.0,HIGH,2
E_30,2026-09-11T15:51:22.225215,12.979599999999998,77.5946,1.5,0.0,5.697874217957114,44.47797065811488,0.0,0.0,HIGH,2
E_30,2026-09-11T15:51:27.225215,12.979799999999997,77.5946,1.5,0.0,2.3640534298383837,22.238985329254966,0.0,0.0,HIGH,2
E_30,2026-09-11T15:51:32.225215,12.979999999999997,77.5946,1.5,0.0,2.7670936338059873,3.9504373690334213e-10,0.0,0.0,HIGH,2
E_30,2026-09-11T15:51:37.225215,12.980199999999996,77.5946,1.5,0.0,4.8007161624988015,22.238985328464874,180.0,180.0,HIGH,2
E_30,2026-09-11T15:51:42.225215,12.980399999999996,77.5946,1.5,0.0,6.6323857414244545,44.47797065732479,180.0,180.0,HIGH,2
E_30,2026-09-11T15:51:47.225215,12.980599999999995,77.5946,1.5,0.0,2.268891074811438,66.7169559861847,180.0,180.0,HIGH,2
E_30,2026-09-11T15:51:52.225215,12.980799999999995,77.5946,1.5,0.0,6.649303213283015,88.95594131504463,180.0,180.0,HIGH,2
E_30,2026-09-11T15:51:57.225215,12.980999999999995,77.5946,1.5,0.0,3.568920636165034,111.19492664390457,180.0,180.0,HIGH,2
E_30,2026-09-11T15:52:02.225215,12.981199999999994,77.5946,1.5,0.0,6.167176381504865,133.43391197276446,180.0,180.0,HIGH,2
E_30,2026-09-11T15:52:07.225215,12.981399999999994,77.5946,1.5,0.0,3.6369219807885047,155.67289730162437,180.0,180.0,HIGH,2
E_30,2026-09-11T15:52:12.225215,12.981599999999993,77.5946,1.5,0.0,9.77007727988752,177.91188263048429,180.0,180.0,HIGH,2
E_30,2026-09-11T15:52:17.225215,12.981799999999993,77.5946,1.5,0.0,2.807249417823635,200.15086795934423,180.0,180.0,HIGH,2
E_30,2026-09-11T15:52:22.225215,12.981999999999992,77.5946,1.5,0.0,4.063932813493059,222.38985328820414,180.0,180.0,HIGH,2
E_30,2026-09-11T15:52:27.225215,12.982199999999992,77.5946,1.5,0.0,2.5952046997996616,244.62883861706405,180.0,180.0,HIGH,2
E_30,2026-09-11T15:52:32.225215,12.982399999999991,77.5946,1.5,0.0,8.871135127334352,266.867823945924,180.0,180.0,HIGH,2
E_30,2026-09-11T15:52:37.225215,12.98259999999999,77.5946,1.5,0.0,4.940253684162991,289.10680927478387,180.0,180.0,HIGH,2
E_30,2026-09-11T15:52:42.225215,12.98279999999999,77.5946,1.5,0.0,4.648387927712906,311.3457946036438,180.0,180.0,HIGH,0
E_31,2026-09-11T15:51:07.225882,12.979,77.5946,1.5,0.0,6.1145447809177,111.19492664469465,0.0,0.0,HIGH,2
E_31,2026-09-11T15:51:12.225882,12.979199999999999,77.5946,1.5,0.0,6.3877332957964725,88.9559413158347,0.0,0.0,HIGH,2
E_31,2026-09-11T15:51:17.225882,12.979399999999998,77.5946,1.5,0.0,7.695342924116178,66.7169559869748,0.0,0.0,HIGH,2
E_31,2026-09-11T15:51:22.225882,12.979599999999998,77.5946,1.5,0.0,5.3928520518803555,44.47797065811488,0.0,0.0,HIGH,2
E_31,2026-09-11T15:51:27.225882,12.979799999999997,77.5946,1.5,0.0,7.747113210648202,22.238985329254966,0.0,0.0,HIGH,2
E_31,2026-09-11T15:51:32.225882,12.979999999999997,77.5946,1.5,0.0,8.063734608620125,3.9504373690334213e-10,0.0,0.0,HIGH,2
E_31,2026-09-11T15:51:37.225882,12.980199999999996,77.5946,1.5,0.0,6.857869293372579,22.238985328464874,180.0,180.0,HIGH,2
E_31,2026-09-11T15:51:42.225882,12.980399999999996,77.5946,1.5,0.0,4.3586318364097885,44.47797065732479,180.0,180.0,HIGH,2
E_31,2026-09-11T15:51:47.225882,12.980599999999995,77.5946,1.5,0.0,5.032818102137684,66.7169559861847,180.0,180.0,HIGH,2
E_31,2026-09-11T15:51:52.225882,12.980799999999995,77.5946,1.5,0.0,3.7868505504657914,88.95594131504463,180.0,180.0,HIGH,2
E_31,2026-09-11T15:51:57.225882,12.980999999999995,77.5946,1.5,0.0,2.9579823343584497,111.19492664390457,180.0,180.0,HIGH,2
E_31,2026-09-11T15:52:02.225882,12.981199999999994,77.5946,1.5,0.0,4.733723981111952,133.43391197276446,180.0,180.0,HIGH,2
E_31,2026-09-11T15:52:07.225882,12.981399999999994,77.5946,1.5,0.0,5.937279966426938,155.67289730162437,180.0,180.0,HIGH,2
E_31,2026-09-11T15:52:12.225882,12.981599999999993,77.5946,1.5,0.0,5.279284253358532,177.91188263048429,180.0,180.0,HIGH,2
E_31,2026-09-11T15:52:17.225882,12.981799999999993,77.5946,1.5,0.0,6.091221523748059,200.15086795934423,180.0,180.0,HIGH,2
E_31,2026-09-11T15:52:22.225882,12.981999999999992,77.5946,1.5,0.0,3.849402594261873,222.38985328820414,180.0,180.0,HIGH,2
E_31,2026-09-11T15:52:27.225882,12.982199999999992,77.5946,1.5,0.0,4.170912338634812,244.62883861706405,180.0,180.0,HIGH,2
E_31,2026-09-11T15:52:32.225882,12.982399999999991,77.5946,1.5,0.0,8.486956742792568,266.867823945924,180.0,180.0,HIGH,2
E_31,2026-09-11T15:52:37.225882,12.98259999999999,77.5946,1.5,0.0,6.77524950271103,289.10680927478387,180.0,180.0,HIGH,2
E_31,2026-09-11T15:52:42.225882,12.98279999999999,77.5946,1.5,0.0,4.619985948003993,311.3457946036438,180.0,180.0,HIGH,0
E_32,2026-09-11T15:51:07.225882,12.979,77.5946,1.5,0.0,9.638541998334862,111.19492664469465,0.0,0.0,HIGH,2
E_32,2026-09-11T15:51:12.225882,12.979199999999999,77.5946,1.5,0.0,6.423001754916421,88.9559413158347,0.0,0.0,HIGH,2
E_32,2026-09-11T15:51:17.225882,12.979399999999998,77.5946,1.5,0.0,6.969032939930703,66.7169559869748,0.0,0.0,HIGH,2
E_32,2026-09-11T15:51:22.225882,12.979599999999998,77.5946,1.5,0.0,6.829958284524795,44.47797065811488,0.0,0.0,HIGH,2
E_32,2026-09-11T15:51:27.225882,12.979799999999997,77.5946,1.5,0.0,2.8237064539532444,22.238985329254966,0.0,0.0,HIGH,2
E_32,2026-09-11T15:51:32.225882,12.979999999999997,77.5946,1.5,0.0,2.9130137343942435,3.9504373690334213e-10,0.0,0.0,HIGH,2
E_32,2026-09-11T15:51:37.225882,12.980199999999996,77.5946,1.5,0.0,8.404602549254154,22.238985328464874,180.0,180.0,HIGH,2
E_32,2026-09-11T15:51:42.225882,12.980399999999996,77.5946,1.5,0.0,8.430763603830815,44.47797065732479,180.0,180.0,HIGH,2
E_32,2026-09-11T15:51:47.225882,12.980599999999995,77.5946,1.5,0.0,8.551015231869979,66.7169559861847,180.0,180.0,HIGH,2
E_32,2026-09-11T15:51:52.225882,12.980799999999995,77.5946,1.5,0.0,9.096306032535967,88.95594131504463,180.0,180.0,HIGH,2
E_32,2026-09-11T15:51:57.225882,12.980999999999995,77.5946,1.5,0.0,8.491962462022272,111.19492664390457,180.0,180.0,HIGH,2
E_32,2026-09-11T15:52:02.225882,12.981199999999994,77.5946,1.5,0.0,7.981147755137861,133.43391197276446,180.0,180.0,HIGH,2
E_32,2026-09-11T15:52:07.225882,12.981399999999994,77.5946,1.5,0.0,3.425382681857535,155.67289730162437,180.0,180.0,HIGH,2
E_32,2026-09-11T15:52:12.225882,12.981599999999993,77.5946,1.5,0.0,9.312496000007531,177.91188263048429,180.0,180.0,HIGH,2
E_32,2026-09-11T15:52:17.225882,12.981799999999993,77.5946,1.5,0.0,5.121762634879638,200.15086795934423,180.0,180.0,HIGH,2
E_32,2026-09-11T15:52:22.225882,12.981999999999992,77.5946,1.5,0.0,3.686493069301507,222.38985328820414,180.0,180.0,HIGH,2
E_32,2026-09-11T15:52:27.225882,12.982199999999992,77.5946,1.5,0.0,2.196543113715064,244.62883861706405,180.0,180.0,HIGH,2
E_32,2026-09-11T15:52:32.225882,12.982399999999991,77.5946,1.5,0.0,6.743716070814052,266.867823945924,180.0,180.0,HIGH,2
E_32,2026-09-11T15:52:37.225882,12.98259999999999,77.5946,1.5,0.0,4.413529414459525,289.10680927478387,180.0,180.0,HIGH,2
E_32,2026-09-11T15:52:42.225882,12.98279999999999,77.5946,1.5,0.0,2.1417418853837624,311.3457946036438,180.0,180.0,HIGH,0
E_33,2026-09-11T15:51:07.226417,12.979,77.5946,1.5,0.0,9.395160700411411,111.19492664469465,0.0,0.0,HIGH,2
E_33,2026-09-11T15:51:12.226417,12.979199999999999,77.5946,1.5,0.0,9.216383828967242,88.9559413158347,0.0,0.0,HIGH,2
E_33,2026-09-11T15:51:17.226417,12.979399999999998,77.5946,1.5,0.0,5.37152298969839,66.7169559869748,0.0,0.0,HIGH,2
E_33,2026-09-11T15:51:22.226417,12.979599999999998,77.5946,1.5,0.0,2.9369951730456645,44.47797065811488,0.0,0.0,HIGH,2
E_33,2026-09-11T15:51:27.226417,12.979799999999997,77.5946,1.5,0.0,9.056698275947547,22.238985329254966,0.0,0.0,HIGH,2
E_33,2026-09-11T15:51:32.226417,12.979999999999997,77.5946,1.5,0.0,3.7351101800786966,3.9504373690334213e-10,0.0,0.0,HIGH,2
E_33,2026-09-11T15:51:37.226417,12.980199999999996,77.5946,1.5,0.0,3.5158045038800214,22.238985328464874,180.0,180.0,HIGH,2
E_33,2026-09-11T15:51:42.226417,12.980399999999996,77.5946,1.5,0.0,5.092864854659756,44.47797065732479,180.0,180.0,HIGH,2
E_33,2026-09-11T15:51:47.226417,12.980599999999995,77.5946,1.5,0.0,2.7183673490710287,66.7169559861847,180.0,180.0,HIGH,2
E_33,2026-09-11T15:51:52.226417,12.980799999999995,77.5946,1.5,0.0,2.4818153340480267,88.95594131504463,180.0,180.0,HIGH,2
E_33,2026-09-11T15:51:57.226417,12.980999999999995,77.5946,1.5,0.0,5.8230700326619536,111.19492664390457,180.0,180.0,HIGH,2
E_33,2026-09-11T15:52:02.226417,12.981199999999994,77.5946,1.5,0.0,3.6229947031664045,133.43391197276446,180.0,180.0,HIGH,2
E_33,2026-09-11T15:52:07.226417,12.981399999999994,77.5946,1.5,0.0,3.449622051692298,155.67289730162437,180.0,180.0,HIGH,2
E_33,2026-09-11T15:52:12.226417,12.981599999999993,77.5946,1.5,0.0,3.4181043732644882,177.91188263048429,180.0,180.0,HIGH,2
E_33,2026-09-11T15:52:17.226417,12.981799999999993,77.5946,1.5,0.0,8.263923998250148,200.15086795934423,180.0,180.0,HIGH,2
E_33,2026-09-11T15:52:22.226417,12.981999999999992,77.5946,1.5,0.0,9.86223868930595,222.38985328820414,180.0,180.0,HIGH,2
E_33,2026-09-11T15:52:27.226417,12.982199999999992,77.5946,1.5,0.0,9.806866858858767,244.62883861706405,180.0,180.0,HIGH,2
E_33,2026-09-11T15:52:32.226417,12.982399999999991,77.5946,1.5,0.0,8.631270000608076,266.867823945924,180.0,180.0,HIGH,2
E_33,2026-09-11T15:52:37.226417,12.98259999999999,77.5946,1.5,0.0,6.616218741417145,289.10680927478387,180.0,180.0,HIGH,2
E_33,2026-09-11T15:52:42.226417,12.98279999999999,77.5946,1.5,0.0,4.609272482674996,311.3457946036438,180.0,180.0,HIGH,0
E_34,2026-09-11T15:51:07.226933,12.979,77.5946,1.5,0.0,4.104410371879719,111.19492664469465,0.0,0.0,HIGH,2
E_34,2026-09-11T15:51:12.226933,12.979199999999999,77.5946,1.5,0.0,7.433605278162878,88.9559413158347,0.0,0.0,HIGH,2
E_34,2026-09-11T15:51:17.226933,12.979399999999998,77.5946,1.5,0.0,3.4286483998618618,66.7169559869748,0.0,0.0,HIGH,2
E_34,2026-09-11T15:51:22.226933,12.979599999999998,77.5946,1.5,0.0,9.10592478565831,44.47797065811488,0.0,0.0,HIGH,2
E_34,2026-09-11T15:51:27.226933,12.979799999999997,77.5946,1.5,0.0,3.3165936174853643,22.238985329254966,0.0,0.0,HIGH,2
E_34,2026-09-11T15:51:32.226933,12.979999999999997,77.5946,1.5,0.0,5.882928682698224,3.9504373690334213e-10,0.0,0.0,HIGH,2
E_34,2026-09-11T15:51:37.226933,12.980199999999996,77.5946,1.5,0.0,4.384999435569049,22.238985328464874,180.0,180.0,HIGH,2
E_34,2026-09-11T15:51:42.226933,12.980399999999996,77.5946,1.5,0.0,9.8219427222447,44.47797065732479,180.0,180.0,HIGH,2
E_34,2026-09-11T15:51:47.226933,12.980599999999995,77.5946,1.5,0.0,6.969586880823762,66.7169559861847,180.0,180.0,HIGH,2
E_34,2026-09-11T15:51:52.226933,12.980799999999995,77.5946,1.5,0.0,8.004313942901282,88.95594131504463,180.0,180.0,HIGH,2
E_34,2026-09-11T15:51:57.226933,12.980999999999995,77.5946,1.5,0.0,9.955596183389028,111.19492664390457,180.0,180.0,HIGH,2
E_34,2026-09-11T15:52:02.226933,12.981199999999994,77.5946,1.5,0.0,9.096034150358534,133.43391197276446,180.0,180.0,HIGH,2
E_34,2026-09-11T15:52:07.226933,12.981399999999994,77.5946,1.5,0.0,5.243776495426394,155.67289730162437,180.0,180.0,HIGH,2
E_34,2026-09-11T15:52:12.226933,12.981599999999993,77.5946,1.5,0.0,4.329788395995163,177.91188263048429,180.0,180.0,HIGH,2
E_34,2026-09-11T15:52:17.226933,12.981799999999993,77.5946,1.5,0.0,3.4520218651912273,200.15086795934423,180.0,180.0,HIGH,2
E_34,2026-09-11T15:52:22.226933,12.981999999999992,77.5946,1.5,0.0,4.738302674515759,222.38985328820414,180.0,180.0,HIGH,2
E_34,2026-09-11T15:52:27.226933,12.982199999999992,77.5946,1.5,0.0,2.2008038925483318,244.62883861706405,180.0,180.0,HIGH,2
E_34,2026-09-11T15:52:32.226933,12.982399999999991,77.5946,1.5,0.0,7.632250056278756,266.867823945924,180.0,180.0,HIGH,2
E_34,2026-09-11T15:52:37.226933,12.98259999999999,77.5946,1.5,0.0,8.41526119338267,289.10680927478387,180.0,180.0,HIGH,2
E_34,2026-09-11T15:52:42.226933,12.98279999999999,77.5946,1.5,0.0,4.216014563264016,311.3457946036438,180.0,180.0,HIGH,0
E_35,2026-09-11T15:51:07.228017,12.979,77.5946,1.5,0.0,7.937816208097537,111.19492664469465,0.0,0.0,HIGH,2
E_35,2026-09-11T15:51:12.228017,12.979199999999999,77.5946,1.5,0.0,5.6032756777069705,88.9559413158347,0.0,0.0,HIGH,2
E_35,2026-09-11T15:51:17.228017,12.979399999999998,77.5946,1.5,0.0,7.590975876265333,66.7169559869748,0.0,0.0,HIGH,2
E_35,2026-09-11T15:51:22.228017,12.979599999999998,77.5946,1.5,0.0,9.223873412325968,44.47797065811488,0.0,0.0,HIGH,2
E_35,2026-09-11T15:51:27.228017,12.979799999999997,77.5946,1.5,0.0,8.765860518632518,22.238985329254966,0.0,0.0,HIGH,2
E_35,2026-09-11T15:51:32.228017,12.979999999999997,77.5946,1.5,0.0,8.206611581200315,3.9504373690334213e-10,0.0,0.0,HIGH,2
E_35,2026-09-11T15:51:37.228017,12.980199999999996,77.5946,1.5,0.0,7.510794511533134,22.238985328464874,180.0,180.0,HIGH,2
E_35,2026-09-11T15:51:42.228017,12.980399999999996,77.5946,1.5,0.0,7.930294816855539,44.47797065732479,180.0,180.0,HIGH,2
E_35,2026-09-11T15:51:47.228017,12.980599999999995,77.5946,1.5,0.0,3.9877463754347975,66.7169559861847,180.0,180.0,HIGH,2
E_35,2026-09-11T15:51:52.228017,12.980799999999995,77.5946,1.5,0.0,7.6328798466461185,88.95594131504463,180.0,180.0,HIGH,2
E_35,2026-09-11T15:51:57.228017,12.980999999999995,77.5946,1.5,0.0,6.946235301625349,111.19492664390457,180.0,180.0,HIGH,2
E_35,2026-09-11T15:52:02.228017,12.981199999999994,77.5946,1.5,0.0,9.270487132502062,133.43391197276446,180.0,180.0,HIGH,2
E_35,2026-09-11T15:52:07.228017,12.981399999999994,77.5946,1.5,0.0,7.461773767050995,155.67289730162437,180.0,180.0,HIGH,2
E_35,2026-09-11T15:52:12.228017,12.981599999999993,77.5946,1.5,0.0,5.3743020947409885,177.91188263048429,180.0,180.0,HIGH,2
E_35,2026-09-11T15:52:17.228017,12.981799999999993,77.5946,1.5,0.0,2.809593087309139,200.15086795934423,180.0,180.0,HIGH,2
E_35,2026-09-11T15:52:22.228017,12.981999999999992,77.5946,1.5,0.0,3.7544679361374715,222.38985328820414,180.0,180.0,HIGH,2
E_35,2026-09-11T15:52:27.228017,12.982199999999992,77.5946,1.5,0.0,8.123441854220477,244.62883861706405,180.0,180.0,HIGH,2
E_35,2026-09-11T15:52:32.228017,12.982399999999991,77.5946,1.5,0.0,6.216122783199503,266.867823945924,180.0,180.0,HIGH,2
E_35,2026-09-11T15:52:37.228017,12.98259999999999,77.5946,1.5,0.0,9.160613638477574,289.10680927478387,180.0,180.0,HIGH,2
E_35,2026-09-11T15:52:42.228017,12.98279999999999,77.5946,1.5,0.0,8.208643560276414,311.3457946036438,180.0,180.0,HIGH,0
E_36,2026-09-11T15:51:07.228570,12.979,77.5946,1.5,0.0,5.612202635035937,111.19492664469465,0.0,0.0,HIGH,2
E_36,2026-09-11T15:51:12.228570,12.979199999999999,77.5946,1.5,0.0,2.491817649340536,88.9559413158347,0.0,0.0,HIGH,2
E_36,2026-09-11T15:51:17.228570,12.979399999999998,77.5946,1.5,0.0,2.056231907240533,66.7169559869748,0.0,0.0,HIGH,2
E_36,2026-09-11T15:51:22.228570,12.979599999999998,77.5946,1.5,0.0,2.373856561123345,44.47797065811488,0.0,0.0,HIGH,2
E_36,2026-09-11T15:51:27.228570,12.979799999999997,77.5946,1.5,0.0,4.143485575798744,22.238985329254966,0.0,0.0,HIGH,2
E_36,2026-09-11T15:51:32.228570,12.979999999999997,77.5946,1.5,0.0,8.9746747174925,3.9504373690334213e-10,0.0,0.0,HIGH,2
E_36,2026-09-11T15:51:37.228570,12.980199999999996,77.5946,1.5,0.0,3.7144602380745937,22.238985328464874,180.0,180.0,HIGH,2
E_36,2026-09-11T15:51:42.228570,12.980399999999996,77.5946,1.5,0.0,8.493569265820014,44.47797065732479,180.0,180.0,HIGH,2
E_36,2026-09-11T15:51:47.228570,12.980599999999995,77.5946,1.5,0.0,2.1971731177814027,66.7169559861847,180.0,180.0,HIGH,2
E_36,2026-09-11T15:51:52.228570,12.980799999999995,77.5946,1.5,0.0,8.840255729113883,88.95594131504463,180.0,180.0,HIGH,2
E_36,2026-09-11T15:51:57.228570,12.980999999999995,77.5946,1.5,0.0,9.413364371203876,111.19492664390457,180.0,180.0,HIGH,2
E_36,2026-09-11T15:52:02.228570,12.981199999999994,77.5946,1.5,0.0,8.111947817298557,133.43391197276446,180.0,180.0,HIGH,2
E_36,2026-09-11T15:52:07.228570,12.981399999999994,77.5946,1.5,0.0,5.850841386392843,155.67289730162437,180.0,180.0,HIGH,2
E_36,2026-09-11T15:52:12.228570,12.981599999999993,77.5946,1.5,0.0,5.636514867376768,177.91188263048429,180.0,180.0,HIGH,2
E_36,2026-09-11T15:52:17.228570,12.981799999999993,77.5946,1.5,0.0,9.983720485161143,200.15086795934423,180.0,180.0,HIGH,2
E_36,2026-09-11T15:52:22.228570,12.981999999999992,77.5946,1.5,0.0,8.360131945227511,222.38985328820414,180.0,180.0,HIGH,2
E_36,2026-09-11T15:52:27.228570,12.982199999999992,77.5946,1.5,0.0,2.362107851195967,244.62883861706405,180.0,180.0,HIGH,2
E_36,2026-09-11T15:52:32.228570,12.982399999999991,77.5946,1.5,0.0,2.4501347685663646,266.867823945924,180.0,180.0,HIGH,2
E_36,2026-09-11T15:52:37.228570,12.98259999999999,77.5946,1.5,0.0,7.506648003983524,289.10680927478387,180.0,180.0,HIGH,2
E_36,2026-09-11T15:52:42.228570,12.98279999999999,77.5946,1.5,0.0,3.1623533428837547,311.3457946036438,180.0,180.0,HIGH,0
E_37,2026-09-11T15:51:07.229107,12.979,77.5946,1.5,0.0,3.4052119721324425,111.19492664469465,0.0,0.0,HIGH,2
E_37,2026-09-11T15:51:12.229107,12.979199999999999,77.5946,1.5,0.0,6.181171972682473,88.9559413158347,0.0,0.0,HIGH,2
E_37,2026-09-11T15:51:17.229107,12.979399999999998,77.5946,1.5,0.0,7.01775467202207,66.7169559869748,0.0,0.0,HIGH,2
E_37,2026-09-11T15:51:22.229107,12.979599999999998,77.5946,1.5,0.0,4.47398433815002,44.47797065811488,0.0,0.0,HIGH,2
E_37,2026-09-11T15:51:27.229107,12.979799999999997,77.5946,1.5,0.0,5.208720149437683,22.238985329254966,0.0,0.0,HIGH,2
E_37,2026-09-11T15:51:32.229107,12.979999999999997,77.5946,1.5,0.0,2.0844393219081807,3.9504373690334213e-10,0.0,0.0,HIGH,2
E_37,2026-09-11T15:51:37.229107,12.980199999999996,77.5946,1.5,0.0,8.870078016592903,22.238985328464874,180.0,180.0,HIGH,2
E_37,2026-09-11T15:51:42.229107,12.980399999999996,77.5946,1.5,0.0,8.228190987437442,44.47797065732479,180.0,180.0,HIGH,2
E_37,2026-09-11T15:51:47.229107,12.980599999999995,77.5946,1.5,0.0,6.409761737244762,66.7169559861847,180.0,180.0,HIGH,2
E_37,2026-09-11T15:51:52.229107,12.980799999999995,77.5946,1.5,0.0,7.914191453513761,88.95594131504463,180.0,180.0,HIGH,2
E_37,2026-09-11T15:51:57.229107,12.980999999999995,77.5946,1.5,0.0,2.044529316022074,111.19492664390457,180.0,180.0,HIGH,2
E_37,2026-09-11T15:52:02.229107,12.981199999999994,77.5946,1.5,0.0,9.178898598698785,133.43391197276446,180.0,180.0,HIGH,2
E_37,2026-09-11T15:52:07.229107,12.981399999999994,77.5946,1.5,0.0,5.432651261129692,155.67289730162437,180.0,180.0,HIGH,2
E_37,2026-09-11T15:52:12.229107,12.981599999999993,77.5946,1.5,0.0,6.831370168920839,177.91188263048429,180.0,180.0,HIGH,2
E_37,2026-09-11T15:52:17.229107,12.981799999999993,77.5946,1.5,0.0,8.504434226805486,200.15086795934423,180.0,180.0,HIGH,2
E_37,2026-09-11T15:52:22.229107,12.981999999999992,77.5946,1.5,0.0,6.665785173616891,222.38985328820414,180.0,180.0,HIGH,2
E_37,2026-09-11T15:52:27.229107,12.982199999999992,77.5946,1.5,0.0,7.188761432873879,244.62883861706405,180.0,180.0,HIGH,2
E_37,2026-09-11T15:52:32.229107,12.982399999999991,77.5946,1.5,0.0,5.92123982878437,266.867823945924,180.0,180.0,HIGH,2
E_37,2026-09-11T15:52:37.229107,12.98259999999999,77.5946,1.5,0.0,9.498928164947504,289.10680927478387,180.0,180.0,HIGH,2
E_37,2026-09-11T15:52:42.229107,12.98279999999999,77.5946,1.5,0.0,8.35442076239751,311.3457946036438,180.0,180.0,HIGH,0
E_38,2026-09-11T15:51:07.229651,12.979,77.5946,1.5,0.0,6.541110367292046,111.19492664469465,0.0,0.0,HIGH,2
E_38,2026-09-11T15:51:12.229651,12.979199999999999,77.5946,1.5,0.0,9.28505630111783,88.9559413158347,0.0,0.0,HIGH,2
E_38,2026-09-11T15:51:17.229651,12.979399999999998,77.5946,1.5,0.0,7.435058702323857,66.7169559869748,0.0,0.0,HIGH,2
E_38,2026-09-11T15:51:22.229651,12.979599999999998,77.5946,1.5,0.0,3.4080225548418017,44.47797065811488,0.0,0.0,HIGH,2
E_38,2026-09-11T15:51:27.229651,12.979799999999997,77.5946,1.5,0.0,6.883657787178304,22.238985329254966,0.0,0.0,HIGH,2
E_38,2026-09-11T15:51:32.229651,12.979999999999997,77.5946,1.5,0.0,8.454853885871962,3.9504373690334213e-10,0.0,0.0,HIGH,2
E_38,2026-09-11T15:51:37.229651,12.980199999999996,77.5946,1.5,0.0,2.4274440969649733,22.238985328464874,180.0,180.0,HIGH,2
E_38,2026-09-11T15:51:42.229651,12.980399999999996,77.5946,1.5,0.0,8.60427633305564,44.47797065732479,180.0,180.0,HIGH,2
E_38,2026-09-11T15:51:47.229651,12.980599999999995,77.5946,1.5,0.0,9.703584037059008,66.7169559861847,180.0,180.0,HIGH,2
E_38,2026-09-11T15:51:52.229651,12.980799999999995,77.5946,1.5,0.0,6.169128227523425,88.95594131504463,180.0,180.0,HIGH,2
E_38,2026-09-11T15:51:57.229651,12.980999999999995,77.5946,1.5,0.0,7.034540874922727,111.19492664390457,180.0,180.0,HIGH,2
E_38,2026-09-11T15:52:02.229651,12.981199999999994,77.5946,1.5,0.0,8.412370512595285,133.43391197276446,180.0,180.0,HIGH,2
E_38,2026-09-11T15:52:07.229651,12.981399999999994,77.5946,1.5,0.0,2.325740679087521,155.67289730162437,180.0,180.0,HIGH,2
E_38,2026-09-11T15:52:12.229651,12.981599999999993,77.5946,1.5,0.0,9.348573220296414,177.91188263048429,180.0,180.0,HIGH,2
E_38,2026-09-11T15:52:17.229651,12.981799999999993,77.5946,1.5,0.0,7.759657044835931,200.15086795934423,180.0,180.0,HIGH,2
E_38,2026-09-11T15:52:22.229651,12.981999999999992,77.5946,1.5,0.0,8.238856850810162,222.38985328820414,180.0,180.0,HIGH,2
E_38,2026-09-11T15:52:27.229651,12.982199999999992,77.5946,1.5,0.0,8.99792214812631,244.62883861706405,180.0,180.0,HIGH,2
E_38,2026-09-11T15:52:32.229651,12.982399999999991,77.5946,1.5,0.0,5.441394651900189,266.867823945924,180.0,180.0,HIGH,2
E_38,2026-09-11T15:52:37.229651,12.98259999999999,77.5946,1.5,0.0,7.991478095225839,289.10680927478387,180.0,180.0,HIGH,2
E_38,2026-09-11T15:52:42.229651,12.98279999999999,77.5946,1.5,0.0,6.924528126127623,311.3457946036438,180.0,180.0,HIGH,0
E_39,2026-09-11T15:51:07.230197,12.979,77.5946,1.5,0.0,7.392635306260523,111.19492664469465,0.0,0.0,HIGH,2
E_39,2026-09-11T15:51:12.230197,12.979199999999999,77.5946,1.5,0.0,3.2957765315191923,88.9559413158347,0.0,0.0,HIGH,2
E_39,2026-09-11T15:51:17.230197,12.979399999999998,77.5946,1.5,0.0,8.286991592792258,66.7169559869748,0.0,0.0,HIGH,2
E_39,2026-09-11T15:51:22.230197,12.979599999999998,77.5946,1.5,0.0,8.386810481668132,44.47797065811488,0.0,0.0,HIGH,2
E_39,2026-09-11T15:51:27.230197,12.979799999999997,77.5946,1.5,0.0,5.2927568168851575,22.238985329254966,0.0,0.0,HIGH,2
E_39,2026-09-11T15:51:32.230197,12.979999999999997,77.5946,1.5,0.0,4.0403859323398805,3.9504373690334213e-10,0.0,0.0,HIGH,2
E_39,2026-09-11T15:51:37.230197,12.980199999999996,77.5946,1.5,0.0,4.258389558343936,22.238985328464874,180.0,180.0,HIGH,2
E_39,2026-09-11T15:51:42.230197,12.980399999999996,77.5946,1.5,0.0,8.56429893291858,44.47797065732479,180.0,180.0,HIGH,2
E_39,2026-09-11T15:51:47.230197,12.980599999999995,77.5946,1.5,0.0,2.6537874110291657,66.7169559861847,180.0,180.0,HIGH,2
E_39,2026-09-11T15:51:52.230197,12.980799999999995,77.5946,1.5,0.0,4.805304192706801,88.95594131504463,180.0,180.0,HIGH,2
E_39,2026-09-11T15:51:57.230197,12.980999999999995,77.5946,1.5,0.0,4.538496646255951,111.19492664390457,180.0,180.0,HIGH,2
E_39,2026-09-11T15:52:02.230197,12.981199999999994,77.5946,1.5,0.0,4.707533088119592,133.43391197276446,180.0,180.0,HIGH,2
E_39,2026-09-11T15:52:07.230197,12.981399999999994,77.5946,1.5,0.0,7.597987920359128,155.67289730162437,180.0,180.0,HIGH,2
E_39,2026-09-11T15:52:12.230197,12.981599999999993,77.5946,1.5,0.0,3.8575280865717376,177.91188263048429,180.0,180.0,HIGH,2
E_39,2026-09-11T15:52:17.230197,12.981799999999993,77.5946,1.5,0.0,3.186799936507872,200.15086795934423,180.0,180.0,HIGH,2
E_39,2026-09-11T15:52:22.230197,12.981999999999992,77.5946,1.5,0.0,2.600754108204333,222.38985328820414,180.0,180.0,HIGH,2
E_39,2026-09-11T15:52:27.230197,12.982199999999992,77.5946,1.5,0.0,5.308576223973148,244.62883861706405,180.0,180.0,HIGH,2
E_39,2026-09-11T15:52:32.230197,12.982399999999991,77.5946,1.5,0.0,6.2228852951605065,266.867823945924,180.0,180.0,HIGH,2
E_39,2026-09-11T15:52:37.230197,12.98259999999999,77.5946,1.5,0.0,5.205997910230466,289.10680927478387,180.0,180.0,HIGH,2
E_39,2026-09-11T15:52:42.230197,12.98279999999999,77.5946,1.5,0.0,2.807805250503665,311.3457946036438,180.0,180.0,HIGH,0
E_40,2026-09-11T15:51:07.230743,12.979,77.5946,1.5,0.0,4.687902729603388,111.19492664469465,0.0,0.0,HIGH,2
E_40,2026-09-11T15:51:12.230743,12.979199999999999,77.5946,1.5,0.0,2.4396509953374643,88.9559413158347,0.0,0.0,HIGH,2
E_40,2026-09-11T15:51:17.230743,12.979399999999998,77.5946,1.5,0.0,2.0585062116916797,66.7169559869748,0.0,0.0,HIGH,2
E_40,2026-09-11T15:51:22.230743,12.979599999999998,77.5946,1.5,0.0,8.561483186921414,44.47797065811488,0.0,0.0,HIGH,2
E_40,2026-09-11T15:51:27.230743,12.979799999999997,77.5946,1.5,0.0,9.369865024196239,22.238985329254966,0.0,0.0,HIGH,2
E_40,2026-09-11T15:51:32.230743,12.979999999999997,77.5946,1.5,0.0,9.742618208058309,3.9504373690334213e-10,0.0,0.0,HIGH,2
E_40,2026-09-11T15:51:37.230743,12.980199999999996,77.5946,1.5,0.0,8.25267508808778,22.238985328464874,180.0,180.0,HIGH,2
E_40,2026-09-11T15:51:42.230743,12.980399999999996,77.5946,1.5,0.0,4.844502006798888,44.47797065732479,180.0,180.0,HIGH,2
E_40,2026-09-11T15:51:47.230743,12.980599999999995,77.5946,1.5,0.0,2.848514290395257,66.7169559861847,180.0,180.0,HIGH,2
E_40,2026-09-11T15:51:52.230743,12.980799999999995,77.5946,1.5,0.0,7.759306787465361,88.95594131504463,180.0,180.0,HIGH,2
E_40,2026-09-11T15:51:57.230743,12.980999999999995,77.5946,1.5,0.0,8.32706933709616,111.19492664390457,180.0,180.0,HIGH,2
E_40,2026-09-11T15:52:02.230743,12.981199999999994,77.5946,1.5,0.0,8.222882303373359,133.43391197276446,180.0,180.0,HIGH,2
E_40,2026-09-11T15:52:07.230743,12.981399999999994,77.5946,1.5,0.0,6.893728106739336,155.67289730162437,180.0,180.0,HIGH,2
E_40,2026-09-11T15:52:12.230743,12.981599999999993,77.5946,1.5,0.0,4.76680060067991,177.91188263048429,180.0,180.0,HIGH,2
E_40,2026-09-11T15:52:17.230743,12.981799999999993,77.5946,1.5,0.0,7.813007725990172,200.15086795934423,180.0,180.0,HIGH,2
E_40,2026-09-11T15:52:22.230743,12.981999999999992,77.5946,1.5,0.0,5.737878539808608,222.38985328820414,180.0,180.0,HIGH,2
E_40,2026-09-11T15:52:27.230743,12.982199999999992,77.5946,1.5,0.0,6.454834328520656,244.62883861706405,180.0,180.0,HIGH,2
E_40,2026-09-11T15:52:32.230743,12.982399999999991,77.5946,1.5,0.0,7.129611068161528,266.867823945924,180.0,180.0,HIGH,2
E_40,2026-09-11T15:52:37.230743,12.98259999999999,77.5946,1.5,0.0,6.429903224128157,289.10680927478387,180.0,180.0,HIGH,2
E_40,2026-09-11T15:52:42.230743,12.98279999999999,77.5946,1.5,0.0,9.596790796648527,311.3457946036438,180.0,180.0,HIGH,0
E_41,2026-09-11T15:51:07.231282,12.979,77.5946,1.5,0.0,9.91279288856038,111.19492664469465,0.0,0.0,HIGH,2
E_41,2026-09-11T15:51:12.231282,12.979199999999999,77.5946,1.5,0.0,7.907673839368159,88.9559413158347,0.0,0.0,HIGH,2
E_41,2026-09-11T15:51:17.231282,12.979399999999998,77.5946,1.5,0.0,5.093307396470842,66.7169559869748,0.0,0.0,HIGH,2
E_41,2026-09-11T15:51:22.231282,12.979599999999998,77.5946,1.5,0.0,8.740404526484696,44.47797065811488,0.0,0.0,HIGH,2
E_41,2026-09-11T15:51:27.231282,12.979799999999997,77.5946,1.5,0.0,5.328385989508197,22.238985329254966,0.0,0.0,HIGH,2
E_41,2026-09-11T15:51:32.231282,12.979999999999997,77.5946,1.5,0.0,6.521819201561442,3.9504373690334213e-10,0.0,0.0,HIGH,2
E_41,2026-09-11T15:51:37.231282,12.980199999999996,77.5946,1.5,0.0,6.06957573637114,22.238985328464874,180.0,180.0,HIGH,2
E_41,2026-09-11T15:51:42.231282,12.980399999999996,77.5946,1.5,0.0,8.812483286370632,44.47797065732479,180.0,180.0,HIGH,2
E_41,2026-09-11T15:51:47.231282,12.980599999999995,77.5946,1.5,0.0,9.304174826461587,66.7169559861847,180.0,180.0,HIGH,2
E_41,2026-09-11T15:51:52.231282,12.980799999999995,77.5946,1.5,0.0,5.511729059440128,88.95594131504463,180.0,180.0,HIGH,2
E_41,2026-09-11T15:51:57.231282,12.980999999999995,77.5946,1.5,0.0,8.124447758697091,111.19492664390457,180.0,180.0,HIGH,2
E_41,2026-09-11T15:52:02.231282,12.981199999999994,77.5946,1.5,0.0,7.3072461269920765,133.43391197276446,180.0,180.0,HIGH,2
E_41,2026-09-11T15:52:07.231282,12.981399999999994,77.5946,1.5,0.0,5.85093884830472,155.67289730162437,180.0,180.0,HIGH,2
E_41,2026-09-11T15:52:12.231282,12.981599999999993,77.5946,1.5,0.0,8.480704066851613,177.91188263048429,180.0,180.0,HIGH,2
E_41,2026-09-11T15:52:17.231282,12.981799999999993,77.5946,1.5,0.0,9.783999888615435,200.15086795934423,180.0,180.0,HIGH,2
E_41,2026-09-11T15:52:22.231282,12.981999999999992,77.5946,1.5,0.0,7.029238233662105,222.38985328820414,180.0,180.0,HIGH,2
E_41,2026-09-11T15:52:27.231282,12.982199999999992,77.5946,1.5,0.0,6.984566017809706,244.62883861706405,180.0,180.0,HIGH,2
E_41,2026-09-11T15:52:32.231282,12.982399999999991,77.5946,1.5,0.0,6.82657850653363,266.867823945924,180.0,180.0,HIGH,2
E_41,2026-09-11T15:52:37.231282,12.98259999999999,77.5946,1.5,0.0,6.222209503353904,289.10680927478387,180.0,180.0,HIGH,2
E_41,2026-09-11T15:52:42.231282,12.98279999999999,77.5946,1.5,0.0,8.463294824326555,311.3457946036438,180.0,180.0,HIGH,0
E_42,2026-09-11T15:51:07.231282,12.979,77.5946,1.5,0.0,4.581745503963683,111.19492664469465,0.0,0.0,HIGH,2
E_42,2026-09-11T15:51:12.231282,12.979199999999999,77.5946,1.5,0.0,2.8015421564621477,88.9559413158347,0.0,0.0,HIGH,2
E_42,2026-09-11T15:51:17.231282,12.979399999999998,77.5946,1.5,0.0,3.08122330154764,66.7169559869748,0.0,0.0,HIGH,2
E_42,2026-09-11T15:51:22.231282,12.979599999999998,77.5946,1.5,0.0,3.7929052133893046,44.47797065811488,0.0,0.0,HIGH,2
E_42,2026-09-11T15:51:27.231282,12.979799999999997,77.5946,1.5,0.0,5.781080657725188,22.238985329254966,0.0,0.0,HIGH,2
E_42,2026-09-11T15:51:32.231282,12.979999999999997,77.5946,1.5,0.0,6.709107958599278,3.9504373690334213e-10,0.0,0.0,HIGH,2
E_42,2026-09-11T15:51:37.231282,12.980199999999996,77.5946,1.5,0.0,4.6238775791485205,22.238985328464874,180.0,180.0,HIGH,2
E_42,2026-09-11T15:51:42.231282,12.980399999999996,77.5946,1.5,0.0,8.219508700862342,44.47797065732479,180.0,180.0,HIGH,2
E_42,2026-09-11T15:51:47.231282,12.980599999999995,77.5946,1.5,0.0,5.052474758761221,66.7169559861847,180.0,180.0,HIGH,2
E_42,2026-09-11T15:51:52.231282,12.980799999999995,77.5946,1.5,0.0,6.85543022460567,88.95594131504463,180.0,180.0,HIGH,2
E_42,2026-09-11T15:51:57.231282,12.980999999999995,77.5946,1.5,0.0,7.495096544597732,111.19492664390457,180.0,180.0,HIGH,2
E_42,2026-09-11T15:52:02.231282,12.981199999999994,77.5946,1.5,0.0,2.580320787656098,133.43391197276446,180.0,180.0,HIGH,2
E_42,2026-09-11T15:52:07.231282,12.981399999999994,77.5946,1.5,0.0,4.979781698611237,155.67289730162437,180.0,180.0,HIGH,2
E_42,2026-09-11T15:52:12.231282,12.981599999999993,77.5946,1.5,0.0,4.210609859107,177.91188263048429,180.0,180.0,HIGH,2
E_42,2026-09-11T15:52:17.231282,12.981799999999993,77.5946,1.5,0.0,4.069309599823951,200.15086795934423,180.0,180.0,HIGH,2
E_42,2026-09-11T15:52:22.231282,12.981999999999992,77.5946,1.5,0.0,6.377766555297953,222.38985328820414,180.0,180.0,HIGH,2
E_42,2026-09-11T15:52:27.231282,12.982199999999992,77.5946,1.5,0.0,6.484488520754386,244.62883861706405,180.0,180.0,HIGH,2
E_42,2026-09-11T15:52:32.231282,12.982399999999991,77.5946,1.5,0.0,9.268744061700653,266.867823945924,180.0,180.0,HIGH,2
E_42,2026-09-11T15:52:37.231282,12.98259999999999,77.5946,1.5,0.0,5.108238986195961,289.10680927478387,180.0,180.0,HIGH,2
E_42,2026-09-11T15:52:42.231282,12.98279999999999,77.5946,1.5,0.0,9.837197289089769,311.3457946036438,180.0,180.0,HIGH,0
E_43,2026-09-11T15:51:07.231810,12.979,77.5946,1.5,0.0,9.348984448130924,111.19492664469465,0.0,0.0,HIGH,2
E_43,2026-09-11T15:51:12.231810,12.979199999999999,77.5946,1.5,0.0,9.190511624995072,88.9559413158347,0.0,0.0,HIGH,2
E_43,2026-09-11T15:51:17.231810,12.979399999999998,77.5946,1.5,0.0,6.131924187255943,66.7169559869748,0.0,0.0,HIGH,2
E_43,2026-09-11T15:51:22.231810,12.979599999999998,77.5946,1.5,0.0,9.602537805191645,44.47797065811488,0.0,0.0,HIGH,2
E_43,2026-09-11T15:51:27.231810,12.979799999999997,77.5946,1.5,0.0,2.3592321440118997,22.238985329254966,0.0,0.0,HIGH,2
E_43,2026-09-11T15:51:32.231810,12.979999999999997,77.5946,1.5,0.0,5.925103359974676,3.9504373690334213e-10,0.0,0.0,HIGH,2
E_43,2026-09-11T15:51:37.231810,12.980199999999996,77.5946,1.5,0.0,6.1790571691542535,22.238985328464874,180.0,180.0,HIGH,2
E_43,2026-09-11T15:51:42.231810,12.980399999999996,77.5946,1.5,0.0,4.469908769857195,44.47797065732479,180.0,180.0,HIGH,2
E_43,2026-09-11T15:51:47.231810,12.980599999999995,77.5946,1.5,0.0,5.185424492942051,66.7169559861847,180.0,180.0,HIGH,2
E_43,2026-09-11T15:51:52.231810,12.980799999999995,77.5946,1.5,0.0,5.237232318579681,88.95594131504463,180.0,180.0,HIGH,2
E_43,2026-09-11T15:51:57.231810,12.980999999999995,77.5946,1.5,0.0,9.415704548994016,111.19492664390457,180.0,180.0,HIGH,2
E_43,2026-09-11T15:52:02.231810,12.981199999999994,77.5946,1.5,0.0,5.4400654389406355,133.43391197276446,180.0,180.0,HIGH,2
E_43,2026-09-11T15:52:07.231810,12.981399999999994,77.5946,1.5,0.0,9.5590319352933,155.67289730162437,180.0,180.0,HIGH,2
E_43,2026-09-11T15:52:12.231810,12.981599999999993,77.5946,1.5,0.0,6.780393175054835,177.91188263048429,180.0,180.0,HIGH,2
E_43,2026-09-11T15:52:17.231810,12.981799999999993,77.5946,1.5,0.0,6.382523501949804,200.15086795934423,180.0,180.0,HIGH,2
E_43,2026-09-11T15:52:22.231810,12.981999999999992,77.5946,1.5,0.0,2.259493014361569,222.38985328820414,180.0,180.0,HIGH,2
E_43,2026-09-11T15:52:27.231810,12.982199999999992,77.5946,1.5,0.0,2.972541369499033,244.62883861706405,180.0,180.0,HIGH,2
E_43,2026-09-11T15:52:32.231810,12.982399999999991,77.5946,1.5,0.0,7.362621727329628,266.867823945924,180.0,180.0,HIGH,2
E_43,2026-09-11T15:52:37.231810,12.98259999999999,77.5946,1.5,0.0,4.0300348843680025,289.10680927478387,180.0,180.0,HIGH,2
E_43,2026-09-11T15:52:42.231810,12.98279999999999,77.5946,1.5,0.0,3.81156308705963,311.3457946036438,180.0,180.0,HIGH,0
E_44,2026-09-11T15:51:07.231810,12.979,77.5946,1.5,0.0,9.647001300042122,111.19492664469465,0.0,0.0,HIGH,2
E_44,2026-09-11T15:51:12.231810,12.979199999999999,77.5946,1.5,0.0,3.4710868536580968,88.9559413158347,0.0,0.0,HIGH,2
E_44,2026-09-11T15:51:17.231810,12.979399999999998,77.5946,1.5,0.0,8.437411726481193,66.7169559869748,0.0,0.0,HIGH,2
E_44,2026-09-11T15:51:22.231810,12.979599999999998,77.5946,1.5,0.0,2.3701222869508323,44.47797065811488,0.0,0.0,HIGH,2
E_44,2026-09-11T15:51:27.231810,12.979799999999997,77.5946,1.5,0.0,4.195981640009252,22.238985329254966,0.0,0.0,HIGH,2
E_44,2026-09-11T15:51:32.231810,12.979999999999997,77.5946,1.5,0.0,5.291160414158263,3.9504373690334213e-10,0.0,0.0,HIGH,2
E_44,2026-09-11T15:51:37.231810,12.980199999999996,77.5946,1.5,0.0,7.632205321909745,22.238985328464874,180.0,180.0,HIGH,2
E_44,2026-09-11T15:51:42.231810,12.980399999999996,77.5946,1.5,0.0,3.822309932728518,44.47797065732479,180.0,180.0,HIGH,2
E_44,2026-09-11T15:51:47.231810,12.980599999999995,77.5946,1.5,0.0,3.2344115435013965,66.7169559861847,180.0,180.0,HIGH,2
E_44,2026-09-11T15:51:52.231810,12.980799999999995,77.5946,1.5,0.0,4.278881756484549,88.95594131504463,180.0,180.0,HIGH,2
E_44,2026-09-11T15:51:57.231810,12.980999999999995,77.5946,1.5,0.0,6.179348838069308,111.19492664390457,180.0,180.0,HIGH,2
E_44,2026-09-11T15:52:02.231810,12.981199999999994,77.5946,1.5,0.0,6.220535914314116,133.43391197276446,180.0,180.0,HIGH,2
E_44,2026-09-11T15:52:07.231810,12.981399999999994,77.5946,1.5,0.0,8.28663033538053,155.67289730162437,180.0,180.0,HIGH,2
E_44,2026-09-11T15:52:12.231810,12.981599999999993,77.5946,1.5,0.0,2.464808937648062,177.91188263048429,180.0,180.0,HIGH,2
E_44,2026-09-11T15:52:17.231810,12.981799999999993,77.5946,1.5,0.0,7.782938511002732,200.15086795934423,180.0,180.0,HIGH,2
E_44,2026-09-11T15:52:22.231810,12.981999999999992,77.5946,1.5,0.0,3.83453077814426,222.38985328820414,180.0,180.0,HIGH,2
E_44,2026-09-11T15:52:27.231810,12.982199999999992,77.5946,1.5,0.0,7.999633802512195,244.62883861706405,180.0,180.0,HIGH,2
E_44,2026-09-11T15:52:32.231810,12.982399999999991,77.5946,1.5,0.0,5.648155382390076,266.867823945924,180.0,180.0,HIGH,2
E_44,2026-09-11T15:52:37.231810,12.98259999999999,77.5946,1.5,0.0,9.276499731476392,289.10680927478387,180.0,180.0,HIGH,2
E_44,2026-09-11T15:52:42.231810,12.98279999999999,77.5946,1.5,0.0,2.5438224799586404,311.3457946036438,180.0,180.0,HIGH,0
E_45,2026-09-11T15:51:07.232814,12.979,77.5946,1.5,0.0,5.06631196272556,111.19492664469465,0.0,0.0,HIGH,2
E_45,2026-09-11T15:51:12.232814,12.979199999999999,77.5946,1.5,0.0,2.6461837471265808,88.9559413158347,0.0,0.0,HIGH,2
E_45,2026-09-11T15:51:17.232814,12.979399999999998,77.5946,1.5,0.0,6.030372711661634,66.7169559869748,0.0,0.0,HIGH,2
E_45,2026-09-11T15:51:22.232814,12.979599999999998,77.5946,1.5,0.0,2.399486243799485,44.47797065811488,0.0,0.0,HIGH,2
E_45,2026-09-11T15:51:27.232814,12.979799999999997,77.5946,1.5,0.0,5.400099768613244,22.238985329254966,0.0,0.0,HIGH,2
E_45,2026-09-11T15:51:32.232814,12.979999999999997,77.5946,1.5,0.0,4.6683136321498235,3.9504373690334213e-10,0.0,0.0,HIGH,2
E_45,2026-09-11T15:51:37.232814,12.980199999999996,77.5946,1.5,0.0,3.5306453233782964,22.238985328464874,180.0,180.0,HIGH,2
E_45,2026-09-11T15:51:42.232814,12.980399999999996,77.5946,1.5,0.0,9.44859071483565,44.47797065732479,180.0,180.0,HIGH,2
E_45,2026-09-11T15:51:47.232814,12.980599999999995,77.5946,1.5,0.0,6.000143936639464,66.7169559861847,180.0,180.0,HIGH,2
E_45,2026-09-11T15:51:52.232814,12.980799999999995,77.5946,1.5,0.0,5.762103986154406,88.95594131504463,180.0,180.0,HIGH,2
E_45,2026-09-11T15:51:57.232814,12.980999999999995,77.5946,1.5,0.0,8.340185970255924,111.19492664390457,180.0,180.0,HIGH,2
E_45,2026-09-11T15:52:02.232814,12.981199999999994,77.5946,1.5,0.0,9.856145103455582,133.43391197276446,180.0,180.0,HIGH,2
E_45,2026-09-11T15:52:07.232814,12.981399999999994,77.5946,1.5,0.0,2.537802384765434,155.67289730162437,180.0,180.0,HIGH,2
E_45,2026-09-11T15:52:12.232814,12.981599999999993,77.5946,1.5,0.0,5.886243129757778,177.91188263048429,180.0,180.0,HIGH,2
E_45,2026-09-11T15:52:17.232814,12.981799999999993,77.5946,1.5,0.0,7.220535011368825,200.15086795934423,180.0,180.0,HIGH,2
E_45,2026-09-11T15:52:22.232814,12.981999999999992,77.5946,1.5,0.0,4.251710094387785,222.38985328820414,180.0,180.0,HIGH,2
E_45,2026-09-11T15:52:27.232814,12.982199999999992,77.5946,1.5,0.0,2.714542291154591,244.62883861706405,180.0,180.0,HIGH,2
E_45,2026-09-11T15:52:32.232814,12.982399999999991,77.5946,1.5,0.0,5.32556895152258,266.867823945924,180.0,180.0,HIGH,2
E_45,2026-09-11T15:52:37.232814,12.98259999999999,77.5946,1.5,0.0,5.40524246956369,289.10680927478387,180.0,180.0,HIGH,2
E_45,2026-09-11T15:52:42.232814,12.98279999999999,77.5946,1.5,0.0,5.642516700067918,311.3457946036438,180.0,180.0,HIGH,0
E_46,2026-09-11T15:51:07.232814,12.979,77.5946,1.5,0.0,7.738365584827318,111.19492664469465,0.0,0.0,HIGH,2
E_46,2026-09-11T15:51:12.232814,12.979199999999999,77.5946,1.5,0.0,6.949858677159694,88.9559413158347,0.0,0.0,HIGH,2
E_46,2026-09-11T15:51:17.232814,12.979399999999998,77.5946,1.5,0.0,3.705633579777376,66.7169559869748,0.0,0.0,HIGH,2
E_46,2026-09-11T15:51:22.232814,12.979599999999998,77.5946,1.5,0.0,3.579610626088625,44.47797065811488,0.0,0.0,HIGH,2
E_46,2026-09-11T15:51:27.232814,12.979799999999997,77.5946,1.5,0.0,5.602866174692745,22.238985329254966,0.0,0.0,HIGH,2
E_46,2026-09-11T15:51:32.232814,12.979999999999997,77.5946,1.5,0.0,7.50801698786379,3.9504373690334213e-10,0.0,0.0,HIGH,2
E_46,2026-09-11T15:51:37.232814,12.980199999999996,77.5946,1.5,0.0,2.6267241099236065,22.238985328464874,180.0,180.0,HIGH,2
E_46,2026-09-11T15:51:42.232814,12.980399999999996,77.5946,1.5,0.0,6.216212114767742,44.47797065732479,180.0,180.0,HIGH,2
E_46,2026-09-11T15:51:47.232814,12.980599999999995,77.5946,1.5,0.0,8.306220684299273,66.7169559861847,180.0,180.0,HIGH,2
E_46,2026-09-11T15:51:52.232814,12.980799999999995,77.5946,1.5,0.0,9.04546610772176,88.95594131504463,180.0,180.0,HIGH,2
E_46,2026-09-11T15:51:57.232814,12.980999999999995,77.5946,1.5,0.0,9.652640039461854,111.19492664390457,180.0,180.0,HIGH,2
E_46,2026-09-11T15:52:02.232814,12.981199999999994,77.5946,1.5,0.0,5.62927514672379,133.43391197276446,180.0,180.0,HIGH,2
E_46,2026-09-11T15:52:07.232814,12.981399999999994,77.5946,1.5,0.0,7.773317064186759,155.67289730162437,180.0,180.0,HIGH,2
E_46,2026-09-11T15:52:12.232814,12.981599999999993,77.5946,1.5,0.0,2.1919230665086706,177.91188263048429,180.0,180.0,HIGH,2
E_46,2026-09-11T15:52:17.232814,12.981799999999993,77.5946,1.5,0.0,5.316268358383323,200.15086795934423,180.0,180.0,HIGH,2
E_46,2026-09-11T15:52:22.232814,12.981999999999992,77.5946,1.5,0.0,9.676955240897534,222.38985328820414,180.0,180.0,HIGH,2
E_46,2026-09-11T15:52:27.232814,12.982199999999992,77.5946,1.5,0.0,7.375984671527621,244.62883861706405,180.0,180.0,HIGH,2
E_46,2026-09-11T15:52:32.232814,12.982399999999991,77.5946,1.5,0.0,8.216939978525044,266.867823945924,180.0,180.0,HIGH,2
E_46,2026-09-11T15:52:37.232814,12.98259999999999,77.5946,1.5,0.0,8.321707440033457,289.10680927478387,180.0,180.0,HIGH,2
E_46,2026-09-11T15:52:42.232814,12.98279999999999,77.5946,1.5,0.0,4.4813854562611475,311.3457946036438,180.0,180.0,HIGH,0
E_47,2026-09-11T15:51:07.232814,12.979,77.5946,1.5,0.0,4.8068806657824314,111.19492664469465,0.0,0.0,HIGH,2
E_47,2026-09-11T15:51:12.232814,12.979199999999999,77.5946,1.5,0.0,6.523377145295478,88.9559413158347,0.0,0.0,HIGH,2
E_47,2026-09-11T15:51:17.232814,12.979399999999998,77.5946,1.5,0.0,5.977975327977146,66.7169559869748,0.0,0.0,HIGH,2
E_47,2026-09-11T15:51:22.232814,12.979599999999998,77.5946,1.5,0.0,5.753500662022876,44.47797065811488,0.0,0.0,HIGH,2
E_47,2026-09-11T15:51:27.232814,12.979799999999997,77.5946,1.5,0.0,3.4671719899565154,22.238985329254966,0.0,0.0,HIGH,2
E_47,2026-09-11T15:51:32.232814,12.979999999999997,77.5946,1.5,0.0,4.192753267296119,3.9504373690334213e-10,0.0,0.0,HIGH,2
E_47,2026-09-11T15:51:37.232814,12.980199999999996,77.5946,1.5,0.0,7.756787840517046,22.238985328464874,180.0,180.0,HIGH,2
E_47,2026-09-11T15:51:42.232814,12.980399999999996,77.5946,1.5,0.0,7.1646672349139156,44.47797065732479,180.0,180.0,HIGH,2
E_47,2026-09-11T15:51:47.232814,12.980599999999995,77.5946,1.5,0.0,9.49180143869064,66.7169559861847,180.0,180.0,HIGH,2
E_47,2026-09-11T15:51:52.232814,12.980799999999995,77.5946,1.5,0.0,4.976084761985521,88.95594131504463,180.0,180.0,HIGH,2
E_47,2026-09-11T15:51:57.232814,12.980999999999995,77.5946,1.5,0.0,8.535686553905132,111.19492664390457,180.0,180.0,HIGH,2
E_47,2026-09-11T15:52:02.232814,12.981199999999994,77.5946,1.5,0.0,4.956740443159799,133.43391197276446,180.0,180.0,HIGH,2
E_47,2026-09-11T15:52:07.232814,12.981399999999994,77.5946,1.5,0.0,7.308647304173569,155.67289730162437,180.0,180.0,HIGH,2
E_47,2026-09-11T15:52:12.232814,12.981599999999993,77.5946,1.5,0.0,8.854633221493232,177.91188263048429,180.0,180.0,HIGH,2
E_47,2026-09-11T15:52:17.232814,12.981799999999993,77.5946,1.5,0.0,3.825663796248233,200.15086795934423,180.0,180.0,HIGH,2
E_47,2026-09-11T15:52:22.232814,12.981999999999992,77.5946,1.5,0.0,6.030860942040011,222.38985328820414,180.0,180.0,HIGH,2
E_47,2026-09-11T15:52:27.232814,12.982199999999992,77.5946,1.5,0.0,4.206934462974718,244.62883861706405,180.0,180.0,HIGH,2
E_47,2026-09-11T15:52:32.232814,12.982399999999991,77.5946,1.5,0.0,9.27170789368662,266.867823945924,180.0,180.0,HIGH,2
E_47,2026-09-11T15:52:37.232814,12.98259999999999,77.5946,1.5,0.0,4.036819624973804,289.10680927478387,180.0,180.0,HIGH,2
E_47,2026-09-11T15:52:42.232814,12.98279999999999,77.5946,1.5,0.0,7.06776160204023,311.3457946036438,180.0,180.0,HIGH,0
E_48,2026-09-11T15:51:07.233821,12.979,77.5946,1.5,0.0,3.474894953544446,111.19492664469465,0.0,0.0,HIGH,2
E_48,2026-09-11T15:51:12.233821,12.979199999999999,77.5946,1.5,0.0,9.59107475036532,88.9559413158347,0.0,0.0,HIGH,2
E_48,2026-09-11T15:51:17.233821,12.979399999999998,77.5946,1.5,0.0,2.7577186453523757,66.7169559869748,0.0,0.0,HIGH,2
E_48,2026-09-11T15:51:22.233821,12.979599999999998,77.5946,1.5,0.0,3.5853920348971062,44.47797065811488,0.0,0.0,HIGH,2
E_48,2026-09-11T15:51:27.233821,12.979799999999997,77.5946,1.5,0.0,9.190979337546558,22.238985329254966,0.0,0.0,HIGH,2
E_48,2026-09-11T15:51:32.233821,12.979999999999997,77.5946,1.5,0.0,8.896521203657276,3.9504373690334213e-10,0.0,0.0,HIGH,2
E_48,2026-09-11T15:51:37.233821,12.980199999999996,77.5946,1.5,0.0,8.847171886345466,22.238985328464874,180.0,180.0,HIGH,2
E_48,2026-09-11T15:51:42.233821,12.980399999999996,77.5946,1.5,0.0,2.049217684371385,44.47797065732479,180.0,180.0,HIGH,2
E_48,2026-09-11T15:51:47.233821,12.980599999999995,77.5946,1.5,0.0,9.054412553154238,66.7169559861847,180.0,180.0,HIGH,2
E_48,2026-09-11T15:51:52.233821,12.980799999999995,77.5946,1.5,0.0,5.098629194775038,88.95594131504463,180.0,180.0,HIGH,2
E_48,2026-09-11T15:51:57.233821,12.980999999999995,77.5946,1.5,0.0,2.7540129850082176,111.19492664390457,180.0,180.0,HIGH,2
E_48,2026-09-11T15:52:02.233821,12.981199999999994,77.5946,1.5,0.0,9.274795379755647,133.43391197276446,180.0,180.0,HIGH,2
E_48,2026-09-11T15:52:07.233821,12.981399999999994,77.5946,1.5,0.0,5.269471951774893,155.67289730162437,180.0,180.0,HIGH,2
E_48,2026-09-11T15:52:12.233821,12.981599999999993,77.5946,1.5,0.0,2.047820632601547,177.91188263048429,180.0,180.0,HIGH,2
E_48,2026-09-11T15:52:17.233821,12.981799999999993,77.5946,1.5,0.0,4.834574127594727,200.15086795934423,180.0,180.0,HIGH,2
E_48,2026-09-11T15:52:22.233821,12.981999999999992,77.5946,1.5,0.0,9.081568725575899,222.38985328820414,180.0,180.0,HIGH,2
E_48,2026-09-11T15:52:27.233821,12.982199999999992,77.5946,1.5,0.0,5.023153285058268,244.62883861706405,180.0,180.0,HIGH,2
E_48,2026-09-11T15:52:32.233821,12.982399999999991,77.5946,1.5,0.0,5.639233096652459,266.867823945924,180.0,180.0,HIGH,2
E_48,2026-09-11T15:52:37.233821,12.98259999999999,77.5946,1.5,0.0,9.650473965301284,289.10680927478387,180.0,180.0,HIGH,2
E_48,2026-09-11T15:52:42.233821,12.98279999999999,77.5946,1.5,0.0,9.189131868872588,311.3457946036438,180.0,180.0,HIGH,0
E_49,2026-09-11T15:51:07.233821,12.979,77.5946,1.5,0.0,9.994036772497672,111.19492664469465,0.0,0.0,HIGH,2
E_49,2026-09-11T15:51:12.233821,12.979199999999999,77.5946,1.5,0.0,3.1194362180879267,88.9559413158347,0.0,0.0,HIGH,2
E_49,2026-09-11T15:51:17.233821,12.979399999999998,77.5946,1.5,0.0,5.520810507827021,66.7169559869748,0.0,0.0,HIGH,2
E_49,2026-09-11T15:51:22.233821,12.979599999999998,77.5946,1.5,0.0,8.156764088189359,44.47797065811488,0.0,0.0,HIGH,2
E_49,2026-09-11T15:51:27.233821,12.979799999999997,77.5946,1.5,0.0,8.493363257547742,22.238985329254966,0.0,0.0,HIGH,2
E_49,2026-09-11T15:51:32.233821,12.979999999999997,77.5946,1.5,0.0,2.129039905309128,3.9504373690334213e-10,0.0,0.0,HIGH,2
E_49,2026-09-11T15:51:37.233821,12.980199999999996,77.5946,1.5,0.0,4.6147836086956175,22.238985328464874,180.0,180.0,HIGH,2
E_49,2026-09-11T15:51:42.233821,12.980399999999996,77.5946,1.5,0.0,8.785554930091617,44.47797065732479,180.0,180.0,HIGH,2
E_49,2026-09-11T15:51:47.233821,12.980599999999995,77.5946,1.5,0.0,3.345796002445545,66.7169559861847,180.0,180.0,HIGH,2
E_49,2026-09-11T15:51:52.233821,12.980799999999995,77.5946,1.5,0.0,6.1470928453217875,88.95594131504463,180.0,180.0,HIGH,2
E_49,2026-09-11T15:51:57.233821,12.980999999999995,77.5946,1.5,0.0,7.027192631451117,111.19492664390457,180.0,180.0,HIGH,2
E_49,2026-09-11T15:52:02.233821,12.981199999999994,77.5946,1.5,0.0,3.8729565273939563,133.43391197276446,180.0,180.0,HIGH,2
E_49,2026-09-11T15:52:07.233821,12.981399999999994,77.5946,1.5,0.0,7.113878181517987,155.67289730162437,180.0,180.0,HIGH,2
E_49,2026-09-11T15:52:12.233821,12.981599999999993,77.5946,1.5,0.0,9.632574561021958,177.91188263048429,180.0,180.0,HIGH,2
E_49,2026-09-11T15:52:17.233821,12.981799999999993,77.5946,1.5,0.0,5.8179790287858415,200.15086795934423,180.0,180.0,HIGH,2
E_49,2026-09-11T15:52:22.233821,12.981999999999992,77.5946,1.5,0.0,9.25209327432434,222.38985328820414,180.0,180.0,HIGH,2
E_49,2026-09-11T15:52:27.233821,12.982199999999992,77.5946,1.5,0.0,3.87397354420526,244.62883861706405,180.0,180.0,HIGH,2
E_49,2026-09-11T15:52:32.233821,12.982399999999991,77.5946,1.5,0.0,8.664994686570175,266.867823945924,180.0,180.0,HIGH,2
E_49,2026-09-11T15:52:37.233821,12.98259999999999,77.5946,1.5,0.0,7.738168041440451,289.10680927478387,180.0,180.0,HIGH,2
E_49,2026-09-11T15:52:42.233821,12.98279999999999,77.5946,1.5,0.0,8.075279219180892,311.3457946036438,180.0,180.0,HIGH,0
F_0,2026-09-11T15:51:07.236008,12.9716,77.5946,0.0,0.0,5.679977618211587,934.0373838142893,0.0,0.0,HIGH,1
F_0,2026-09-11T15:51:12.236008,12.9716,77.5946,0.0,0.0,4.206431917712358,934.0373838142893,0.0,0.0,HIGH,1
F_0,2026-09-11T15:51:17.236008,12.9716,77.5946,0.0,0.0,2.0445502622715805,934.0373838142893,0.0,0.0,HIGH,1
F_0,2026-09-11T15:51:22.236008,12.9716,77.5946,0.0,0.0,3.5973515311989104,934.0373838142893,0.0,0.0,HIGH,1
F_0,2026-09-11T15:51:27.236008,12.9716,77.5946,0.0,0.0,8.891365793359302,934.0373838142893,0.0,0.0,HIGH,1
F_0,2026-09-11T15:51:32.236008,12.9716,77.5946,0.0,0.0,8.878449839219876,934.0373838142893,0.0,0.0,HIGH,1
F_0,2026-09-11T15:51:37.236008,12.9716,77.5946,0.0,0.0,7.098428654559022,934.0373838142893,0.0,0.0,HIGH,1
F_0,2026-09-11T15:51:42.236008,12.9716,77.5946,0.0,0.0,9.814392987210194,934.0373838142893,0.0,0.0,HIGH,1
F_0,2026-09-11T15:51:47.236008,12.9716,77.5946,0.0,0.0,9.352586127216952,934.0373838142893,0.0,0.0,HIGH,1
F_0,2026-09-11T15:51:52.236008,12.9716,77.5946,0.0,0.0,7.125890970249184,934.0373838142893,0.0,0.0,HIGH,1
F_0,2026-09-11T15:51:57.236008,12.9716,77.5946,0.0,0.0,3.3756725100360168,934.0373838142893,0.0,0.0,HIGH,1
F_0,2026-09-11T15:52:02.236008,12.9716,77.5946,0.0,0.0,6.36905876239376,934.0373838142893,0.0,0.0,HIGH,1
F_0,2026-09-11T15:52:07.236008,12.9716,77.5946,0.0,0.0,3.0115624813741793,934.0373838142893,0.0,0.0,HIGH,1
F_0,2026-09-11T15:52:12.236008,12.9716,77.5946,0.0,0.0,5.836773164876485,934.0373838142893,0.0,0.0,HIGH,1
F_0,2026-09-11T15:52:17.236008,12.9716,77.5946,0.0,0.0,6.029825486370001,934.0373838142893,0.0,0.0,HIGH,1
F_0,2026-09-11T15:52:22.236008,12.9716,77.5946,0.0,0.0,9.030736268486566,934.0373838142893,0.0,0.0,HIGH,1
F_0,2026-09-11T15:52:27.236008,12.9716,77.5946,0.0,0.0,8.96812682284439,934.0373838142893,0.0,0.0,HIGH,1
F_0,2026-09-11T15:52:32.236008,12.9716,77.5946,0.0,0.0,9.229086086798787,934.0373838142893,0.0,0.0,HIGH,1
F_0,2026-09-11T15:52:37.236008,12.9716,77.5946,0.0,0.0,3.2477502034182866,934.0373838142893,0.0,0.0,HIGH,1
F_0,2026-09-11T15:52:42.236008,12.9716,77.5946,0.0,0.0,9.312560401389932,934.0373838142893,0.0,0.0,HIGH,1
F_1,2026-09-11T15:51:07.237059,12.9716,77.5946,0.0,0.0,3.3404215330959213,934.0373838142893,0.0,0.0,HIGH,1
F_1,2026-09-11T15:51:12.237059,12.9716,77.5946,0.0,0.0,4.633823158428464,934.0373838142893,0.0,0.0,HIGH,1
F_1,2026-09-11T15:51:17.237059,12.9716,77.5946,0.0,0.0,8.51926542684312,934.0373838142893,0.0,0.0,HIGH,1
F_1,2026-09-11T15:51:22.237059,12.9716,77.5946,0.0,0.0,9.509450873688058,934.0373838142893,0.0,0.0,HIGH,1
F_1,2026-09-11T15:51:27.237059,12.9716,77.5946,0.0,0.0,2.1502335604658933,934.0373838142893,0.0,0.0,HIGH,1
F_1,2026-09-11T15:51:32.237059,12.9716,77.5946,0.0,0.0,8.845644456318823,934.0373838142893,0.0,0.0,HIGH,1
F_1,2026-09-11T15:51:37.237059,12.9716,77.5946,0.0,0.0,2.9072255125592896,934.0373838142893,0.0,0.0,HIGH,1
F_1,2026-09-11T15:51:42.237059,12.9716,77.5946,0.0,0.0,2.2220669402970454,934.0373838142893,0.0,0.0,HIGH,1
F_1,2026-09-11T15:51:47.237059,12.9716,77.5946,0.0,0.0,8.75335180498255,934.0373838142893,0.0,0.0,HIGH,1
F_1,2026-09-11T15:51:52.237059,12.9716,77.5946,0.0,0.0,9.15821969978666,934.0373838142893,0.0,0.0,HIGH,1
F_1,2026-09-11T15:51:57.237059,12.9716,77.5946,0.0,0.0,2.0995909973483613,934.0373838142893,0.0,0.0,HIGH,1
F_1,2026-09-11T15:52:02.237059,12.9716,77.5946,0.0,0.0,2.9922776073678765,934.0373838142893,0.0,0.0,HIGH,1
F_1,2026-09-11T15:52:07.237059,12.9716,77.5946,0.0,0.0,5.883998846943831,934.0373838142893,0.0,0.0,HIGH,1
F_1,2026-09-11T15:52:12.237059,12.9716,77.5946,0.0,0.0,5.501167698781319,934.0373838142893,0.0,0.0,HIGH,1
F_1,2026-09-11T15:52:17.237059,12.9716,77.5946,0.0,0.0,5.390351006711674,934.0373838142893,0.0,0.0,HIGH,1
F_1,2026-09-11T15:52:22.237059,12.9716,77.5946,0.0,0.0,8.500089806008685,934.0373838142893,0.0,0.0,HIGH,1
F_1,2026-09-11T15:52:27.237059,12.9716,77.5946,0.0,0.0,4.036320489785414,934.0373838142893,0.0,0.0,HIGH,1
F_1,2026-09-11T15:52:32.237059,12.9716,77.5946,0.0,0.0,7.774073515912421,934.0373838142893,0.0,0.0,HIGH,1
F_1,2026-09-11T15:52:37.237059,12.9716,77.5946,0.0,0.0,9.15352986122413,934.0373838142893,0.0,0.0,HIGH,1
F_1,2026-09-11T15:52:42.237059,12.9716,77.5946,0.0,0.0,8.014448745504758,934.0373838142893,0.0,0.0,HIGH,1
F_2,2026-09-11T15:51:07.238118,12.9716,77.5946,0.0,0.0,9.617451619777999,934.0373838142893,0.0,0.0,HIGH,1
F_2,2026-09-11T15:51:12.238118,12.9716,77.5946,0.0,0.0,8.051376702777233,934.0373838142893,0.0,0.0,HIGH,1
F_2,2026-09-11T15:51:17.238118,12.9716,77.5946,0.0,0.0,3.210359862119075,934.0373838142893,0.0,0.0,HIGH,1
F_2,2026-09-11T15:51:22.238118,12.9716,77.5946,0.0,0.0,8.06975213400801,934.0373838142893,0.0,0.0,HIGH,1
F_2,2026-09-11T15:51:27.238118,12.9716,77.5946,0.0,0.0,7.109761958957815,934.0373838142893,0.0,0.0,HIGH,1
F_2,2026-09-11T15:51:32.238118,12.9716,77.5946,0.0,0.0,7.821141721106336,934.0373838142893,0.0,0.0,HIGH,1
F_2,2026-09-11T15:51:37.238118,12.9716,77.5946,0.0,0.0,7.220312182860183,934.0373838142893,0.0,0.0,HIGH,1
F_2,2026-09-11T15:51:42.238118,12.9716,77.5946,0.0,0.0,4.036329943320848,934.0373838142893,0.0,0.0,HIGH,1
F_2,2026-09-11T15:51:47.238118,12.9716,77.5946,0.0,0.0,9.293668937010166,934.0373838142893,0.0,0.0,HIGH,1
F_2,2026-09-11T15:51:52.238118,12.9716,77.5946,0.0,0.0,2.492352120272984,934.0373838142893,0.0,0.0,HIGH,1
F_2,2026-09-11T15:51:57.238118,12.9716,77.5946,0.0,0.0,5.783452961871132,934.0373838142893,0.0,0.0,HIGH,1
F_2,2026-09-11T15:52:02.238118,12.9716,77.5946,0.0,0.0,2.8822425505941007,934.0373838142893,0.0,0.0,HIGH,1
F_2,2026-09-11T15:52:07.238118,12.9716,77.5946,0.0,0.0,4.268074799517038,934.0373838142893,0.0,0.0,HIGH,1
F_2,2026-09-11T15:52:12.238118,12.9716,77.5946,0.0,0.0,9.064204268115965,934.0373838142893,0.0,0.0,HIGH,1
F_2,2026-09-11T15:52:17.238118,12.9716,77.5946,0.0,0.0,8.358590129109153,934.0373838142893,0.0,0.0,HIGH,1
F_2,2026-09-11T15:52:22.238118,12.9716,77.5946,0.0,0.0,3.691991607364346,934.0373838142893,0.0,0.0,HIGH,1
F_2,2026-09-11T15:52:27.238118,12.9716,77.5946,0.0,0.0,2.4916406357254273,934.0373838142893,0.0,0.0,HIGH,1
F_2,2026-09-11T15:52:32.238118,12.9716,77.5946,0.0,0.0,9.011061641898145,934.0373838142893,0.0,0.0,HIGH,1
F_2,2026-09-11T15:52:37.238118,12.9716,77.5946,0.0,0.0,9.835767703406816,934.0373838142893,0.0,0.0,HIGH,1
F_2,2026-09-11T15:52:42.238118,12.9716,77.5946,0.0,0.0,6.2339318466052625,934.0373838142893,0.0,0.0,HIGH,1
F_3,2026-09-11T15:51:07.238118,12.9716,77.5946,0.0,0.0,4.987899033701789,934.0373838142893,0.0,0.0,HIGH,1
F_3,2026-09-11T15:51:12.238118,12.9716,77.5946,0.0,0.0,2.533030298328911,934.0373838142893,0.0,0.0,HIGH,1
F_3,2026-09-11T15:51:17.238118,12.9716,77.5946,0.0,0.0,4.26225116952181,934.0373838142893,0.0,0.0,HIGH,1
F_3,2026-09-11T15:51:22.238118,12.9716,77.5946,0.0,0.0,5.019275226298686,934.0373838142893,0.0,0.0,HIGH,1
F_3,2026-09-11T15:51:27.238118,12.9716,77.5946,0.0,0.0,5.28101913718216,934.0373838142893,0.0,0.0,HIGH,1
F_3,2026-09-11T15:51:32.238118,12.9716,77.5946,0.0,0.0,5.054899708634154,934.0373838142893,0.0,0.0,HIGH,1
F_3,2026-09-11T15:51:37.238118,12.9716,77.5946,0.0,0.0,5.849513721900039,934.0373838142893,0.0,0.0,HIGH,1
F_3,2026-09-11T15:51:42.238118,12.9716,77.5946,0.0,0.0,5.418474366024496,934.0373838142893,0.0,0.0,HIGH,1
F_3,2026-09-11T15:51:47.238118,12.9716,77.5946,0.0,0.0,7.665361483816321,934.0373838142893,0.0,0.0,HIGH,1
F_3,2026-09-11T15:51:52.238118,12.9716,77.5946,0.0,0.0,2.9693702819222034,934.0373838142893,0.0,0.0,HIGH,1
F_3,2026-09-11T15:51:57.238118,12.9716,77.5946,0.0,0.0,2.0417963915145743,934.0373838142893,0.0,0.0,HIGH,1
F_3,2026-09-11T15:52:02.238118,12.9716,77.5946,0.0,0.0,2.4962484029257634,934.0373838142893,0.0,0.0,HIGH,1
F_3,2026-09-11T15:52:07.238118,12.9716,77.5946,0.0,0.0,6.235508407156314,934.0373838142893,0.0,0.0,HIGH,1
F_3,2026-09-11T15:52:12.238118,12.9716,77.5946,0.0,0.0,2.938669401117333,934.0373838142893,0.0,0.0,HIGH,1
F_3,2026-09-11T15:52:17.238118,12.9716,77.5946,0.0,0.0,9.225347375578721,934.0373838142893,0.0,0.0,HIGH,1
F_3,2026-09-11T15:52:22.238118,12.9716,77.5946,0.0,0.0,2.4118479255128102,934.0373838142893,0.0,0.0,HIGH,1
F_3,2026-09-11T15:52:27.238118,12.9716,77.5946,0.0,0.0,6.19255049105079,934.0373838142893,0.0,0.0,HIGH,1
F_3,2026-09-11T15:52:32.238118,12.9716,77.5946,0.0,0.0,7.844100782815352,934.0373838142893,0.0,0.0,HIGH,1
F_3,2026-09-11T15:52:37.238118,12.9716,77.5946,0.0,0.0,8.730066601875697,934.0373838142893,0.0,0.0,HIGH,1
F_3,2026-09-11T15:52:42.238118,12.9716,77.5946,0.0,0.0,7.845956796183988,934.0373838142893,0.0,0.0,HIGH,1
F_4,2026-09-11T15:51:07.238118,12.9716,77.5946,0.0,0.0,4.656018665545819,934.0373838142893,0.0,0.0,HIGH,1
F_4,2026-09-11T15:51:12.238118,12.9716,77.5946,0.0,0.0,9.906533465166566,934.0373838142893,0.0,0.0,HIGH,1
F_4,2026-09-11T15:51:17.238118,12.9716,77.5946,0.0,0.0,4.4479342175363366,934.0373838142893,0.0,0.0,HIGH,1
F_4,2026-09-11T15:51:22.238118,12.9716,77.5946,0.0,0.0,3.8591923986846934,934.0373838142893,0.0,0.0,HIGH,1
F_4,2026-09-11T15:51:27.238118,12.9716,77.5946,0.0,0.0,6.433705116745471,934.0373838142893,0.0,0.0,HIGH,1
F_4,2026-09-11T15:51:32.238118,12.9716,77.5946,0.0,0.0,6.652358570223531,934.0373838142893,0.0,0.0,HIGH,1
F_4,2026-09-11T15:51:37.238118,12.9716,77.5946,0.0,0.0,9.165922881943576,934.0373838142893,0.0,0.0,HIGH,1
F_4,2026-09-11T15:51:42.238118,12.9716,77.5946,0.0,0.0,6.981936438088492,934.0373838142893,0.0,0.0,HIGH,1
F_4,2026-09-11T15:51:47.238118,12.9716,77.5946,0.0,0.0,6.393412602540712,934.0373838142893,0.0,0.0,HIGH,1
F_4,2026-09-11T15:51:52.238118,12.9716,77.5946,0.0,0.0,6.77197295196321,934.0373838142893,0.0,0.0,HIGH,1
F_4,2026-09-11T15:51:57.238118,12.9716,77.5946,0.0,0.0,2.9906171755320807,934.0373838142893,0.0,0.0,HIGH,1
F_4,2026-09-11T15:52:02.238118,12.9716,77.5946,0.0,0.0,4.839509899200233,934.0373838142893,0.0,0.0,HIGH,1
F_4,2026-09-11T15:52:07.238118,12.9716,77.5946,0.0,0.0,3.658378160499712,934.0373838142893,0.0,0.0,HIGH,1
F_4,2026-09-11T15:52:12.238118,12.9716,77.5946,0.0,0.0,3.2720302794292495,934.0373838142893,0.0,0.0,HIGH,1
F_4,2026-09-11T15:52:17.238118,12.9716,77.5946,0.0,0.0,2.6194019552226413,934.0373838142893,0.0,0.0,HIGH,1
F_4,2026-09-11T15:52:22.238118,12.9716,77.5946,0.0,0.0,5.381682620196324,934.0373838142893,0.0,0.0,HIGH,1
F_4,2026-09-11T15:52:27.238118,12.9716,77.5946,0.0,0.0,9.63184197102505,934.0373838142893,0.0,0.0,HIGH,1
F_4,2026-09-11T15:52:32.238118,12.9716,77.5946,0.0,0.0,7.884740379064921,934.0373838142893,0.0,0.0,HIGH,1
F_4,2026-09-11T15:52:37.238118,12.9716,77.5946,0.0,0.0,2.347302819802673,934.0373838142893,0.0,0.0,HIGH,1
F_4,2026-09-11T15:52:42.238118,12.9716,77.5946,0.0,0.0,5.45492315026633,934.0373838142893,0.0,0.0,HIGH,1
F_5,2026-09-11T15:51:07.239505,12.9716,77.5946,0.0,0.0,9.56156700931633,934.0373838142893,0.0,0.0,HIGH,1
F_5,2026-09-11T15:51:12.239505,12.9716,77.5946,0.0,0.0,4.846622717630454,934.0373838142893,0.0,0.0,HIGH,1
F_5,2026-09-11T15:51:17.239505,12.9716,77.5946,0.0,0.0,2.2776333593261517,934.0373838142893,0.0,0.0,HIGH,1
F_5,2026-09-11T15:51:22.239505,12.9716,77.5946,0.0,0.0,7.982764820912996,934.0373838142893,0.0,0.0,HIGH,1
F_5,2026-09-11T15:51:27.239505,12.9716,77.5946,0.0,0.0,4.2313423943642094,934.0373838142893,0.0,0.0,HIGH,1
F_5,2026-09-11T15:51:32.239505,12.9716,77.5946,0.0,0.0,3.291662120886013,934.0373838142893,0.0,0.0,HIGH,1
F_5,2026-09-11T15:51:37.239505,12.9716,77.5946,0.0,0.0,9.316730285524962,934.0373838142893,0.0,0.0,HIGH,1
F_5,2026-09-11T15:51:42.239505,12.9716,77.5946,0.0,0.0,9.109095460477532,934.0373838142893,0.0,0.0,HIGH,1
F_5,2026-09-11T15:51:47.239505,12.9716,77.5946,0.0,0.0,8.105039539890385,934.0373838142893,0.0,0.0,HIGH,1
F_5,2026-09-11T15:51:52.239505,12.9716,77.5946,0.0,0.0,8.035294733853245,934.0373838142893,0.0,0.0,HIGH,1
F_5,2026-09-11T15:51:57.239505,12.9716,77.5946,0.0,0.0,9.047971826343684,934.0373838142893,0.0,0.0,HIGH,1
F_5,2026-09-11T15:52:02.239505,12.9716,77.5946,0.0,0.0,5.422241887040484,934.0373838142893,0.0,0.0,HIGH,1
F_5,2026-09-11T15:52:07.239505,12.9716,77.5946,0.0,0.0,3.6353874993163116,934.0373838142893,0.0,0.0,HIGH,1
F_5,2026-09-11T15:52:12.239505,12.9716,77.5946,0.0,0.0,2.0551495138681553,934.0373838142893,0.0,0.0,HIGH,1
F_5,2026-09-11T15:52:17.239505,12.9716,77.5946,0.0,0.0,2.7041276535940533,934.0373838142893,0.0,0.0,HIGH,1
F_5,2026-09-11T15:52:22.239505,12.9716,77.5946,0.0,0.0,4.008555519514033,934.0373838142893,0.0,0.0,HIGH,1
F_5,2026-09-11T15:52:27.239505,12.9716,77.5946,0.0,0.0,9.90845617657712,934.0373838142893,0.0,0.0,HIGH,1
F_5,2026-09-11T15:52:32.239505,12.9716,77.5946,0.0,0.0,8.56554997389787,934.0373838142893,0.0,0.0,HIGH,1
F_5,2026-09-11T15:52:37.239505,12.9716,77.5946,0.0,0.0,3.3013422944097046,934.0373838142893,0.0,0.0,HIGH,1
F_5,2026-09-11T15:52:42.239505,12.9716,77.5946,0.0,0.0,6.245254583504624,934.0373838142893,0.0,0.0,HIGH,1
F_6,2026-09-11T15:51:07.239505,12.9716,77.5946,0.0,0.0,5.211782290740418,934.0373838142893,0.0,0.0,HIGH,1
F_6,2026-09-11T15:51:12.239505,12.9716,77.5946,0.0,0.0,8.87721007056631,934.0373838142893,0.0,0.0,HIGH,1
F_6,2026-09-11T15:51:17.239505,12.9716,77.5946,0.0,0.0,4.9307855602473785,934.0373838142893,0.0,0.0,HIGH,1
F_6,2026-09-11T15:51:22.239505,12.9716,77.5946,0.0,0.0,7.618281475422721,934.0373838142893,0.0,0.0,HIGH,1
F_6,2026-09-11T15:51:27.239505,12.9716,77.5946,0.0,0.0,3.9258186674949656,934.0373838142893,0.0,0.0,HIGH,1
F_6,2026-09-11T15:51:32.239505,12.9716,77.5946,0.0,0.0,5.882022705180814,934.0373838142893,0.0,0.0,HIGH,1
F_6,2026-09-11T15:51:37.239505,12.9716,77.5946,0.0,0.0,3.742749473100628,934.0373838142893,0.0,0.0,HIGH,1
F_6,2026-09-11T15:51:42.239505,12.9716,77.5946,0.0,0.0,8.296519155958887,934.0373838142893,0.0,0.0,HIGH,1
F_6,2026-09-11T15:51:47.239505,12.9716,77.5946,0.0,0.0,2.758844431963241,934.0373838142893,0.0,0.0,HIGH,1
F_6,2026-09-11T15:51:52.239505,12.9716,77.5946,0.0,0.0,8.590223761444186,934.0373838142893,0.0,0.0,HIGH,1
F_6,2026-09-11T15:51:57.239505,12.9716,77.5946,0.0,0.0,5.91298419424797,934.0373838142893,0.0,0.0,HIGH,1
F_6,2026-09-11T15:52:02.239505,12.9716,77.5946,0.0,0.0,9.67734274712657,934.0373838142893,0.0,0.0,HIGH,1
F_6,2026-09-11T15:52:07.239505,12.9716,77.5946,0.0,0.0,4.4922833530965045,934.0373838142893,0.0,0.0,HIGH,1
F_6,2026-09-11T15:52:12.239505,12.9716,77.5946,0.0,0.0,4.485790606784417,934.0373838142893,0.0,0.0,HIGH,1
F_6,2026-09-11T15:52:17.239505,12.9716,77.5946,0.0,0.0,5.491310191638415,934.0373838142893,0.0,0.0,HIGH,1
F_6,2026-09-11T15:52:22.239505,12.9716,77.5946,0.0,0.0,5.140228490494656,934.0373838142893,0.0,0.0,HIGH,1
F_6,2026-09-11T15:52:27.239505,12.9716,77.5946,0.0,0.0,8.274478167221009,934.0373838142893,0.0,0.0,HIGH,1
F_6,2026-09-11T15:52:32.239505,12.9716,77.5946,0.0,0.0,8.298839411915052,934.0373838142893,0.0,0.0,HIGH,1
F_6,2026-09-11T15:52:37.239505,12.9716,77.5946,0.0,0.0,4.096505929921033,934.0373838142893,0.0,0.0,HIGH,1
F_6,2026-09-11T15:52:42.239505,12.9716,77.5946,0.0,0.0,3.1014897911827592,934.0373838142893,0.0,0.0,HIGH,1
F_7,2026-09-11T15:51:07.239505,12.9716,77.5946,0.0,0.0,2.37876214983726,934.0373838142893,0.0,0.0,HIGH,1
F_7,2026-09-11T15:51:12.239505,12.9716,77.5946,0.0,0.0,9.335089943940819,934.0373838142893,0.0,0.0,HIGH,1
F_7,2026-09-11T15:51:17.239505,12.9716,77.5946,0.0,0.0,5.980286375303109,934.0373838142893,0.0,0.0,HIGH,1
F_7,2026-09-11T15:51:22.239505,12.9716,77.5946,0.0,0.0,4.923207165428173,934.0373838142893,0.0,0.0,HIGH,1
F_7,2026-09-11T15:51:27.239505,12.9716,77.5946,0.0,0.0,8.931151788073713,934.0373838142893,0.0,0.0,HIGH,1
F_7,2026-09-11T15:51:32.239505,12.9716,77.5946,0.0,0.0,8.250376531347815,934.0373838142893,0.0,0.0,HIGH,1
F_7,2026-09-11T15:51:37.239505,12.9716,77.5946,0.0,0.0,8.611132286971944,934.0373838142893,0.0,0.0,HIGH,1
F_7,2026-09-11T15:51:42.239505,12.9716,77.5946,0.0,0.0,4.344369844269102,934.0373838142893,0.0,0.0,HIGH,1
F_7,2026-09-11T15:51:47.239505,12.9716,77.5946,0.0,0.0,2.8698145520621896,934.0373838142893,0.0,0.0,HIGH,1
F_7,2026-09-11T15:51:52.239505,12.9716,77.5946,0.0,0.0,4.86732868694563,934.0373838142893,0.0,0.0,HIGH,1
F_7,2026-09-11T15:51:57.239505,12.9716,77.5946,0.0,0.0,4.755341146257252,934.0373838142893,0.0,0.0,HIGH,1
F_7,2026-09-11T15:52:02.239505,12.9716,77.5946,0.0,0.0,8.5040037647927,934.0373838142893,0.0,0.0,HIGH,1
F_7,2026-09-11T15:52:07.239505,12.9716,77.5946,0.0,0.0,2.4206258369539118,934.0373838142893,0.0,0.0,HIGH,1
F_7,2026-09-11T15:52:12.239505,12.9716,77.5946,0.0,0.0,6.918660456095498,934.0373838142893,0.0,0.0,HIGH,1
F_7,2026-09-11T15:52:17.239505,12.9716,77.5946,0.0,0.0,8.307063295306481,934.0373838142893,0.0,0.0,HIGH,1
F_7,2026-09-11T15:52:22.239505,12.9716,77.5946,0.0,0.0,6.163534056366013,934.0373838142893,0.0,0.0,HIGH,1
F_7,2026-09-11T15:52:27.239505,12.9716,77.5946,0.0,0.0,6.404904190518942,934.0373838142893,0.0,0.0,HIGH,1
F_7,2026-09-11T15:52:32.239505,12.9716,77.5946,0.0,0.0,7.90537934992675,934.0373838142893,0.0,0.0,HIGH,1
F_7,2026-09-11T15:52:37.239505,12.9716,77.5946,0.0,0.0,6.656698628017855,934.0373838142893,0.0,0.0,HIGH,1
F_7,2026-09-11T15:52:42.239505,12.9716,77.5946,0.0,0.0,6.107546135495286,934.0373838142893,0.0,0.0,HIGH,1
F_8,2026-09-11T15:51:07.241106,12.9716,77.5946,0.0,0.0,6.655307272224708,934.0373838142893,0.0,0.0,HIGH,1
F_8,2026-09-11T15:51:12.241106,12.9716,77.5946,0.0,0.0,8.434980236680323,934.0373838142893,0.0,0.0,HIGH,1
F_8,2026-09-11T15:51:17.241106,12.9716,77.5946,0.0,0.0,8.854102695623162,934.0373838142893,0.0,0.0,HIGH,1
F_8,2026-09-11T15:51:22.241106,12.9716,77.5946,0.0,0.0,2.925338256933272,934.0373838142893,0.0,0.0,HIGH,1
F_8,2026-09-11T15:51:27.241106,12.9716,77.5946,0.0,0.0,4.4628798651849895,934.0373838142893,0.0,0.0,HIGH,1
F_8,2026-09-11T15:51:32.241106,12.9716,77.5946,0.0,0.0,7.1393732995319485,934.0373838142893,0.0,0.0,HIGH,1
F_8,2026-09-11T15:51:37.241106,12.9716,77.5946,0.0,0.0,8.611997351019104,934.0373838142893,0.0,0.0,HIGH,1
F_8,2026-09-11T15:51:42.241106,12.9716,77.5946,0.0,0.0,8.451907435362585,934.0373838142893,0.0,0.0,HIGH,1
F_8,2026-09-11T15:51:47.241106,12.9716,77.5946,0.0,0.0,8.676705336084101,934.0373838142893,0.0,0.0,HIGH,1
F_8,2026-09-11T15:51:52.241106,12.9716,77.5946,0.0,0.0,6.921448898305693,934.0373838142893,0.0,0.0,HIGH,1
F_8,2026-09-11T15:51:57.241106,12.9716,77.5946,0.0,0.0,7.9429347366404075,934.0373838142893,0.0,0.0,HIGH,1
F_8,2026-09-11T15:52:02.241106,12.9716,77.5946,0.0,0.0,4.75481820646229,934.0373838142893,0.0,0.0,HIGH,1
F_8,2026-09-11T15:52:07.241106,12.9716,77.5946,0.0,0.0,9.964845137171121,934.0373838142893,0.0,0.0,HIGH,1
F_8,2026-09-11T15:52:12.241106,12.9716,77.5946,0.0,0.0,2.0682874389336883,934.0373838142893,0.0,0.0,HIGH,1
F_8,2026-09-11T15:52:17.241106,12.9716,77.5946,0.0,0.0,2.485587501418169,934.0373838142893,0.0,0.0,HIGH,1
F_8,2026-09-11T15:52:22.241106,12.9716,77.5946,0.0,0.0,8.394692785646878,934.0373838142893,0.0,0.0,HIGH,1
F_8,2026-09-11T15:52:27.241106,12.9716,77.5946,0.0,0.0,7.042419158819687,934.0373838142893,0.0,0.0,HIGH,1
F_8,2026-09-11T15:52:32.241106,12.9716,77.5946,0.0,0.0,2.9457089676561754,934.0373838142893,0.0,0.0,HIGH,1
F_8,2026-09-11T15:52:37.241106,12.9716,77.5946,0.0,0.0,6.842446349655331,934.0373838142893,0.0,0.0,HIGH,1
F_8,2026-09-11T15:52:42.241106,12.9716,77.5946,0.0,0.0,7.530667902072721,934.0373838142893,0.0,0.0,HIGH,1
F_9,2026-09-11T15:51:07.242340,12.9716,77.5946,0.0,0.0,3.84454527516575,934.0373838142893,0.0,0.0,HIGH,1
F_9,2026-09-11T15:51:12.242340,12.9716,77.5946,0.0,0.0,8.497892833924261,934.0373838142893,0.0,0.0,HIGH,1
F_9,2026-09-11T15:51:17.242340,12.9716,77.5946,0.0,0.0,9.752870150364288,934.0373838142893,0.0,0.0,HIGH,1
F_9,2026-09-11T15:51:22.242340,12.9716,77.5946,0.0,0.0,9.322820794802041,934.0373838142893,0.0,0.0,HIGH,1
F_9,2026-09-11T15:51:27.242340,12.9716,77.5946,0.0,0.0,5.693680859899994,934.0373838142893,0.0,0.0,HIGH,1
F_9,2026-09-11T15:51:32.242340,12.9716,77.5946,0.0,0.0,5.608704783100082,934.0373838142893,0.0,0.0,HIGH,1
F_9,2026-09-11T15:51:37.242340,12.9716,77.5946,0.0,0.0,8.049609984213646,934.0373838142893,0.0,0.0,HIGH,1
F_9,2026-09-11T15:51:42.242340,12.9716,77.5946,0.0,0.0,4.627005608931826,934.0373838142893,0.0,0.0,HIGH,1
F_9,2026-09-11T15:51:47.242340,12.9716,77.5946,0.0,0.0,9.17179671471752,934.0373838142893,0.0,0.0,HIGH,1
F_9,2026-09-11T15:51:52.242340,12.9716,77.5946,0.0,0.0,4.522434100333988,934.0373838142893,0.0,0.0,HIGH,1
F_9,2026-09-11T15:51:57.242340,12.9716,77.5946,0.0,0.0,3.440064964149567,934.0373838142893,0.0,0.0,HIGH,1
F_9,2026-09-11T15:52:02.242340,12.9716,77.5946,0.0,0.0,8.075248900113193,934.0373838142893,0.0,0.0,HIGH,1
F_9,2026-09-11T15:52:07.242340,12.9716,77.5946,0.0,0.0,9.934769374440332,934.0373838142893,0.0,0.0,HIGH,1
F_9,2026-09-11T15:52:12.242340,12.9716,77.5946,0.0,0.0,5.4222492243054505,934.0373838142893,0.0,0.0,HIGH,1
F_9,2026-09-11T15:52:17.242340,12.9716,77.5946,0.0,0.0,4.1742276034605705,934.0373838142893,0.0,0.0,HIGH,1
F_9,2026-09-11T15:52:22.242340,12.9716,77.5946,0.0,0.0,9.162761001917554,934.0373838142893,0.0,0.0,HIGH,1
F_9,2026-09-11T15:52:27.242340,12.9716,77.5946,0.0,0.0,8.046873550605847,934.0373838142893,0.0,0.0,HIGH,1
F_9,2026-09-11T15:52:32.242340,12.9716,77.5946,0.0,0.0,8.847523724548306,934.0373838142893,0.0,0.0,HIGH,1
F_9,2026-09-11T15:52:37.242340,12.9716,77.5946,0.0,0.0,2.2849205567726614,934.0373838142893,0.0,0.0,HIGH,1
F_9,2026-09-11T15:52:42.242340,12.9716,77.5946,0.0,0.0,9.811286327972748,934.0373838142893,0.0,0.0,HIGH,1
F_10,2026-09-11T15:51:07.243108,12.9716,77.5946,0.0,0.0,2.757979989573137,934.0373838142893,0.0,0.0,HIGH,1
F_10,2026-09-11T15:51:12.243108,12.9716,77.5946,0.0,0.0,7.762619695276281,934.0373838142893,0.0,0.0,HIGH,1
F_10,2026-09-11T15:51:17.243108,12.9716,77.5946,0.0,0.0,3.255987200125011,934.0373838142893,0.0,0.0,HIGH,1
F_10,2026-09-11T15:51:22.243108,12.9716,77.5946,0.0,0.0,6.664325337542916,934.0373838142893,0.0,0.0,HIGH,1
F_10,2026-09-11T15:51:27.243108,12.9716,77.5946,0.0,0.0,5.738068351816723,934.0373838142893,0.0,0.0,HIGH,1
F_10,2026-09-11T15:51:32.243108,12.9716,77.5946,0.0,0.0,3.783548363123442,934.0373838142893,0.0,0.0,HIGH,1
F_10,2026-09-11T15:51:37.243108,12.9716,77.5946,0.0,0.0,3.9448034027001597,934.0373838142893,0.0,0.0,HIGH,1
F_10,2026-09-11T15:51:42.243108,12.9716,77.5946,0.0,0.0,7.076320458793982,934.0373838142893,0.0,0.0,HIGH,1
F_10,2026-09-11T15:51:47.243108,12.9716,77.5946,0.0,0.0,5.628571275521586,934.0373838142893,0.0,0.0,HIGH,1
F_10,2026-09-11T15:51:52.243108,12.9716,77.5946,0.0,0.0,3.5414878350530365,934.0373838142893,0.0,0.0,HIGH,1
F_10,2026-09-11T15:51:57.243108,12.9716,77.5946,0.0,0.0,9.314372136732892,934.0373838142893,0.0,0.0,HIGH,1
F_10,2026-09-11T15:52:02.243108,12.9716,77.5946,0.0,0.0,4.126516718930793,934.0373838142893,0.0,0.0,HIGH,1
F_10,2026-09-11T15:52:07.243108,12.9716,77.5946,0.0,0.0,8.95899706765928,934.0373838142893,0.0,0.0,HIGH,1
F_10,2026-09-11T15:52:12.243108,12.9716,77.5946,0.0,0.0,6.868664817691622,934.0373838142893,0.0,0.0,HIGH,1
F_10,2026-09-11T15:52:17.243108,12.9716,77.5946,0.0,0.0,6.07898943295715,934.0373838142893,0.0,0.0,HIGH,1
F_10,2026-09-11T15:52:22.243108,12.9716,77.5946,0.0,0.0,9.347250861921719,934.0373838142893,0.0,0.0,HIGH,1
F_10,2026-09-11T15:52:27.243108,12.9716,77.5946,0.0,0.0,3.8095912431893737,934.0373838142893,0.0,0.0,HIGH,1
F_10,2026-09-11T15:52:32.243108,12.9716,77.5946,0.0,0.0,6.780216988852725,934.0373838142893,0.0,0.0,HIGH,1
F_10,2026-09-11T15:52:37.243108,12.9716,77.5946,0.0,0.0,3.421895786389894,934.0373838142893,0.0,0.0,HIGH,1
F_10,2026-09-11T15:52:42.243108,12.9716,77.5946,0.0,0.0,7.052560245175582,934.0373838142893,0.0,0.0,HIGH,1
F_11,2026-09-11T15:51:07.243108,12.9716,77.5946,0.0,0.0,8.841852010490342,934.0373838142893,0.0,0.0,HIGH,1
F_11,2026-09-11T15:51:12.243108,12.9716,77.5946,0.0,0.0,7.9454703161833775,934.0373838142893,0.0,0.0,HIGH,1
F_11,2026-09-11T15:51:17.243108,12.9716,77.5946,0.0,0.0,8.875476198798449,934.0373838142893,0.0,0.0,HIGH,1
F_11,2026-09-11T15:51:22.243108,12.9716,77.5946,0.0,0.0,5.025026784777101,934.0373838142893,0.0,0.0,HIGH,1
F_11,2026-09-11T15:51:27.243108,12.9716,77.5946,0.0,0.0,4.676782937741943,934.0373838142893,0.0,0.0,HIGH,1
F_11,2026-09-11T15:51:32.243108,12.9716,77.5946,0.0,0.0,3.4718275951157604,934.0373838142893,0.0,0.0,HIGH,1
F_11,2026-09-11T15:51:37.243108,12.9716,77.5946,0.0,0.0,2.9141394456973417,934.0373838142893,0.0,0.0,HIGH,1
F_11,2026-09-11T15:51:42.243108,12.9716,77.5946,0.0,0.0,5.16061283778968,934.0373838142893,0.0,0.0,HIGH,1
F_11,2026-09-11T15:51:47.243108,12.9716,77.5946,0.0,0.0,4.749067604117186,934.0373838142893,0.0,0.0,HIGH,1
F_11,2026-09-11T15:51:52.243108,12.9716,77.5946,0.0,0.0,3.114063660402315,934.0373838142893,0.0,0.0,HIGH,1
F_11,2026-09-11T15:51:57.243108,12.9716,77.5946,0.0,0.0,8.96951516299087,934.0373838142893,0.0,0.0,HIGH,1
F_11,2026-09-11T15:52:02.243108,12.9716,77.5946,0.0,0.0,9.290519351257428,934.0373838142893,0.0,0.0,HIGH,1
F_11,2026-09-11T15:52:07.243108,12.9716,77.5946,0.0,0.0,7.390080321585674,934.0373838142893,0.0,0.0,HIGH,1
F_11,2026-09-11T15:52:12.243108,12.9716,77.5946,0.0,0.0,5.002230326214146,934.0373838142893,0.0,0.0,HIGH,1
F_11,2026-09-11T15:52:17.243108,12.9716,77.5946,0.0,0.0,8.480854889053795,934.0373838142893,0.0,0.0,HIGH,1
F_11,2026-09-11T15:52:22.243108,12.9716,77.5946,0.0,0.0,2.331017575284389,934.0373838142893,0.0,0.0,HIGH,1
F_11,2026-09-11T15:52:27.243108,12.9716,77.5946,0.0,0.0,7.813977623344905,934.0373838142893,0.0,0.0,HIGH,1
F_11,2026-09-11T15:52:32.243108,12.9716,77.5946,0.0,0.0,6.430243692555915,934.0373838142893,0.0,0.0,HIGH,1
F_11,2026-09-11T15:52:37.243108,12.9716,77.5946,0.0,0.0,7.5502002035647005,934.0373838142893,0.0,0.0,HIGH,1
F_11,2026-09-11T15:52:42.243108,12.9716,77.5946,0.0,0.0,6.47786266112549,934.0373838142893,0.0,0.0,HIGH,1
F_12,2026-09-11T15:51:07.243108,12.9716,77.5946,0.0,0.0,8.506947538019944,934.0373838142893,0.0,0.0,HIGH,1
F_12,2026-09-11T15:51:12.243108,12.9716,77.5946,0.0,0.0,2.553900916244415,934.0373838142893,0.0,0.0,HIGH,1
F_12,2026-09-11T15:51:17.243108,12.9716,77.5946,0.0,0.0,2.1894623921367256,934.0373838142893,0.0,0.0,HIGH,1
F_12,2026-09-11T15:51:22.243108,12.9716,77.5946,0.0,0.0,7.956174718154114,934.0373838142893,0.0,0.0,HIGH,1
F_12,2026-09-11T15:51:27.243108,12.9716,77.5946,0.0,0.0,6.962705848652953,934.0373838142893,0.0,0.0,HIGH,1
F_12,2026-09-11T15:51:32.243108,12.9716,77.5946,0.0,0.0,9.801142520198807,934.0373838142893,0.0,0.0,HIGH,1
F_12,2026-09-11T15:51:37.243108,12.9716,77.5946,0.0,0.0,3.7000251616073676,934.0373838142893,0.0,0.0,HIGH,1
F_12,2026-09-11T15:51:42.243108,12.9716,77.5946,0.0,0.0,2.051651376390584,934.0373838142893,0.0,0.0,HIGH,1
F_12,2026-09-11T15:51:47.243108,12.9716,77.5946,0.0,0.0,7.788935041911628,934.0373838142893,0.0,0.0,HIGH,1
F_12,2026-09-11T15:51:52.243108,12.9716,77.5946,0.0,0.0,5.863500599312174,934.0373838142893,0.0,0.0,HIGH,1
F_12,2026-09-11T15:51:57.243108,12.9716,77.5946,0.0,0.0,7.85055991669326,934.0373838142893,0.0,0.0,HIGH,1
F_12,2026-09-11T15:52:02.243108,12.9716,77.5946,0.0,0.0,9.03795111064925,934.0373838142893,0.0,0.0,HIGH,1
F_12,2026-09-11T15:52:07.243108,12.9716,77.5946,0.0,0.0,4.508010747796032,934.0373838142893,0.0,0.0,HIGH,1
F_12,2026-09-11T15:52:12.243108,12.9716,77.5946,0.0,0.0,7.682820840647318,934.0373838142893,0.0,0.0,HIGH,1
F_12,2026-09-11T15:52:17.243108,12.9716,77.5946,0.0,0.0,2.898970040981915,934.0373838142893,0.0,0.0,HIGH,1
F_12,2026-09-11T15:52:22.243108,12.9716,77.5946,0.0,0.0,3.182861378795115,934.0373838142893,0.0,0.0,HIGH,1
F_12,2026-09-11T15:52:27.243108,12.9716,77.5946,0.0,0.0,9.535711447652677,934.0373838142893,0.0,0.0,HIGH,1
F_12,2026-09-11T15:52:32.243108,12.9716,77.5946,0.0,0.0,3.0760887614329073,934.0373838142893,0.0,0.0,HIGH,1
F_12,2026-09-11T15:52:37.243108,12.9716,77.5946,0.0,0.0,7.10987408176435,934.0373838142893,0.0,0.0,HIGH,1
F_12,2026-09-11T15:52:42.243108,12.9716,77.5946,0.0,0.0,5.774125395252234,934.0373838142893,0.0,0.0,HIGH,1
F_13,2026-09-11T15:51:07.243108,12.9716,77.5946,0.0,0.0,5.621338435554822,934.0373838142893,0.0,0.0,HIGH,1
F_13,2026-09-11T15:51:12.243108,12.9716,77.5946,0.0,0.0,3.2243003482695576,934.0373838142893,0.0,0.0,HIGH,1
F_13,2026-09-11T15:51:17.243108,12.9716,77.5946,0.0,0.0,4.5562046303770165,934.0373838142893,0.0,0.0,HIGH,1
F_13,2026-09-11T15:51:22.243108,12.9716,77.5946,0.0,0.0,6.698824596892391,934.0373838142893,0.0,0.0,HIGH,1
F_13,2026-09-11T15:51:27.243108,12.9716,77.5946,0.0,0.0,2.74909612835945,934.0373838142893,0.0,0.0,HIGH,1
F_13,2026-09-11T15:51:32.243108,12.9716,77.5946,0.0,0.0,3.5168540450667756,934.0373838142893,0.0,0.0,HIGH,1
F_13,2026-09-11T15:51:37.243108,12.9716,77.5946,0.0,0.0,6.402810493888878,934.0373838142893,0.0,0.0,HIGH,1
F_13,2026-09-11T15:51:42.243108,12.9716,77.5946,0.0,0.0,5.967301684833932,934.0373838142893,0.0,0.0,HIGH,1
F_13,2026-09-11T15:51:47.243108,12.9716,77.5946,0.0,0.0,7.768583598007989,934.0373838142893,0.0,0.0,HIGH,1
F_13,2026-09-11T15:51:52.243108,12.9716,77.5946,0.0,0.0,4.938532406011516,934.0373838142893,0.0,0.0,HIGH,1
F_13,2026-09-11T15:51:57.243108,12.9716,77.5946,0.0,0.0,8.186775623359885,934.0373838142893,0.0,0.0,HIGH,1
F_13,2026-09-11T15:52:02.243108,12.9716,77.5946,0.0,0.0,3.0520559280622352,934.0373838142893,0.0,0.0,HIGH,1
F_13,2026-09-11T15:52:07.243108,12.9716,77.5946,0.0,0.0,3.095340789186114,934.0373838142893,0.0,0.0,HIGH,1
F_13,2026-09-11T15:52:12.243108,12.9716,77.5946,0.0,0.0,4.059385729132021,934.0373838142893,0.0,0.0,HIGH,1
F_13,2026-09-11T15:52:17.243108,12.9716,77.5946,0.0,0.0,3.7340936668212166,934.0373838142893,0.0,0.0,HIGH,1
F_13,2026-09-11T15:52:22.243108,12.9716,77.5946,0.0,0.0,8.3270021525487,934.0373838142893,0.0,0.0,HIGH,1
F_13,2026-09-11T15:52:27.243108,12.9716,77.5946,0.0,0.0,4.757404739862507,934.0373838142893,0.0,0.0,HIGH,1
F_13,2026-09-11T15:52:32.243108,12.9716,77.5946,0.0,0.0,9.229355586343289,934.0373838142893,0.0,0.0,HIGH,1
F_13,2026-09-11T15:52:37.243108,12.9716,77.5946,0.0,0.0,9.635442599846819,934.0373838142893,0.0,0.0,HIGH,1
F_13,2026-09-11T15:52:42.243108,12.9716,77.5946,0.0,0.0,8.482712404664063,934.0373838142893,0.0,0.0,HIGH,1
F_14,2026-09-11T15:51:07.243108,12.9716,77.5946,0.0,0.0,7.478953210044726,934.0373838142893,0.0,0.0,HIGH,1
F_14,2026-09-11T15:51:12.243108,12.9716,77.5946,0.0,0.0,6.153652611234343,934.0373838142893,0.0,0.0,HIGH,1
F_14,2026-09-11T15:51:17.243108,12.9716,77.5946,0.0,0.0,8.605515896149516,934.0373838142893,0.0,0.0,HIGH,1
F_14,2026-09-11T15:51:22.243108,12.9716,77.5946,0.0,0.0,9.503875270017534,934.0373838142893,0.0,0.0,HIGH,1
F_14,2026-09-11T15:51:27.243108,12.9716,77.5946,0.0,0.0,6.4875348675677795,934.0373838142893,0.0,0.0,HIGH,1
F_14,2026-09-11T15:51:32.243108,12.9716,77.5946,0.0,0.0,8.957382303664048,934.0373838142893,0.0,0.0,HIGH,1
F_14,2026-09-11T15:51:37.243108,12.9716,77.5946,0.0,0.0,3.4971623484904644,934.0373838142893,0.0,0.0,HIGH,1
F_14,2026-09-11T15:51:42.243108,12.9716,77.5946,0.0,0.0,3.6792091701797043,934.0373838142893,0.0,0.0,HIGH,1
F_14,2026-09-11T15:51:47.243108,12.9716,77.5946,0.0,0.0,7.270047075234615,934.0373838142893,0.0,0.0,HIGH,1
F_14,2026-09-11T15:51:52.243108,12.9716,77.5946,0.0,0.0,5.339541284224177,934.0373838142893,0.0,0.0,HIGH,1
F_14,2026-09-11T15:51:57.243108,12.9716,77.5946,0.0,0.0,3.0799100285484293,934.0373838142893,0.0,0.0,HIGH,1
F_14,2026-09-11T15:52:02.243108,12.9716,77.5946,0.0,0.0,7.0759605056852015,934.0373838142893,0.0,0.0,HIGH,1
F_14,2026-09-11T15:52:07.243108,12.9716,77.5946,0.0,0.0,7.50876132825635,934.0373838142893,0.0,0.0,HIGH,1
F_14,2026-09-11T15:52:12.243108,12.9716,77.5946,0.0,0.0,3.1800609842572634,934.0373838142893,0.0,0.0,HIGH,1
F_14,2026-09-11T15:52:17.243108,12.9716,77.5946,0.0,0.0,3.3965233258551955,934.0373838142893,0.0,0.0,HIGH,1
F_14,2026-09-11T15:52:22.243108,12.9716,77.5946,0.0,0.0,9.578112290363098,934.0373838142893,0.0,0.0,HIGH,1
F_14,2026-09-11T15:52:27.243108,12.9716,77.5946,0.0,0.0,5.279336930099176,934.0373838142893,0.0,0.0,HIGH,1
F_14,2026-09-11T15:52:32.243108,12.9716,77.5946,0.0,0.0,7.50274826426298,934.0373838142893,0.0,0.0,HIGH,1
F_14,2026-09-11T15:52:37.243108,12.9716,77.5946,0.0,0.0,2.257763277900075,934.0373838142893,0.0,0.0,HIGH,1
F_14,2026-09-11T15:52:42.243108,12.9716,77.5946,0.0,0.0,8.422267482671613,934.0373838142893,0.0,0.0,HIGH,1
F_15,2026-09-11T15:51:07.243108,12.9716,77.5946,0.0,0.0,5.286447308998846,934.0373838142893,0.0,0.0,HIGH,1
F_15,2026-09-11T15:51:12.243108,12.9716,77.5946,0.0,0.0,5.24837259130752,934.0373838142893,0.0,0.0,HIGH,1
F_15,2026-09-11T15:51:17.243108,12.9716,77.5946,0.0,0.0,4.545665101347813,934.0373838142893,0.0,0.0,HIGH,1
F_15,2026-09-11T15:51:22.243108,12.9716,77.5946,0.0,0.0,7.463447990739958,934.0373838142893,0.0,0.0,HIGH,1
F_15,2026-09-11T15:51:27.243108,12.9716,77.5946,0.0,0.0,8.877965253481712,934.0373838142893,0.0,0.0,HIGH,1
F_15,2026-09-11T15:51:32.243108,12.9716,77.5946,0.0,0.0,9.567123489214982,934.0373838142893,0.0,0.0,HIGH,1
F_15,2026-09-11T15:51:37.243108,12.9716,77.5946,0.0,0.0,6.72533834841393,934.0373838142893,0.0,0.0,HIGH,1
F_15,2026-09-11T15:51:42.243108,12.9716,77.5946,0.0,0.0,2.5549298830856264,934.0373838142893,0.0,0.0,HIGH,1
F_15,2026-09-11T15:51:47.243108,12.9716,77.5946,0.0,0.0,7.28340632200819,934.0373838142893,0.0,0.0,HIGH,1
F_15,2026-09-11T15:51:52.243108,12.9716,77.5946,0.0,0.0,7.435752881780124,934.0373838142893,0.0,0.0,HIGH,1
F_15,2026-09-11T15:51:57.243108,12.9716,77.5946,0.0,0.0,6.694426506706012,934.0373838142893,0.0,0.0,HIGH,1
F_15,2026-09-11T15:52:02.243108,12.9716,77.5946,0.0,0.0,7.709912007708609,934.0373838142893,0.0,0.0,HIGH,1
F_15,2026-09-11T15:52:07.243108,12.9716,77.5946,0.0,0.0,5.582543668992428,934.0373838142893,0.0,0.0,HIGH,1
F_15,2026-09-11T15:52:12.243108,12.9716,77.5946,0.0,0.0,7.497879488267951,934.0373838142893,0.0,0.0,HIGH,1
F_15,2026-09-11T15:52:17.243108,12.9716,77.5946,0.0,0.0,2.925216266796885,934.0373838142893,0.0,0.0,HIGH,1
F_15,2026-09-11T15:52:22.243108,12.9716,77.5946,0.0,0.0,8.527326843142916,934.0373838142893,0.0,0.0,HIGH,1
F_15,2026-09-11T15:52:27.243108,12.9716,77.5946,0.0,0.0,4.067517630404262,934.0373838142893,0.0,0.0,HIGH,1
F_15,2026-09-11T15:52:32.243108,12.9716,77.5946,0.0,0.0,8.969657741198782,934.0373838142893,0.0,0.0,HIGH,1
F_15,2026-09-11T15:52:37.243108,12.9716,77.5946,0.0,0.0,5.314485362768886,934.0373838142893,0.0,0.0,HIGH,1
F_15,2026-09-11T15:52:42.243108,12.9716,77.5946,0.0,0.0,2.6544915294524403,934.0373838142893,0.0,0.0,HIGH,1
F_16,2026-09-11T15:51:07.243108,12.9716,77.5946,0.0,0.0,4.418261805385726,934.0373838142893,0.0,0.0,HIGH,1
F_16,2026-09-11T15:51:12.243108,12.9716,77.5946,0.0,0.0,5.497080775717036,934.0373838142893,0.0,0.0,HIGH,1
F_16,2026-09-11T15:51:17.243108,12.9716,77.5946,0.0,0.0,6.215661625170851,934.0373838142893,0.0,0.0,HIGH,1
F_16,2026-09-11T15:51:22.243108,12.9716,77.5946,0.0,0.0,3.9320208927090476,934.0373838142893,0.0,0.0,HIGH,1
F_16,2026-09-11T15:51:27.243108,12.9716,77.5946,0.0,0.0,7.5946477216210235,934.0373838142893,0.0,0.0,HIGH,1
F_16,2026-09-11T15:51:32.243108,12.9716,77.5946,0.0,0.0,8.306169851313715,934.0373838142893,0.0,0.0,HIGH,1
F_16,2026-09-11T15:51:37.243108,12.9716,77.5946,0.0,0.0,5.7310281370781615,934.0373838142893,0.0,0.0,HIGH,1
F_16,2026-09-11T15:51:42.243108,12.9716,77.5946,0.0,0.0,3.986281424400131,934.0373838142893,0.0,0.0,HIGH,1
F_16,2026-09-11T15:51:47.243108,12.9716,77.5946,0.0,0.0,3.401292337311781,934.0373838142893,0.0,0.0,HIGH,1
F_16,2026-09-11T15:51:52.243108,12.9716,77.5946,0.0,0.0,3.6104144763577892,934.0373838142893,0.0,0.0,HIGH,1
F_16,2026-09-11T15:51:57.243108,12.9716,77.5946,0.0,0.0,3.506073282599816,934.0373838142893,0.0,0.0,HIGH,1
F_16,2026-09-11T15:52:02.243108,12.9716,77.5946,0.0,0.0,6.259541987034789,934.0373838142893,0.0,0.0,HIGH,1
F_16,2026-09-11T15:52:07.243108,12.9716,77.5946,0.0,0.0,7.092871433803981,934.0373838142893,0.0,0.0,HIGH,1
F_16,2026-09-11T15:52:12.243108,12.9716,77.5946,0.0,0.0,7.20584529805302,934.0373838142893,0.0,0.0,HIGH,1
F_16,2026-09-11T15:52:17.243108,12.9716,77.5946,0.0,0.0,9.516883998945264,934.0373838142893,0.0,0.0,HIGH,1
F_16,2026-09-11T15:52:22.243108,12.9716,77.5946,0.0,0.0,2.012263579047427,934.0373838142893,0.0,0.0,HIGH,1
F_16,2026-09-11T15:52:27.243108,12.9716,77.5946,0.0,0.0,3.2551985994603454,934.0373838142893,0.0,0.0,HIGH,1
F_16,2026-09-11T15:52:32.243108,12.9716,77.5946,0.0,0.0,9.893298838904101,934.0373838142893,0.0,0.0,HIGH,1
F_16,2026-09-11T15:52:37.243108,12.9716,77.5946,0.0,0.0,4.6341725800118665,934.0373838142893,0.0,0.0,HIGH,1
F_16,2026-09-11T15:52:42.243108,12.9716,77.5946,0.0,0.0,8.430444298860966,934.0373838142893,0.0,0.0,HIGH,1
F_17,2026-09-11T15:51:07.243108,12.9716,77.5946,0.0,0.0,2.0093833427737664,934.0373838142893,0.0,0.0,HIGH,1
F_17,2026-09-11T15:51:12.243108,12.9716,77.5946,0.0,0.0,2.017836194642655,934.0373838142893,0.0,0.0,HIGH,1
F_17,2026-09-11T15:51:17.243108,12.9716,77.5946,0.0,0.0,5.739391024605262,934.0373838142893,0.0,0.0,HIGH,1
F_17,2026-09-11T15:51:22.243108,12.9716,77.5946,0.0,0.0,3.189783058747131,934.0373838142893,0.0,0.0,HIGH,1
F_17,2026-09-11T15:51:27.243108,12.9716,77.5946,0.0,0.0,2.368494447454319,934.0373838142893,0.0,0.0,HIGH,1
F_17,2026-09-11T15:51:32.243108,12.9716,77.5946,0.0,0.0,4.691036949156727,934.0373838142893,0.0,0.0,HIGH,1
F_17,2026-09-11T15:51:37.243108,12.9716,77.5946,0.0,0.0,9.190435262263282,934.0373838142893,0.0,0.0,HIGH,1
F_17,2026-09-11T15:51:42.243108,12.9716,77.5946,0.0,0.0,5.059438729922736,934.0373838142893,0.0,0.0,HIGH,1
F_17,2026-09-11T15:51:47.243108,12.9716,77.5946,0.0,0.0,3.4753442993008816,934.0373838142893,0.0,0.0,HIGH,1
F_17,2026-09-11T15:51:52.243108,12.9716,77.5946,0.0,0.0,2.031961346932837,934.0373838142893,0.0,0.0,HIGH,1
F_17,2026-09-11T15:51:57.243108,12.9716,77.5946,0.0,0.0,4.921149701143773,934.0373838142893,0.0,0.0,HIGH,1
F_17,2026-09-11T15:52:02.243108,12.9716,77.5946,0.0,0.0,5.530248164871655,934.0373838142893,0.0,0.0,HIGH,1
F_17,2026-09-11T15:52:07.243108,12.9716,77.5946,0.0,0.0,4.238621155448354,934.0373838142893,0.0,0.0,HIGH,1
F_17,2026-09-11T15:52:12.243108,12.9716,77.5946,0.0,0.0,9.2251793715715,934.0373838142893,0.0,0.0,HIGH,1
F_17,2026-09-11T15:52:17.243108,12.9716,77.5946,0.0,0.0,8.841859023420726,934.0373838142893,0.0,0.0,HIGH,1
F_17,2026-09-11T15:52:22.243108,12.9716,77.5946,0.0,0.0,2.3693223152905993,934.0373838142893,0.0,0.0,HIGH,1
F_17,2026-09-11T15:52:27.243108,12.9716,77.5946,0.0,0.0,9.466284820796544,934.0373838142893,0.0,0.0,HIGH,1
F_17,2026-09-11T15:52:32.243108,12.9716,77.5946,0.0,0.0,7.507049521336345,934.0373838142893,0.0,0.0,HIGH,1
F_17,2026-09-11T15:52:37.243108,12.9716,77.5946,0.0,0.0,3.444762246634583,934.0373838142893,0.0,0.0,HIGH,1
F_17,2026-09-11T15:52:42.243108,12.9716,77.5946,0.0,0.0,8.22966929832145,934.0373838142893,0.0,0.0,HIGH,1
F_18,2026-09-11T15:51:07.248061,12.9716,77.5946,0.0,0.0,4.2263395405503115,934.0373838142893,0.0,0.0,HIGH,1
F_18,2026-09-11T15:51:12.248061,12.9716,77.5946,0.0,0.0,3.9236540175294357,934.0373838142893,0.0,0.0,HIGH,1
F_18,2026-09-11T15:51:17.248061,12.9716,77.5946,0.0,0.0,7.2928290021444315,934.0373838142893,0.0,0.0,HIGH,1
F_18,2026-09-11T15:51:22.248061,12.9716,77.5946,0.0,0.0,8.799972106847617,934.0373838142893,0.0,0.0,HIGH,1
F_18,2026-09-11T15:51:27.248061,12.9716,77.5946,0.0,0.0,7.535862227489867,934.0373838142893,0.0,0.0,HIGH,1
F_18,2026-09-11T15:51:32.248061,12.9716,77.5946,0.0,0.0,9.227016645755203,934.0373838142893,0.0,0.0,HIGH,1
F_18,2026-09-11T15:51:37.248061,12.9716,77.5946,0.0,0.0,4.588353617804201,934.0373838142893,0.0,0.0,HIGH,1
F_18,2026-09-11T15:51:42.248061,12.9716,77.5946,0.0,0.0,2.546538113874048,934.0373838142893,0.0,0.0,HIGH,1
F_18,2026-09-11T15:51:47.248061,12.9716,77.5946,0.0,0.0,6.983937757240486,934.0373838142893,0.0,0.0,HIGH,1
F_18,2026-09-11T15:51:52.248061,12.9716,77.5946,0.0,0.0,2.4098469276392844,934.0373838142893,0.0,0.0,HIGH,1
F_18,2026-09-11T15:51:57.248061,12.9716,77.5946,0.0,0.0,3.3837536739985685,934.0373838142893,0.0,0.0,HIGH,1
F_18,2026-09-11T15:52:02.248061,12.9716,77.5946,0.0,0.0,5.507284869796401,934.0373838142893,0.0,0.0,HIGH,1
F_18,2026-09-11T15:52:07.248061,12.9716,77.5946,0.0,0.0,9.161023643403771,934.0373838142893,0.0,0.0,HIGH,1
F_18,2026-09-11T15:52:12.248061,12.9716,77.5946,0.0,0.0,6.784828515696159,934.0373838142893,0.0,0.0,HIGH,1
F_18,2026-09-11T15:52:17.248061,12.9716,77.5946,0.0,0.0,4.787338559641388,934.0373838142893,0.0,0.0,HIGH,1
F_18,2026-09-11T15:52:22.248061,12.9716,77.5946,0.0,0.0,5.015088025027607,934.0373838142893,0.0,0.0,HIGH,1
F_18,2026-09-11T15:52:27.248061,12.9716,77.5946,0.0,0.0,2.4663445163201487,934.0373838142893,0.0,0.0,HIGH,1
F_18,2026-09-11T15:52:32.248061,12.9716,77.5946,0.0,0.0,4.7859818887288075,934.0373838142893,0.0,0.0,HIGH,1
F_18,2026-09-11T15:52:37.248061,12.9716,77.5946,0.0,0.0,5.126028908470565,934.0373838142893,0.0,0.0,HIGH,1
F_18,2026-09-11T15:52:42.248061,12.9716,77.5946,0.0,0.0,2.737160826717596,934.0373838142893,0.0,0.0,HIGH,1
F_19,2026-09-11T15:51:07.249359,12.9716,77.5946,0.0,0.0,6.50189457291723,934.0373838142893,0.0,0.0,HIGH,1
F_19,2026-09-11T15:51:12.249359,12.9716,77.5946,0.0,0.0,2.489723373429544,934.0373838142893,0.0,0.0,HIGH,1
F_19,2026-09-11T15:51:17.249359,12.9716,77.5946,0.0,0.0,6.636319417592209,934.0373838142893,0.0,0.0,HIGH,1
F_19,2026-09-11T15:51:22.249359,12.9716,77.5946,0.0,0.0,2.0550450375784886,934.0373838142893,0.0,0.0,HIGH,1
F_19,2026-09-11T15:51:27.249359,12.9716,77.5946,0.0,0.0,2.9729602089853877,934.0373838142893,0.0,0.0,HIGH,1
F_19,2026-09-11T15:51:32.249359,12.9716,77.5946,0.0,0.0,7.273710315375881,934.0373838142893,0.0,0.0,HIGH,1
F_19,2026-09-11T15:51:37.249359,12.9716,77.5946,0.0,0.0,3.2274483113399723,934.0373838142893,0.0,0.0,HIGH,1
F_19,2026-09-11T15:51:42.249359,12.9716,77.5946,0.0,0.0,6.380766158143022,934.0373838142893,0.0,0.0,HIGH,1
F_19,2026-09-11T15:51:47.249359,12.9716,77.5946,0.0,0.0,8.506969430323778,934.0373838142893,0.0,0.0,HIGH,1
F_19,2026-09-11T15:51:52.249359,12.9716,77.5946,0.0,0.0,4.078534718635915,934.0373838142893,0.0,0.0,HIGH,1
F_19,2026-09-11T15:51:57.249359,12.9716,77.5946,0.0,0.0,4.835884059964206,934.0373838142893,0.0,0.0,HIGH,1
F_19,2026-09-11T15:52:02.249359,12.9716,77.5946,0.0,0.0,6.0864254508105144,934.0373838142893,0.0,0.0,HIGH,1
F_19,2026-09-11T15:52:07.249359,12.9716,77.5946,0.0,0.0,8.86076537134903,934.0373838142893,0.0,0.0,HIGH,1
F_19,2026-09-11T15:52:12.249359,12.9716,77.5946,0.0,0.0,5.20778990059779,934.0373838142893,0.0,0.0,HIGH,1
F_19,2026-09-11T15:52:17.249359,12.9716,77.5946,0.0,0.0,2.566463278628624,934.0373838142893,0.0,0.0,HIGH,1
F_19,2026-09-11T15:52:22.249359,12.9716,77.5946,0.0,0.0,3.455528903703539,934.0373838142893,0.0,0.0,HIGH,1
F_19,2026-09-11T15:52:27.249359,12.9716,77.5946,0.0,0.0,8.647266453807225,934.0373838142893,0.0,0.0,HIGH,1
F_19,2026-09-11T15:52:32.249359,12.9716,77.5946,0.0,0.0,7.775395153045161,934.0373838142893,0.0,0.0,HIGH,1
F_19,2026-09-11T15:52:37.249359,12.9716,77.5946,0.0,0.0,5.0155400066404825,934.0373838142893,0.0,0.0,HIGH,1
F_19,2026-09-11T15:52:42.249359,12.9716,77.5946,0.0,0.0,7.088764304902923,934.0373838142893,0.0,0.0,HIGH,1
F_20,2026-09-11T15:51:07.249976,12.9716,77.5946,0.0,0.0,8.654928287500187,934.0373838142893,0.0,0.0,HIGH,1
F_20,2026-09-11T15:51:12.249976,12.9716,77.5946,0.0,0.0,7.49137684341908,934.0373838142893,0.0,0.0,HIGH,1
F_20,2026-09-11T15:51:17.249976,12.9716,77.5946,0.0,0.0,8.12056143185988,934.0373838142893,0.0,0.0,HIGH,1
F_20,2026-09-11T15:51:22.249976,12.9716,77.5946,0.0,0.0,8.505456943491318,934.0373838142893,0.0,0.0,HIGH,1
F_20,2026-09-11T15:51:27.249976,12.9716,77.5946,0.0,0.0,4.017199901694146,934.0373838142893,0.0,0.0,HIGH,1
F_20,2026-09-11T15:51:32.249976,12.9716,77.5946,0.0,0.0,5.816033259398995,934.0373838142893,0.0,0.0,HIGH,1
F_20,2026-09-11T15:51:37.249976,12.9716,77.5946,0.0,0.0,2.6828282899706597,934.0373838142893,0.0,0.0,HIGH,1
F_20,2026-09-11T15:51:42.249976,12.9716,77.5946,0.0,0.0,2.393504585023112,934.0373838142893,0.0,0.0,HIGH,1
F_20,2026-09-11T15:51:47.249976,12.9716,77.5946,0.0,0.0,5.726560539380432,934.0373838142893,0.0,0.0,HIGH,1
F_20,2026-09-11T15:51:52.249976,12.9716,77.5946,0.0,0.0,6.695489261516024,934.0373838142893,0.0,0.0,HIGH,1
F_20,2026-09-11T15:51:57.249976,12.9716,77.5946,0.0,0.0,8.316058836461071,934.0373838142893,0.0,0.0,HIGH,1
F_20,2026-09-11T15:52:02.249976,12.9716,77.5946,0.0,0.0,8.266291937913463,934.0373838142893,0.0,0.0,HIGH,1
F_20,2026-09-11T15:52:07.249976,12.9716,77.5946,0.0,0.0,3.7133190885569025,934.0373838142893,0.0,0.0,HIGH,1
F_20,2026-09-11T15:52:12.249976,12.9716,77.5946,0.0,0.0,5.24577154127019,934.0373838142893,0.0,0.0,HIGH,1
F_20,2026-09-11T15:52:17.249976,12.9716,77.5946,0.0,0.0,5.7459033771893315,934.0373838142893,0.0,0.0,HIGH,1
F_20,2026-09-11T15:52:22.249976,12.9716,77.5946,0.0,0.0,7.575335701563588,934.0373838142893,0.0,0.0,HIGH,1
F_20,2026-09-11T15:52:27.249976,12.9716,77.5946,0.0,0.0,9.86310952659614,934.0373838142893,0.0,0.0,HIGH,1
F_20,2026-09-11T15:52:32.249976,12.9716,77.5946,0.0,0.0,4.457168085377415,934.0373838142893,0.0,0.0,HIGH,1
F_20,2026-09-11T15:52:37.249976,12.9716,77.5946,0.0,0.0,9.150009544845972,934.0373838142893,0.0,0.0,HIGH,1
F_20,2026-09-11T15:52:42.249976,12.9716,77.5946,0.0,0.0,2.0677644864330196,934.0373838142893,0.0,0.0,HIGH,1
F_21,2026-09-11T15:51:07.249976,12.9716,77.5946,0.0,0.0,7.852967974111622,934.0373838142893,0.0,0.0,HIGH,1
F_21,2026-09-11T15:51:12.249976,12.9716,77.5946,0.0,0.0,3.463609485697006,934.0373838142893,0.0,0.0,HIGH,1
F_21,2026-09-11T15:51:17.249976,12.9716,77.5946,0.0,0.0,8.705501504337741,934.0373838142893,0.0,0.0,HIGH,1
F_21,2026-09-11T15:51:22.249976,12.9716,77.5946,0.0,0.0,2.009949685893443,934.0373838142893,0.0,0.0,HIGH,1
F_21,2026-09-11T15:51:27.249976,12.9716,77.5946,0.0,0.0,5.967192581396005,934.0373838142893,0.0,0.0,HIGH,1
F_21,2026-09-11T15:51:32.249976,12.9716,77.5946,0.0,0.0,6.310996587248813,934.0373838142893,0.0,0.0,HIGH,1
F_21,2026-09-11T15:51:37.249976,12.9716,77.5946,0.0,0.0,3.020851468927072,934.0373838142893,0.0,0.0,HIGH,1
F_21,2026-09-11T15:51:42.249976,12.9716,77.5946,0.0,0.0,5.374283110178179,934.0373838142893,0.0,0.0,HIGH,1
F_21,2026-09-11T15:51:47.249976,12.9716,77.5946,0.0,0.0,9.16151125924021,934.0373838142893,0.0,0.0,HIGH,1
F_21,2026-09-11T15:51:52.249976,12.9716,77.5946,0.0,0.0,7.405610967415135,934.0373838142893,0.0,0.0,HIGH,1
F_21,2026-09-11T15:51:57.249976,12.9716,77.5946,0.0,0.0,5.035614263924472,934.0373838142893,0.0,0.0,HIGH,1
F_21,2026-09-11T15:52:02.249976,12.9716,77.5946,0.0,0.0,9.588954825157145,934.0373838142893,0.0,0.0,HIGH,1
F_21,2026-09-11T15:52:07.249976,12.9716,77.5946,0.0,0.0,2.105106201383091,934.0373838142893,0.0,0.0,HIGH,1
F_21,2026-09-11T15:52:12.249976,12.9716,77.5946,0.0,0.0,9.369289986055705,934.0373838142893,0.0,0.0,HIGH,1
F_21,2026-09-11T15:52:17.249976,12.9716,77.5946,0.0,0.0,3.9587594527687635,934.0373838142893,0.0,0.0,HIGH,1
F_21,2026-09-11T15:52:22.249976,12.9716,77.5946,0.0,0.0,7.741904671160953,934.0373838142893,0.0,0.0,HIGH,1
F_21,2026-09-11T15:52:27.249976,12.9716,77.5946,0.0,0.0,8.615483368826165,934.0373838142893,0.0,0.0,HIGH,1
F_21,2026-09-11T15:52:32.249976,12.9716,77.5946,0.0,0.0,4.955680261394033,934.0373838142893,0.0,0.0,HIGH,1
F_21,2026-09-11T15:52:37.249976,12.9716,77.5946,0.0,0.0,8.402703819048103,934.0373838142893,0.0,0.0,HIGH,1
F_21,2026-09-11T15:52:42.249976,12.9716,77.5946,0.0,0.0,5.2306100838583,934.0373838142893,0.0,0.0,HIGH,1
F_22,2026-09-11T15:51:07.249976,12.9716,77.5946,0.0,0.0,9.397759214796698,934.0373838142893,0.0,0.0,HIGH,1
F_22,2026-09-11T15:51:12.249976,12.9716,77.5946,0.0,0.0,2.1095280428212666,934.0373838142893,0.0,0.0,HIGH,1
F_22,2026-09-11T15:51:17.249976,12.9716,77.5946,0.0,0.0,5.7503845790085215,934.0373838142893,0.0,0.0,HIGH,1
F_22,2026-09-11T15:51:22.249976,12.9716,77.5946,0.0,0.0,2.5002484435792676,934.0373838142893,0.0,0.0,HIGH,1
F_22,2026-09-11T15:51:27.249976,12.9716,77.5946,0.0,0.0,5.250500915800741,934.0373838142893,0.0,0.0,HIGH,1
F_22,2026-09-11T15:51:32.249976,12.9716,77.5946,0.0,0.0,6.823191435288337,934.0373838142893,0.0,0.0,HIGH,1
F_22,2026-09-11T15:51:37.249976,12.9716,77.5946,0.0,0.0,9.738926827807894,934.0373838142893,0.0,0.0,HIGH,1
F_22,2026-09-11T15:51:42.249976,12.9716,77.5946,0.0,0.0,5.266667128968064,934.0373838142893,0.0,0.0,HIGH,1
F_22,2026-09-11T15:51:47.249976,12.9716,77.5946,0.0,0.0,2.879213710436602,934.0373838142893,0.0,0.0,HIGH,1
F_22,2026-09-11T15:51:52.249976,12.9716,77.5946,0.0,0.0,8.474466779098863,934.0373838142893,0.0,0.0,HIGH,1
F_22,2026-09-11T15:51:57.249976,12.9716,77.5946,0.0,0.0,5.519914472252787,934.0373838142893,0.0,0.0,HIGH,1
F_22,2026-09-11T15:52:02.249976,12.9716,77.5946,0.0,0.0,5.164003393752277,934.0373838142893,0.0,0.0,HIGH,1
F_22,2026-09-11T15:52:07.249976,12.9716,77.5946,0.0,0.0,8.237956342253419,934.0373838142893,0.0,0.0,HIGH,1
F_22,2026-09-11T15:52:12.249976,12.9716,77.5946,0.0,0.0,6.87942697853997,934.0373838142893,0.0,0.0,HIGH,1
F_22,2026-09-11T15:52:17.249976,12.9716,77.5946,0.0,0.0,9.202543638035127,934.0373838142893,0.0,0.0,HIGH,1
F_22,2026-09-11T15:52:22.249976,12.9716,77.5946,0.0,0.0,8.30688912173111,934.0373838142893,0.0,0.0,HIGH,1
F_22,2026-09-11T15:52:27.249976,12.9716,77.5946,0.0,0.0,9.001426533677224,934.0373838142893,0.0,0.0,HIGH,1
F_22,2026-09-11T15:52:32.249976,12.9716,77.5946,0.0,0.0,9.184772848200824,934.0373838142893,0.0,0.0,HIGH,1
F_22,2026-09-11T15:52:37.249976,12.9716,77.5946,0.0,0.0,2.1894150623937048,934.0373838142893,0.0,0.0,HIGH,1
F_22,2026-09-11T15:52:42.249976,12.9716,77.5946,0.0,0.0,5.048005702889544,934.0373838142893,0.0,0.0,HIGH,1
F_23,2026-09-11T15:51:07.249976,12.9716,77.5946,0.0,0.0,8.718521145793243,934.0373838142893,0.0,0.0,HIGH,1
F_23,2026-09-11T15:51:12.249976,12.9716,77.5946,0.0,0.0,8.992462111367459,934.0373838142893,0.0,0.0,HIGH,1
F_23,2026-09-11T15:51:17.249976,12.9716,77.5946,0.0,0.0,6.925703874749418,934.0373838142893,0.0,0.0,HIGH,1
F_23,2026-09-11T15:51:22.249976,12.9716,77.5946,0.0,0.0,2.745151923305796,934.0373838142893,0.0,0.0,HIGH,1
F_23,2026-09-11T15:51:27.249976,12.9716,77.5946,0.0,0.0,9.218292277260487,934.0373838142893,0.0,0.0,HIGH,1
F_23,2026-09-11T15:51:32.249976,12.9716,77.5946,0.0,0.0,2.86960857380327,934.0373838142893,0.0,0.0,HIGH,1
F_23,2026-09-11T15:51:37.249976,12.9716,77.5946,0.0,0.0,4.06272271484761,934.0373838142893,0.0,0.0,HIGH,1
F_23,2026-09-11T15:51:42.249976,12.9716,77.5946,0.0,0.0,3.566833359962418,934.0373838142893,0.0,0.0,HIGH,1
F_23,2026-09-11T15:51:47.249976,12.9716,77.5946,0.0,0.0,6.639611647070232,934.0373838142893,0.0,0.0,HIGH,1
F_23,2026-09-11T15:51:52.249976,12.9716,77.5946,0.0,0.0,4.5031321746052395,934.0373838142893,0.0,0.0,HIGH,1
F_23,2026-09-11T15:51:57.249976,12.9716,77.5946,0.0,0.0,3.2166170843665,934.0373838142893,0.0,0.0,HIGH,1
F_23,2026-09-11T15:52:02.249976,12.9716,77.5946,0.0,0.0,7.011760359498288,934.0373838142893,0.0,0.0,HIGH,1
F_23,2026-09-11T15:52:07.249976,12.9716,77.5946,0.0,0.0,9.903055993635444,934.0373838142893,0.0,0.0,HIGH,1
F_23,2026-09-11T15:52:12.249976,12.9716,77.5946,0.0,0.0,9.778393201596222,934.0373838142893,0.0,0.0,HIGH,1
F_23,2026-09-11T15:52:17.249976,12.9716,77.5946,0.0,0.0,9.792257924421184,934.0373838142893,0.0,0.0,HIGH,1
F_23,2026-09-11T15:52:22.249976,12.9716,77.5946,0.0,0.0,2.405706294911287,934.0373838142893,0.0,0.0,HIGH,1
F_23,2026-09-11T15:52:27.249976,12.9716,77.5946,0.0,0.0,6.607777574960843,934.0373838142893,0.0,0.0,HIGH,1
F_23,2026-09-11T15:52:32.249976,12.9716,77.5946,0.0,0.0,6.8000449547678965,934.0373838142893,0.0,0.0,HIGH,1
F_23,2026-09-11T15:52:37.249976,12.9716,77.5946,0.0,0.0,6.895733804939636,934.0373838142893,0.0,0.0,HIGH,1
F_23,2026-09-11T15:52:42.249976,12.9716,77.5946,0.0,0.0,6.65689501725488,934.0373838142893,0.0,0.0,HIGH,1
F_24,2026-09-11T15:51:07.249976,12.9716,77.5946,0.0,0.0,5.228301502996316,934.0373838142893,0.0,0.0,HIGH,1
F_24,2026-09-11T15:51:12.249976,12.9716,77.5946,0.0,0.0,6.447820658027844,934.0373838142893,0.0,0.0,HIGH,1
F_24,2026-09-11T15:51:17.249976,12.9716,77.5946,0.0,0.0,8.264854068087374,934.0373838142893,0.0,0.0,HIGH,1
F_24,2026-09-11T15:51:22.249976,12.9716,77.5946,0.0,0.0,4.092993534863248,934.0373838142893,0.0,0.0,HIGH,1
F_24,2026-09-11T15:51:27.249976,12.9716,77.5946,0.0,0.0,7.306555771338495,934.0373838142893,0.0,0.0,HIGH,1
F_24,2026-09-11T15:51:32.249976,12.9716,77.5946,0.0,0.0,4.640753410648055,934.0373838142893,0.0,0.0,HIGH,1
F_24,2026-09-11T15:51:37.249976,12.9716,77.5946,0.0,0.0,9.826538003626176,934.0373838142893,0.0,0.0,HIGH,1
F_24,2026-09-11T15:51:42.249976,12.9716,77.5946,0.0,0.0,2.2232864841060973,934.0373838142893,0.0,0.0,HIGH,1
F_24,2026-09-11T15:51:47.249976,12.9716,77.5946,0.0,0.0,4.147354681393059,934.0373838142893,0.0,0.0,HIGH,1
F_24,2026-09-11T15:51:52.249976,12.9716,77.5946,0.0,0.0,9.21893255987735,934.0373838142893,0.0,0.0,HIGH,1
F_24,2026-09-11T15:51:57.249976,12.9716,77.5946,0.0,0.0,7.111484153550965,934.0373838142893,0.0,0.0,HIGH,1
F_24,2026-09-11T15:52:02.249976,12.9716,77.5946,0.0,0.0,4.086115127949887,934.0373838142893,0.0,0.0,HIGH,1
F_24,2026-09-11T15:52:07.249976,12.9716,77.5946,0.0,0.0,2.930486171972227,934.0373838142893,0.0,0.0,HIGH,1
F_24,2026-09-11T15:52:12.249976,12.9716,77.5946,0.0,0.0,4.59554588688558,934.0373838142893,0.0,0.0,HIGH,1
F_24,2026-09-11T15:52:17.249976,12.9716,77.5946,0.0,0.0,6.821811527558046,934.0373838142893,0.0,0.0,HIGH,1
F_24,2026-09-11T15:52:22.249976,12.9716,77.5946,0.0,0.0,2.8221033857259243,934.0373838142893,0.0,0.0,HIGH,1
F_24,2026-09-11T15:52:27.249976,12.9716,77.5946,0.0,0.0,3.9261265992514245,934.0373838142893,0.0,0.0,HIGH,1
F_24,2026-09-11T15:52:32.249976,12.9716,77.5946,0.0,0.0,6.0924892974715545,934.0373838142893,0.0,0.0,HIGH,1
F_24,2026-09-11T15:52:37.249976,12.9716,77.5946,0.0,0.0,6.952021421406015,934.0373838142893,0.0,0.0,HIGH,1
F_24,2026-09-11T15:52:42.249976,12.9716,77.5946,0.0,0.0,2.3462652542167035,934.0373838142893,0.0,0.0,HIGH,1
F_25,2026-09-11T15:51:07.249976,12.9716,77.5946,0.0,0.0,8.390800593744178,934.0373838142893,0.0,0.0,HIGH,1
F_25,2026-09-11T15:51:12.249976,12.9716,77.5946,0.0,0.0,6.96216594085555,934.0373838142893,0.0,0.0,HIGH,1
F_25,2026-09-11T15:51:17.249976,12.9716,77.5946,0.0,0.0,3.6819663342524125,934.0373838142893,0.0,0.0,HIGH,1
F_25,2026-09-11T15:51:22.249976,12.9716,77.5946,0.0,0.0,7.888614538273617,934.0373838142893,0.0,0.0,HIGH,1
F_25,2026-09-11T15:51:27.249976,12.9716,77.5946,0.0,0.0,4.036627500367874,934.0373838142893,0.0,0.0,HIGH,1
F_25,2026-09-11T15:51:32.249976,12.9716,77.5946,0.0,0.0,5.150775985203919,934.0373838142893,0.0,0.0,HIGH,1
F_25,2026-09-11T15:51:37.249976,12.9716,77.5946,0.0,0.0,2.2992585338298532,934.0373838142893,0.0,0.0,HIGH,1
F_25,2026-09-11T15:51:42.249976,12.9716,77.5946,0.0,0.0,5.819150662935763,934.0373838142893,0.0,0.0,HIGH,1
F_25,2026-09-11T15:51:47.249976,12.9716,77.5946,0.0,0.0,9.710478437388804,934.0373838142893,0.0,0.0,HIGH,1
F_25,2026-09-11T15:51:52.249976,12.9716,77.5946,0.0,0.0,2.135408516646031,934.0373838142893,0.0,0.0,HIGH,1
F_25,2026-09-11T15:51:57.249976,12.9716,77.5946,0.0,0.0,8.342975869390955,934.0373838142893,0.0,0.0,HIGH,1
F_25,2026-09-11T15:52:02.249976,12.9716,77.5946,0.0,0.0,6.218342526243257,934.0373838142893,0.0,0.0,HIGH,1
F_25,2026-09-11T15:52:07.249976,12.9716,77.5946,0.0,0.0,2.6713194885451017,934.0373838142893,0.0,0.0,HIGH,1
F_25,2026-09-11T15:52:12.249976,12.9716,77.5946,0.0,0.0,4.482364802187874,934.0373838142893,0.0,0.0,HIGH,1
F_25,2026-09-11T15:52:17.249976,12.9716,77.5946,0.0,0.0,7.254342868988423,934.0373838142893,0.0,0.0,HIGH,1
F_25,2026-09-11T15:52:22.249976,12.9716,77.5946,0.0,0.0,3.5233583528556993,934.0373838142893,0.0,0.0,HIGH,1
F_25,2026-09-11T15:52:27.249976,12.9716,77.5946,0.0,0.0,9.747260386942878,934.0373838142893,0.0,0.0,HIGH,1
F_25,2026-09-11T15:52:32.249976,12.9716,77.5946,0.0,0.0,6.310158046850774,934.0373838142893,0.0,0.0,HIGH,1
F_25,2026-09-11T15:52:37.249976,12.9716,77.5946,0.0,0.0,4.316514246382131,934.0373838142893,0.0,0.0,HIGH,1
F_25,2026-09-11T15:52:42.249976,12.9716,77.5946,0.0,0.0,2.8833617069687945,934.0373838142893,0.0,0.0,HIGH,1
F_26,2026-09-11T15:51:07.249976,12.9716,77.5946,0.0,0.0,6.5029324549447765,934.0373838142893,0.0,0.0,HIGH,1
F_26,2026-09-11T15:51:12.249976,12.9716,77.5946,0.0,0.0,8.647856565394587,934.0373838142893,0.0,0.0,HIGH,1
F_26,2026-09-11T15:51:17.249976,12.9716,77.5946,0.0,0.0,9.686377267966947,934.0373838142893,0.0,0.0,HIGH,1
F_26,2026-09-11T15:51:22.249976,12.9716,77.5946,0.0,0.0,6.1790052765432595,934.0373838142893,0.0,0.0,HIGH,1
F_26,2026-09-11T15:51:27.249976,12.9716,77.5946,0.0,0.0,2.205945163913044,934.0373838142893,0.0,0.0,HIGH,1
F_26,2026-09-11T15:51:32.249976,12.9716,77.5946,0.0,0.0,4.92138586614613,934.0373838142893,0.0,0.0,HIGH,1
F_26,2026-09-11T15:51:37.249976,12.9716,77.5946,0.0,0.0,4.240380612721605,934.0373838142893,0.0,0.0,HIGH,1
F_26,2026-09-11T15:51:42.249976,12.9716,77.5946,0.0,0.0,4.504082292804225,934.0373838142893,0.0,0.0,HIGH,1
F_26,2026-09-11T15:51:47.249976,12.9716,77.5946,0.0,0.0,7.453484173426072,934.0373838142893,0.0,0.0,HIGH,1
F_26,2026-09-11T15:51:52.249976,12.9716,77.5946,0.0,0.0,7.00887934728831,934.0373838142893,0.0,0.0,HIGH,1
F_26,2026-09-11T15:51:57.249976,12.9716,77.5946,0.0,0.0,2.825046389163231,934.0373838142893,0.0,0.0,HIGH,1
F_26,2026-09-11T15:52:02.249976,12.9716,77.5946,0.0,0.0,9.823618029988477,934.0373838142893,0.0,0.0,HIGH,1
F_26,2026-09-11T15:52:07.249976,12.9716,77.5946,0.0,0.0,3.119333550923484,934.0373838142893,0.0,0.0,HIGH,1
F_26,2026-09-11T15:52:12.249976,12.9716,77.5946,0.0,0.0,4.206358415735982,934.0373838142893,0.0,0.0,HIGH,1
F_26,2026-09-11T15:52:17.249976,12.9716,77.5946,0.0,0.0,9.822044502098409,934.0373838142893,0.0,0.0,HIGH,1
F_26,2026-09-11T15:52:22.249976,12.9716,77.5946,0.0,0.0,2.507961449829792,934.0373838142893,0.0,0.0,HIGH,1
F_26,2026-09-11T15:52:27.249976,12.9716,77.5946,0.0,0.0,6.014146262065299,934.0373838142893,0.0,0.0,HIGH,1
F_26,2026-09-11T15:52:32.249976,12.9716,77.5946,0.0,0.0,5.2150489637710375,934.0373838142893,0.0,0.0,HIGH,1
F_26,2026-09-11T15:52:37.249976,12.9716,77.5946,0.0,0.0,5.99743340412751,934.0373838142893,0.0,0.0,HIGH,1
F_26,2026-09-11T15:52:42.249976,12.9716,77.5946,0.0,0.0,5.106324246504665,934.0373838142893,0.0,0.0,HIGH,1
F_27,2026-09-11T15:51:07.249976,12.9716,77.5946,0.0,0.0,9.376975396167987,934.0373838142893,0.0,0.0,HIGH,1
F_27,2026-09-11T15:51:12.249976,12.9716,77.5946,0.0,0.0,7.435395164470191,934.0373838142893,0.0,0.0,HIGH,1
F_27,2026-09-11T15:51:17.249976,12.9716,77.5946,0.0,0.0,6.098615837511211,934.0373838142893,0.0,0.0,HIGH,1
F_27,2026-09-11T15:51:22.249976,12.9716,77.5946,0.0,0.0,8.82989512262253,934.0373838142893,0.0,0.0,HIGH,1
F_27,2026-09-11T15:51:27.249976,12.9716,77.5946,0.0,0.0,6.294268934833604,934.0373838142893,0.0,0.0,HIGH,1
F_27,2026-09-11T15:51:32.249976,12.9716,77.5946,0.0,0.0,4.662866991573224,934.0373838142893,0.0,0.0,HIGH,1
F_27,2026-09-11T15:51:37.249976,12.9716,77.5946,0.0,0.0,7.094323915974154,934.0373838142893,0.0,0.0,HIGH,1
F_27,2026-09-11T15:51:42.249976,12.9716,77.5946,0.0,0.0,4.869629913861974,934.0373838142893,0.0,0.0,HIGH,1
F_27,2026-09-11T15:51:47.249976,12.9716,77.5946,0.0,0.0,3.610917451429099,934.0373838142893,0.0,0.0,HIGH,1
F_27,2026-09-11T15:51:52.249976,12.9716,77.5946,0.0,0.0,5.4952192401360405,934.0373838142893,0.0,0.0,HIGH,1
F_27,2026-09-11T15:51:57.249976,12.9716,77.5946,0.0,0.0,9.971099233490428,934.0373838142893,0.0,0.0,HIGH,1
F_27,2026-09-11T15:52:02.249976,12.9716,77.5946,0.0,0.0,9.224508989387036,934.0373838142893,0.0,0.0,HIGH,1
F_27,2026-09-11T15:52:07.249976,12.9716,77.5946,0.0,0.0,8.349757363554161,934.0373838142893,0.0,0.0,HIGH,1
F_27,2026-09-11T15:52:12.249976,12.9716,77.5946,0.0,0.0,6.419487091328422,934.0373838142893,0.0,0.0,HIGH,1
F_27,2026-09-11T15:52:17.249976,12.9716,77.5946,0.0,0.0,8.559901224671282,934.0373838142893,0.0,0.0,HIGH,1
F_27,2026-09-11T15:52:22.249976,12.9716,77.5946,0.0,0.0,7.9500244140103415,934.0373838142893,0.0,0.0,HIGH,1
F_27,2026-09-11T15:52:27.249976,12.9716,77.5946,0.0,0.0,6.291376917294612,934.0373838142893,0.0,0.0,HIGH,1
F_27,2026-09-11T15:52:32.249976,12.9716,77.5946,0.0,0.0,9.909404796474803,934.0373838142893,0.0,0.0,HIGH,1
F_27,2026-09-11T15:52:37.249976,12.9716,77.5946,0.0,0.0,6.835915475595146,934.0373838142893,0.0,0.0,HIGH,1
F_27,2026-09-11T15:52:42.249976,12.9716,77.5946,0.0,0.0,3.742574640011444,934.0373838142893,0.0,0.0,HIGH,1
F_28,2026-09-11T15:51:07.249976,12.9716,77.5946,0.0,0.0,8.4927184493975,934.0373838142893,0.0,0.0,HIGH,1
F_28,2026-09-11T15:51:12.249976,12.9716,77.5946,0.0,0.0,3.5720173024856097,934.0373838142893,0.0,0.0,HIGH,1
F_28,2026-09-11T15:51:17.249976,12.9716,77.5946,0.0,0.0,2.267806664595697,934.0373838142893,0.0,0.0,HIGH,1
F_28,2026-09-11T15:51:22.249976,12.9716,77.5946,0.0,0.0,8.022863748544614,934.0373838142893,0.0,0.0,HIGH,1
F_28,2026-09-11T15:51:27.249976,12.9716,77.5946,0.0,0.0,5.35805169455279,934.0373838142893,0.0,0.0,HIGH,1
F_28,2026-09-11T15:51:32.249976,12.9716,77.5946,0.0,0.0,3.793129357054357,934.0373838142893,0.0,0.0,HIGH,1
F_28,2026-09-11T15:51:37.249976,12.9716,77.5946,0.0,0.0,6.524789508677736,934.0373838142893,0.0,0.0,HIGH,1
F_28,2026-09-11T15:51:42.249976,12.9716,77.5946,0.0,0.0,8.949978273201404,934.0373838142893,0.0,0.0,HIGH,1
F_28,2026-09-11T15:51:47.249976,12.9716,77.5946,0.0,0.0,3.817090214866936,934.0373838142893,0.0,0.0,HIGH,1
F_28,2026-09-11T15:51:52.249976,12.9716,77.5946,0.0,0.0,8.868229282694944,934.0373838142893,0.0,0.0,HIGH,1
F_28,2026-09-11T15:51:57.249976,12.9716,77.5946,0.0,0.0,8.122526536939164,934.0373838142893,0.0,0.0,HIGH,1
F_28,2026-09-11T15:52:02.249976,12.9716,77.5946,0.0,0.0,9.55117782458092,934.0373838142893,0.0,0.0,HIGH,1
F_28,2026-09-11T15:52:07.249976,12.9716,77.5946,0.0,0.0,5.127286796893918,934.0373838142893,0.0,0.0,HIGH,1
F_28,2026-09-11T15:52:12.249976,12.9716,77.5946,0.0,0.0,8.250495579764518,934.0373838142893,0.0,0.0,HIGH,1
F_28,2026-09-11T15:52:17.249976,12.9716,77.5946,0.0,0.0,9.288356601758586,934.0373838142893,0.0,0.0,HIGH,1
F_28,2026-09-11T15:52:22.249976,12.9716,77.5946,0.0,0.0,7.9348372688761595,934.0373838142893,0.0,0.0,HIGH,1
F_28,2026-09-11T15:52:27.249976,12.9716,77.5946,0.0,0.0,3.610297835385511,934.0373838142893,0.0,0.0,HIGH,1
F_28,2026-09-11T15:52:32.249976,12.9716,77.5946,0.0,0.0,5.763274749509863,934.0373838142893,0.0,0.0,HIGH,1
F_28,2026-09-11T15:52:37.249976,12.9716,77.5946,0.0,0.0,5.997886100125759,934.0373838142893,0.0,0.0,HIGH,1
F_28,2026-09-11T15:52:42.249976,12.9716,77.5946,0.0,0.0,3.603463870224086,934.0373838142893,0.0,0.0,HIGH,1
F_29,2026-09-11T15:51:07.255031,12.9716,77.5946,0.0,0.0,2.687740053651085,934.0373838142893,0.0,0.0,HIGH,1
F_29,2026-09-11T15:51:12.255031,12.9716,77.5946,0.0,0.0,7.846552439437869,934.0373838142893,0.0,0.0,HIGH,1
F_29,2026-09-11T15:51:17.255031,12.9716,77.5946,0.0,0.0,7.538701761223108,934.0373838142893,0.0,0.0,HIGH,1
F_29,2026-09-11T15:51:22.255031,12.9716,77.5946,0.0,0.0,4.692007368324891,934.0373838142893,0.0,0.0,HIGH,1
F_29,2026-09-11T15:51:27.255031,12.9716,77.5946,0.0,0.0,5.943734831966406,934.0373838142893,0.0,0.0,HIGH,1
F_29,2026-09-11T15:51:32.255031,12.9716,77.5946,0.0,0.0,7.176821143156549,934.0373838142893,0.0,0.0,HIGH,1
F_29,2026-09-11T15:51:37.255031,12.9716,77.5946,0.0,0.0,3.000324583327038,934.0373838142893,0.0,0.0,HIGH,1
F_29,2026-09-11T15:51:42.255031,12.9716,77.5946,0.0,0.0,2.7653260670682664,934.0373838142893,0.0,0.0,HIGH,1
F_29,2026-09-11T15:51:47.255031,12.9716,77.5946,0.0,0.0,3.1232746520317294,934.0373838142893,0.0,0.0,HIGH,1
F_29,2026-09-11T15:51:52.255031,12.9716,77.5946,0.0,0.0,5.625443019450427,934.0373838142893,0.0,0.0,HIGH,1
F_29,2026-09-11T15:51:57.255031,12.9716,77.5946,0.0,0.0,8.20020208205645,934.0373838142893,0.0,0.0,HIGH,1
F_29,2026-09-11T15:52:02.255031,12.9716,77.5946,0.0,0.0,4.961647816505097,934.0373838142893,0.0,0.0,HIGH,1
F_29,2026-09-11T15:52:07.255031,12.9716,77.5946,0.0,0.0,7.9270337082431865,934.0373838142893,0.0,0.0,HIGH,1
F_29,2026-09-11T15:52:12.255031,12.9716,77.5946,0.0,0.0,7.23688429227139,934.0373838142893,0.0,0.0,HIGH,1
F_29,2026-09-11T15:52:17.255031,12.9716,77.5946,0.0,0.0,8.660312926103906,934.0373838142893,0.0,0.0,HIGH,1
F_29,2026-09-11T15:52:22.255031,12.9716,77.5946,0.0,0.0,5.127001744873272,934.0373838142893,0.0,0.0,HIGH,1
F_29,2026-09-11T15:52:27.255031,12.9716,77.5946,0.0,0.0,2.7923910351208336,934.0373838142893,0.0,0.0,HIGH,1
F_29,2026-09-11T15:52:32.255031,12.9716,77.5946,0.0,0.0,3.2068531123586412,934.0373838142893,0.0,0.0,HIGH,1
F_29,2026-09-11T15:52:37.255031,12.9716,77.5946,0.0,0.0,2.691734104684099,934.0373838142893,0.0,0.0,HIGH,1
F_29,2026-09-11T15:52:42.255031,12.9716,77.5946,0.0,0.0,9.90423543321179,934.0373838142893,0.0,0.0,HIGH,1
F_30,2026-09-11T15:51:07.256127,12.9716,77.5946,0.0,0.0,9.085379704755246,934.0373838142893,0.0,0.0,HIGH,1
F_30,2026-09-11T15:51:12.256127,12.9716,77.5946,0.0,0.0,2.404115875713443,934.0373838142893,0.0,0.0,HIGH,1
F_30,2026-09-11T15:51:17.256127,12.9716,77.5946,0.0,0.0,2.1617853500426643,934.0373838142893,0.0,0.0,HIGH,1
F_30,2026-09-11T15:51:22.256127,12.9716,77.5946,0.0,0.0,6.46404760841598,934.0373838142893,0.0,0.0,HIGH,1
F_30,2026-09-11T15:51:27.256127,12.9716,77.5946,0.0,0.0,5.831089319589234,934.0373838142893,0.0,0.0,HIGH,1
F_30,2026-09-11T15:51:32.256127,12.9716,77.5946,0.0,0.0,3.9509842817782204,934.0373838142893,0.0,0.0,HIGH,1
F_30,2026-09-11T15:51:37.256127,12.9716,77.5946,0.0,0.0,2.400036234793383,934.0373838142893,0.0,0.0,HIGH,1
F_30,2026-09-11T15:51:42.256127,12.9716,77.5946,0.0,0.0,3.642043570150596,934.0373838142893,0.0,0.0,HIGH,1
F_30,2026-09-11T15:51:47.256127,12.9716,77.5946,0.0,0.0,2.8408600851230243,934.0373838142893,0.0,0.0,HIGH,1
F_30,2026-09-11T15:51:52.256127,12.9716,77.5946,0.0,0.0,9.541923381892994,934.0373838142893,0.0,0.0,HIGH,1
F_30,2026-09-11T15:51:57.256127,12.9716,77.5946,0.0,0.0,4.409568254941313,934.0373838142893,0.0,0.0,HIGH,1
F_30,2026-09-11T15:52:02.256127,12.9716,77.5946,0.0,0.0,9.223472718427622,934.0373838142893,0.0,0.0,HIGH,1
F_30,2026-09-11T15:52:07.256127,12.9716,77.5946,0.0,0.0,5.002829640279651,934.0373838142893,0.0,0.0,HIGH,1
F_30,2026-09-11T15:52:12.256127,12.9716,77.5946,0.0,0.0,2.5574301535457913,934.0373838142893,0.0,0.0,HIGH,1
F_30,2026-09-11T15:52:17.256127,12.9716,77.5946,0.0,0.0,9.95290475956701,934.0373838142893,0.0,0.0,HIGH,1
F_30,2026-09-11T15:52:22.256127,12.9716,77.5946,0.0,0.0,6.303429322898506,934.0373838142893,0.0,0.0,HIGH,1
F_30,2026-09-11T15:52:27.256127,12.9716,77.5946,0.0,0.0,6.875139041557944,934.0373838142893,0.0,0.0,HIGH,1
F_30,2026-09-11T15:52:32.256127,12.9716,77.5946,0.0,0.0,4.248367683571327,934.0373838142893,0.0,0.0,HIGH,1
F_30,2026-09-11T15:52:37.256127,12.9716,77.5946,0.0,0.0,7.206322514744772,934.0373838142893,0.0,0.0,HIGH,1
F_30,2026-09-11T15:52:42.256127,12.9716,77.5946,0.0,0.0,7.776224066149019,934.0373838142893,0.0,0.0,HIGH,1
F_31,2026-09-11T15:51:07.256895,12.9716,77.5946,0.0,0.0,6.696313906910081,934.0373838142893,0.0,0.0,HIGH,1
F_31,2026-09-11T15:51:12.256895,12.9716,77.5946,0.0,0.0,5.09731363891415,934.0373838142893,0.0,0.0,HIGH,1
F_31,2026-09-11T15:51:17.256895,12.9716,77.5946,0.0,0.0,8.41658110661724,934.0373838142893,0.0,0.0,HIGH,1
F_31,2026-09-11T15:51:22.256895,12.9716,77.5946,0.0,0.0,8.051995394920237,934.0373838142893,0.0,0.0,HIGH,1
F_31,2026-09-11T15:51:27.256895,12.9716,77.5946,0.0,0.0,7.621713124663588,934.0373838142893,0.0,0.0,HIGH,1
F_31,2026-09-11T15:51:32.256895,12.9716,77.5946,0.0,0.0,2.31334303441042,934.0373838142893,0.0,0.0,HIGH,1
F_31,2026-09-11T15:51:37.256895,12.9716,77.5946,0.0,0.0,4.920619457978956,934.0373838142893,0.0,0.0,HIGH,1
F_31,2026-09-11T15:51:42.256895,12.9716,77.5946,0.0,0.0,9.033354577825634,934.0373838142893,0.0,0.0,HIGH,1
F_31,2026-09-11T15:51:47.256895,12.9716,77.5946,0.0,0.0,9.212473391137841,934.0373838142893,0.0,0.0,HIGH,1
F_31,2026-09-11T15:51:52.256895,12.9716,77.5946,0.0,0.0,2.153394637555521,934.0373838142893,0.0,0.0,HIGH,1
F_31,2026-09-11T15:51:57.256895,12.9716,77.5946,0.0,0.0,2.3532066312539026,934.0373838142893,0.0,0.0,HIGH,1
F_31,2026-09-11T15:52:02.256895,12.9716,77.5946,0.0,0.0,7.729224777893792,934.0373838142893,0.0,0.0,HIGH,1
F_31,2026-09-11T15:52:07.256895,12.9716,77.5946,0.0,0.0,9.340129093147523,934.0373838142893,0.0,0.0,HIGH,1
F_31,2026-09-11T15:52:12.256895,12.9716,77.5946,0.0,0.0,3.0175484765672334,934.0373838142893,0.0,0.0,HIGH,1
F_31,2026-09-11T15:52:17.256895,12.9716,77.5946,0.0,0.0,6.141111380368454,934.0373838142893,0.0,0.0,HIGH,1
F_31,2026-09-11T15:52:22.256895,12.9716,77.5946,0.0,0.0,7.940693898745366,934.0373838142893,0.0,0.0,HIGH,1
F_31,2026-09-11T15:52:27.256895,12.9716,77.5946,0.0,0.0,8.182623024594523,934.0373838142893,0.0,0.0,HIGH,1
F_31,2026-09-11T15:52:32.256895,12.9716,77.5946,0.0,0.0,2.8853254499087395,934.0373838142893,0.0,0.0,HIGH,1
F_31,2026-09-11T15:52:37.256895,12.9716,77.5946,0.0,0.0,9.735721484753062,934.0373838142893,0.0,0.0,HIGH,1
F_31,2026-09-11T15:52:42.256895,12.9716,77.5946,0.0,0.0,3.7933814613637757,934.0373838142893,0.0,0.0,HIGH,1
F_32,2026-09-11T15:51:07.258327,12.9716,77.5946,0.0,0.0,8.107211281338577,934.0373838142893,0.0,0.0,HIGH,1
F_32,2026-09-11T15:51:12.258327,12.9716,77.5946,0.0,0.0,8.382166741089463,934.0373838142893,0.0,0.0,HIGH,1
F_32,2026-09-11T15:51:17.258327,12.9716,77.5946,0.0,0.0,7.57235526067442,934.0373838142893,0.0,0.0,HIGH,1
F_32,2026-09-11T15:51:22.258327,12.9716,77.5946,0.0,0.0,6.286864677258517,934.0373838142893,0.0,0.0,HIGH,1
F_32,2026-09-11T15:51:27.258327,12.9716,77.5946,0.0,0.0,4.981513581356339,934.0373838142893,0.0,0.0,HIGH,1
F_32,2026-09-11T15:51:32.258327,12.9716,77.5946,0.0,0.0,4.152769488883957,934.0373838142893,0.0,0.0,HIGH,1
F_32,2026-09-11T15:51:37.258327,12.9716,77.5946,0.0,0.0,7.678443513757331,934.0373838142893,0.0,0.0,HIGH,1
F_32,2026-09-11T15:51:42.258327,12.9716,77.5946,0.0,0.0,7.360279911169784,934.0373838142893,0.0,0.0,HIGH,1
F_32,2026-09-11T15:51:47.258327,12.9716,77.5946,0.0,0.0,8.716508996241744,934.0373838142893,0.0,0.0,HIGH,1
F_32,2026-09-11T15:51:52.258327,12.9716,77.5946,0.0,0.0,3.7101016256039987,934.0373838142893,0.0,0.0,HIGH,1
F_32,2026-09-11T15:51:57.258327,12.9716,77.5946,0.0,0.0,6.953939832705745,934.0373838142893,0.0,0.0,HIGH,1
F_32,2026-09-11T15:52:02.258327,12.9716,77.5946,0.0,0.0,6.032972531678291,934.0373838142893,0.0,0.0,HIGH,1
F_32,2026-09-11T15:52:07.258327,12.9716,77.5946,0.0,0.0,3.348096625574163,934.0373838142893,0.0,0.0,HIGH,1
F_32,2026-09-11T15:52:12.258327,12.9716,77.5946,0.0,0.0,5.390253962420264,934.0373838142893,0.0,0.0,HIGH,1
F_32,2026-09-11T15:52:17.258327,12.9716,77.5946,0.0,0.0,2.472393496512841,934.0373838142893,0.0,0.0,HIGH,1
F_32,2026-09-11T15:52:22.258327,12.9716,77.5946,0.0,0.0,8.371812275948946,934.0373838142893,0.0,0.0,HIGH,1
F_32,2026-09-11T15:52:27.258327,12.9716,77.5946,0.0,0.0,6.41091268781279,934.0373838142893,0.0,0.0,HIGH,1
F_32,2026-09-11T15:52:32.258327,12.9716,77.5946,0.0,0.0,8.951120553345097,934.0373838142893,0.0,0.0,HIGH,1
F_32,2026-09-11T15:52:37.258327,12.9716,77.5946,0.0,0.0,2.406340264520166,934.0373838142893,0.0,0.0,HIGH,1
F_32,2026-09-11T15:52:42.258327,12.9716,77.5946,0.0,0.0,3.9510447338985637,934.0373838142893,0.0,0.0,HIGH,1
F_33,2026-09-11T15:51:07.258327,12.9716,77.5946,0.0,0.0,6.162707016233513,934.0373838142893,0.0,0.0,HIGH,1
F_33,2026-09-11T15:51:12.258327,12.9716,77.5946,0.0,0.0,7.470760047461338,934.0373838142893,0.0,0.0,HIGH,1
F_33,2026-09-11T15:51:17.258327,12.9716,77.5946,0.0,0.0,2.1980966308445833,934.0373838142893,0.0,0.0,HIGH,1
F_33,2026-09-11T15:51:22.258327,12.9716,77.5946,0.0,0.0,9.936959082522886,934.0373838142893,0.0,0.0,HIGH,1
F_33,2026-09-11T15:51:27.258327,12.9716,77.5946,0.0,0.0,8.216062917250056,934.0373838142893,0.0,0.0,HIGH,1
F_33,2026-09-11T15:51:32.258327,12.9716,77.5946,0.0,0.0,3.0705384382960865,934.0373838142893,0.0,0.0,HIGH,1
F_33,2026-09-11T15:51:37.258327,12.9716,77.5946,0.0,0.0,4.680688334796044,934.0373838142893,0.0,0.0,HIGH,1
F_33,2026-09-11T15:51:42.258327,12.9716,77.5946,0.0,0.0,7.147672437791653,934.0373838142893,0.0,0.0,HIGH,1
F_33,2026-09-11T15:51:47.258327,12.9716,77.5946,0.0,0.0,5.620533473607018,934.0373838142893,0.0,0.0,HIGH,1
F_33,2026-09-11T15:51:52.258327,12.9716,77.5946,0.0,0.0,3.8926492447455034,934.0373838142893,0.0,0.0,HIGH,1
F_33,2026-09-11T15:51:57.258327,12.9716,77.5946,0.0,0.0,2.0440930905401506,934.0373838142893,0.0,0.0,HIGH,1
F_33,2026-09-11T15:52:02.258327,12.9716,77.5946,0.0,0.0,3.5001679809270936,934.0373838142893,0.0,0.0,HIGH,1
F_33,2026-09-11T15:52:07.258327,12.9716,77.5946,0.0,0.0,3.4176558325580224,934.0373838142893,0.0,0.0,HIGH,1
F_33,2026-09-11T15:52:12.258327,12.9716,77.5946,0.0,0.0,7.2672181287045365,934.0373838142893,0.0,0.0,HIGH,1
F_33,2026-09-11T15:52:17.258327,12.9716,77.5946,0.0,0.0,9.663041558003146,934.0373838142893,0.0,0.0,HIGH,1
F_33,2026-09-11T15:52:22.258327,12.9716,77.5946,0.0,0.0,5.813392664735906,934.0373838142893,0.0,0.0,HIGH,1
F_33,2026-09-11T15:52:27.258327,12.9716,77.5946,0.0,0.0,8.36915892817327,934.0373838142893,0.0,0.0,HIGH,1
F_33,2026-09-11T15:52:32.258327,12.9716,77.5946,0.0,0.0,2.6775856593522063,934.0373838142893,0.0,0.0,HIGH,1
F_33,2026-09-11T15:52:37.258327,12.9716,77.5946,0.0,0.0,6.882298853265988,934.0373838142893,0.0,0.0,HIGH,1
F_33,2026-09-11T15:52:42.258327,12.9716,77.5946,0.0,0.0,4.333318964641937,934.0373838142893,0.0,0.0,HIGH,1
F_34,2026-09-11T15:51:07.258327,12.9716,77.5946,0.0,0.0,9.074788658059656,934.0373838142893,0.0,0.0,HIGH,1
F_34,2026-09-11T15:51:12.258327,12.9716,77.5946,0.0,0.0,6.646284778895939,934.0373838142893,0.0,0.0,HIGH,1
F_34,2026-09-11T15:51:17.258327,12.9716,77.5946,0.0,0.0,2.5669403088370446,934.0373838142893,0.0,0.0,HIGH,1
F_34,2026-09-11T15:51:22.258327,12.9716,77.5946,0.0,0.0,5.2718678142982585,934.0373838142893,0.0,0.0,HIGH,1
F_34,2026-09-11T15:51:27.258327,12.9716,77.5946,0.0,0.0,9.566562444344944,934.0373838142893,0.0,0.0,HIGH,1
F_34,2026-09-11T15:51:32.258327,12.9716,77.5946,0.0,0.0,6.625949446016673,934.0373838142893,0.0,0.0,HIGH,1
F_34,2026-09-11T15:51:37.258327,12.9716,77.5946,0.0,0.0,5.368152578046267,934.0373838142893,0.0,0.0,HIGH,1
F_34,2026-09-11T15:51:42.258327,12.9716,77.5946,0.0,0.0,9.66976921468628,934.0373838142893,0.0,0.0,HIGH,1
F_34,2026-09-11T15:51:47.258327,12.9716,77.5946,0.0,0.0,2.0249246871716373,934.0373838142893,0.0,0.0,HIGH,1
F_34,2026-09-11T15:51:52.258327,12.9716,77.5946,0.0,0.0,7.186625138386007,934.0373838142893,0.0,0.0,HIGH,1
F_34,2026-09-11T15:51:57.258327,12.9716,77.5946,0.0,0.0,8.527705575328959,934.0373838142893,0.0,0.0,HIGH,1
F_34,2026-09-11T15:52:02.258327,12.9716,77.5946,0.0,0.0,5.933479688141443,934.0373838142893,0.0,0.0,HIGH,1
F_34,2026-09-11T15:52:07.258327,12.9716,77.5946,0.0,0.0,4.3046416095478275,934.0373838142893,0.0,0.0,HIGH,1
F_34,2026-09-11T15:52:12.258327,12.9716,77.5946,0.0,0.0,4.09846328330535,934.0373838142893,0.0,0.0,HIGH,1
F_34,2026-09-11T15:52:17.258327,12.9716,77.5946,0.0,0.0,4.653219313635207,934.0373838142893,0.0,0.0,HIGH,1
F_34,2026-09-11T15:52:22.258327,12.9716,77.5946,0.0,0.0,4.659405696792368,934.0373838142893,0.0,0.0,HIGH,1
F_34,2026-09-11T15:52:27.258327,12.9716,77.5946,0.0,0.0,7.844081724381994,934.0373838142893,0.0,0.0,HIGH,1
F_34,2026-09-11T15:52:32.258327,12.9716,77.5946,0.0,0.0,4.793375738909837,934.0373838142893,0.0,0.0,HIGH,1
F_34,2026-09-11T15:52:37.258327,12.9716,77.5946,0.0,0.0,5.943396171151414,934.0373838142893,0.0,0.0,HIGH,1
F_34,2026-09-11T15:52:42.258327,12.9716,77.5946,0.0,0.0,6.887272803169676,934.0373838142893,0.0,0.0,HIGH,1
F_35,2026-09-11T15:51:07.258327,12.9716,77.5946,0.0,0.0,3.2763394343970944,934.0373838142893,0.0,0.0,HIGH,1
F_35,2026-09-11T15:51:12.258327,12.9716,77.5946,0.0,0.0,6.800732857739241,934.0373838142893,0.0,0.0,HIGH,1
F_35,2026-09-11T15:51:17.258327,12.9716,77.5946,0.0,0.0,4.670933303014648,934.0373838142893,0.0,0.0,HIGH,1
F_35,2026-09-11T15:51:22.258327,12.9716,77.5946,0.0,0.0,6.171500050862236,934.0373838142893,0.0,0.0,HIGH,1
F_35,2026-09-11T15:51:27.258327,12.9716,77.5946,0.0,0.0,5.5697438235310415,934.0373838142893,0.0,0.0,HIGH,1
F_35,2026-09-11T15:51:32.258327,12.9716,77.5946,0.0,0.0,4.907216084288783,934.0373838142893,0.0,0.0,HIGH,1
F_35,2026-09-11T15:51:37.258327,12.9716,77.5946,0.0,0.0,4.198586054854159,934.0373838142893,0.0,0.0,HIGH,1
F_35,2026-09-11T15:51:42.258327,12.9716,77.5946,0.0,0.0,5.9447776704848305,934.0373838142893,0.0,0.0,HIGH,1
F_35,2026-09-11T15:51:47.258327,12.9716,77.5946,0.0,0.0,5.720384107990117,934.0373838142893,0.0,0.0,HIGH,1
F_35,2026-09-11T15:51:52.258327,12.9716,77.5946,0.0,0.0,4.478101532039783,934.0373838142893,0.0,0.0,HIGH,1
F_35,2026-09-11T15:51:57.258327,12.9716,77.5946,0.0,0.0,2.411204713814885,934.0373838142893,0.0,0.0,HIGH,1
F_35,2026-09-11T15:52:02.258327,12.9716,77.5946,0.0,0.0,8.124835175369057,934.0373838142893,0.0,0.0,HIGH,1
F_35,2026-09-11T15:52:07.258327,12.9716,77.5946,0.0,0.0,7.417709542063637,934.0373838142893,0.0,0.0,HIGH,1
F_35,2026-09-11T15:52:12.258327,12.9716,77.5946,0.0,0.0,8.998095572956217,934.0373838142893,0.0,0.0,HIGH,1
F_35,2026-09-11T15:52:17.258327,12.9716,77.5946,0.0,0.0,6.001897028668302,934.0373838142893,0.0,0.0,HIGH,1
F_35,2026-09-11T15:52:22.258327,12.9716,77.5946,0.0,0.0,8.498444879014762,934.0373838142893,0.0,0.0,HIGH,1
F_35,2026-09-11T15:52:27.258327,12.9716,77.5946,0.0,0.0,4.732520281686054,934.0373838142893,0.0,0.0,HIGH,1
F_35,2026-09-11T15:52:32.258327,12.9716,77.5946,0.0,0.0,2.3217368088590655,934.0373838142893,0.0,0.0,HIGH,1
F_35,2026-09-11T15:52:37.258327,12.9716,77.5946,0.0,0.0,2.0151186743514264,934.0373838142893,0.0,0.0,HIGH,1
F_35,2026-09-11T15:52:42.258327,12.9716,77.5946,0.0,0.0,2.184123475833095,934.0373838142893,0.0,0.0,HIGH,1
F_36,2026-09-11T15:51:07.260336,12.9716,77.5946,0.0,0.0,2.1426707422164357,934.0373838142893,0.0,0.0,HIGH,1
F_36,2026-09-11T15:51:12.260336,12.9716,77.5946,0.0,0.0,3.8291551481948085,934.0373838142893,0.0,0.0,HIGH,1
F_36,2026-09-11T15:51:17.260336,12.9716,77.5946,0.0,0.0,2.6385015745516025,934.0373838142893,0.0,0.0,HIGH,1
F_36,2026-09-11T15:51:22.260336,12.9716,77.5946,0.0,0.0,3.505078292246595,934.0373838142893,0.0,0.0,HIGH,1
F_36,2026-09-11T15:51:27.260336,12.9716,77.5946,0.0,0.0,9.22913398557251,934.0373838142893,0.0,0.0,HIGH,1
F_36,2026-09-11T15:51:32.260336,12.9716,77.5946,0.0,0.0,5.641845982854991,934.0373838142893,0.0,0.0,HIGH,1
F_36,2026-09-11T15:51:37.260336,12.9716,77.5946,0.0,0.0,8.254592284742893,934.0373838142893,0.0,0.0,HIGH,1
F_36,2026-09-11T15:51:42.260336,12.9716,77.5946,0.0,0.0,3.612101043878452,934.0373838142893,0.0,0.0,HIGH,1
F_36,2026-09-11T15:51:47.260336,12.9716,77.5946,0.0,0.0,2.928214595124988,934.0373838142893,0.0,0.0,HIGH,1
F_36,2026-09-11T15:51:52.260336,12.9716,77.5946,0.0,0.0,9.35371494722512,934.0373838142893,0.0,0.0,HIGH,1
F_36,2026-09-11T15:51:57.260336,12.9716,77.5946,0.0,0.0,2.440010452819333,934.0373838142893,0.0,0.0,HIGH,1
F_36,2026-09-11T15:52:02.260336,12.9716,77.5946,0.0,0.0,5.511946435197643,934.0373838142893,0.0,0.0,HIGH,1
F_36,2026-09-11T15:52:07.260336,12.9716,77.5946,0.0,0.0,4.529770708419001,934.0373838142893,0.0,0.0,HIGH,1
F_36,2026-09-11T15:52:12.260336,12.9716,77.5946,0.0,0.0,6.368542977973138,934.0373838142893,0.0,0.0,HIGH,1
F_36,2026-09-11T15:52:17.260336,12.9716,77.5946,0.0,0.0,6.5489044074838985,934.0373838142893,0.0,0.0,HIGH,1
F_36,2026-09-11T15:52:22.260336,12.9716,77.5946,0.0,0.0,5.001712495447487,934.0373838142893,0.0,0.0,HIGH,1
F_36,2026-09-11T15:52:27.260336,12.9716,77.5946,0.0,0.0,7.9584751275209085,934.0373838142893,0.0,0.0,HIGH,1
F_36,2026-09-11T15:52:32.260336,12.9716,77.5946,0.0,0.0,7.4632146450407895,934.0373838142893,0.0,0.0,HIGH,1
F_36,2026-09-11T15:52:37.260336,12.9716,77.5946,0.0,0.0,5.942668859376752,934.0373838142893,0.0,0.0,HIGH,1
F_36,2026-09-11T15:52:42.260336,12.9716,77.5946,0.0,0.0,7.642220048707907,934.0373838142893,0.0,0.0,HIGH,1
F_37,2026-09-11T15:51:07.260336,12.9716,77.5946,0.0,0.0,7.961918630338235,934.0373838142893,0.0,0.0,HIGH,1
F_37,2026-09-11T15:51:12.260336,12.9716,77.5946,0.0,0.0,6.642325080838714,934.0373838142893,0.0,0.0,HIGH,1
F_37,2026-09-11T15:51:17.260336,12.9716,77.5946,0.0,0.0,4.729127703507661,934.0373838142893,0.0,0.0,HIGH,1
F_37,2026-09-11T15:51:22.260336,12.9716,77.5946,0.0,0.0,4.221235322344277,934.0373838142893,0.0,0.0,HIGH,1
F_37,2026-09-11T15:51:27.260336,12.9716,77.5946,0.0,0.0,4.863998850647442,934.0373838142893,0.0,0.0,HIGH,1
F_37,2026-09-11T15:51:32.260336,12.9716,77.5946,0.0,0.0,7.254289001310123,934.0373838142893,0.0,0.0,HIGH,1
F_37,2026-09-11T15:51:37.260336,12.9716,77.5946,0.0,0.0,5.3431399532603425,934.0373838142893,0.0,0.0,HIGH,1
F_37,2026-09-11T15:51:42.260336,12.9716,77.5946,0.0,0.0,2.1343874047007843,934.0373838142893,0.0,0.0,HIGH,1
F_37,2026-09-11T15:51:47.260336,12.9716,77.5946,0.0,0.0,6.4905704484427575,934.0373838142893,0.0,0.0,HIGH,1
F_37,2026-09-11T15:51:52.260336,12.9716,77.5946,0.0,0.0,7.008684239015194,934.0373838142893,0.0,0.0,HIGH,1
F_37,2026-09-11T15:51:57.260336,12.9716,77.5946,0.0,0.0,3.9844988268628567,934.0373838142893,0.0,0.0,HIGH,1
F_37,2026-09-11T15:52:02.260336,12.9716,77.5946,0.0,0.0,5.612250327121716,934.0373838142893,0.0,0.0,HIGH,1
F_37,2026-09-11T15:52:07.260336,12.9716,77.5946,0.0,0.0,5.552031999268589,934.0373838142893,0.0,0.0,HIGH,1
F_37,2026-09-11T15:52:12.260336,12.9716,77.5946,0.0,0.0,8.92063049310755,934.0373838142893,0.0,0.0,HIGH,1
F_37,2026-09-11T15:52:17.260336,12.9716,77.5946,0.0,0.0,9.458154685186026,934.0373838142893,0.0,0.0,HIGH,1
F_37,2026-09-11T15:52:22.260336,12.9716,77.5946,0.0,0.0,8.206887792935458,934.0373838142893,0.0,0.0,HIGH,1
F_37,2026-09-11T15:52:27.260336,12.9716,77.5946,0.0,0.0,5.102840290285389,934.0373838142893,0.0,0.0,HIGH,1
F_37,2026-09-11T15:52:32.260336,12.9716,77.5946,0.0,0.0,6.948004961811302,934.0373838142893,0.0,0.0,HIGH,1
F_37,2026-09-11T15:52:37.260336,12.9716,77.5946,0.0,0.0,3.732882231861627,934.0373838142893,0.0,0.0,HIGH,1
F_37,2026-09-11T15:52:42.260336,12.9716,77.5946,0.0,0.0,8.794497549220285,934.0373838142893,0.0,0.0,HIGH,1
F_38,2026-09-11T15:51:07.260336,12.9716,77.5946,0.0,0.0,2.8294232970654267,934.0373838142893,0.0,0.0,HIGH,1
F_38,2026-09-11T15:51:12.260336,12.9716,77.5946,0.0,0.0,9.286143948562636,934.0373838142893,0.0,0.0,HIGH,1
F_38,2026-09-11T15:51:17.260336,12.9716,77.5946,0.0,0.0,9.451021631508812,934.0373838142893,0.0,0.0,HIGH,1
F_38,2026-09-11T15:51:22.260336,12.9716,77.5946,0.0,0.0,2.7775819122022947,934.0373838142893,0.0,0.0,HIGH,1
F_38,2026-09-11T15:51:27.260336,12.9716,77.5946,0.0,0.0,5.341171892947951,934.0373838142893,0.0,0.0,HIGH,1
F_38,2026-09-11T15:51:32.260336,12.9716,77.5946,0.0,0.0,8.86644982383644,934.0373838142893,0.0,0.0,HIGH,1
F_38,2026-09-11T15:51:37.260336,12.9716,77.5946,0.0,0.0,7.779977590680074,934.0373838142893,0.0,0.0,HIGH,1
F_38,2026-09-11T15:51:42.260336,12.9716,77.5946,0.0,0.0,3.4796705126804355,934.0373838142893,0.0,0.0,HIGH,1
F_38,2026-09-11T15:51:47.260336,12.9716,77.5946,0.0,0.0,3.205833922317262,934.0373838142893,0.0,0.0,HIGH,1
F_38,2026-09-11T15:51:52.260336,12.9716,77.5946,0.0,0.0,5.039457423530309,934.0373838142893,0.0,0.0,HIGH,1
F_38,2026-09-11T15:51:57.260336,12.9716,77.5946,0.0,0.0,3.8020489128951613,934.0373838142893,0.0,0.0,HIGH,1
F_38,2026-09-11T15:52:02.260336,12.9716,77.5946,0.0,0.0,9.081212476025758,934.0373838142893,0.0,0.0,HIGH,1
F_38,2026-09-11T15:52:07.260336,12.9716,77.5946,0.0,0.0,3.5895354590740025,934.0373838142893,0.0,0.0,HIGH,1
F_38,2026-09-11T15:52:12.260336,12.9716,77.5946,0.0,0.0,8.649547916744794,934.0373838142893,0.0,0.0,HIGH,1
F_38,2026-09-11T15:52:17.260336,12.9716,77.5946,0.0,0.0,3.287160904530608,934.0373838142893,0.0,0.0,HIGH,1
F_38,2026-09-11T15:52:22.260336,12.9716,77.5946,0.0,0.0,9.168476122980485,934.0373838142893,0.0,0.0,HIGH,1
F_38,2026-09-11T15:52:27.260336,12.9716,77.5946,0.0,0.0,4.272082002562492,934.0373838142893,0.0,0.0,HIGH,1
F_38,2026-09-11T15:52:32.260336,12.9716,77.5946,0.0,0.0,7.260244428000659,934.0373838142893,0.0,0.0,HIGH,1
F_38,2026-09-11T15:52:37.260336,12.9716,77.5946,0.0,0.0,4.935941575804405,934.0373838142893,0.0,0.0,HIGH,1
F_38,2026-09-11T15:52:42.260336,12.9716,77.5946,0.0,0.0,2.443744804982545,934.0373838142893,0.0,0.0,HIGH,1
F_39,2026-09-11T15:51:07.261936,12.9716,77.5946,0.0,0.0,6.753761704407829,934.0373838142893,0.0,0.0,HIGH,1
F_39,2026-09-11T15:51:12.261936,12.9716,77.5946,0.0,0.0,9.791019177997672,934.0373838142893,0.0,0.0,HIGH,1
F_39,2026-09-11T15:51:17.261936,12.9716,77.5946,0.0,0.0,6.332069438063787,934.0373838142893,0.0,0.0,HIGH,1
F_39,2026-09-11T15:51:22.261936,12.9716,77.5946,0.0,0.0,3.3390525047463706,934.0373838142893,0.0,0.0,HIGH,1
F_39,2026-09-11T15:51:27.261936,12.9716,77.5946,0.0,0.0,6.001560691365745,934.0373838142893,0.0,0.0,HIGH,1
F_39,2026-09-11T15:51:32.261936,12.9716,77.5946,0.0,0.0,5.669843636483239,934.0373838142893,0.0,0.0,HIGH,1
F_39,2026-09-11T15:51:37.261936,12.9716,77.5946,0.0,0.0,7.001074396181959,934.0373838142893,0.0,0.0,HIGH,1
F_39,2026-09-11T15:51:42.261936,12.9716,77.5946,0.0,0.0,4.809490552926515,934.0373838142893,0.0,0.0,HIGH,1
F_39,2026-09-11T15:51:47.261936,12.9716,77.5946,0.0,0.0,3.2210406555266893,934.0373838142893,0.0,0.0,HIGH,1
F_39,2026-09-11T15:51:52.261936,12.9716,77.5946,0.0,0.0,2.5796293930143284,934.0373838142893,0.0,0.0,HIGH,1
F_39,2026-09-11T15:51:57.261936,12.9716,77.5946,0.0,0.0,4.41021493234515,934.0373838142893,0.0,0.0,HIGH,1
F_39,2026-09-11T15:52:02.261936,12.9716,77.5946,0.0,0.0,5.564009795618787,934.0373838142893,0.0,0.0,HIGH,1
F_39,2026-09-11T15:52:07.261936,12.9716,77.5946,0.0,0.0,5.6589854886116004,934.0373838142893,0.0,0.0,HIGH,1
F_39,2026-09-11T15:52:12.261936,12.9716,77.5946,0.0,0.0,8.786761332010268,934.0373838142893,0.0,0.0,HIGH,1
F_39,2026-09-11T15:52:17.261936,12.9716,77.5946,0.0,0.0,9.151785279892636,934.0373838142893,0.0,0.0,HIGH,1
F_39,2026-09-11T15:52:22.261936,12.9716,77.5946,0.0,0.0,3.7127502546101336,934.0373838142893,0.0,0.0,HIGH,1
F_39,2026-09-11T15:52:27.261936,12.9716,77.5946,0.0,0.0,2.225126432874025,934.0373838142893,0.0,0.0,HIGH,1
F_39,2026-09-11T15:52:32.261936,12.9716,77.5946,0.0,0.0,5.5080773006654775,934.0373838142893,0.0,0.0,HIGH,1
F_39,2026-09-11T15:52:37.261936,12.9716,77.5946,0.0,0.0,6.54805453507229,934.0373838142893,0.0,0.0,HIGH,1
F_39,2026-09-11T15:52:42.261936,12.9716,77.5946,0.0,0.0,3.2802055328709026,934.0373838142893,0.0,0.0,HIGH,1
F_40,2026-09-11T15:51:07.262955,12.9716,77.5946,0.0,0.0,9.635284813463581,934.0373838142893,0.0,0.0,HIGH,1
F_40,2026-09-11T15:51:12.262955,12.9716,77.5946,0.0,0.0,8.200007524846063,934.0373838142893,0.0,0.0,HIGH,1
F_40,2026-09-11T15:51:17.262955,12.9716,77.5946,0.0,0.0,9.13301616537381,934.0373838142893,0.0,0.0,HIGH,1
F_40,2026-09-11T15:51:22.262955,12.9716,77.5946,0.0,0.0,6.202525659125892,934.0373838142893,0.0,0.0,HIGH,1
F_40,2026-09-11T15:51:27.262955,12.9716,77.5946,0.0,0.0,2.722640975174378,934.0373838142893,0.0,0.0,HIGH,1
F_40,2026-09-11T15:51:32.262955,12.9716,77.5946,0.0,0.0,5.753394533500871,934.0373838142893,0.0,0.0,HIGH,1
F_40,2026-09-11T15:51:37.262955,12.9716,77.5946,0.0,0.0,8.131537243650776,934.0373838142893,0.0,0.0,HIGH,1
F_40,2026-09-11T15:51:42.262955,12.9716,77.5946,0.0,0.0,3.045541929167393,934.0373838142893,0.0,0.0,HIGH,1
F_40,2026-09-11T15:51:47.262955,12.9716,77.5946,0.0,0.0,6.3450679530907435,934.0373838142893,0.0,0.0,HIGH,1
F_40,2026-09-11T15:51:52.262955,12.9716,77.5946,0.0,0.0,8.445355716185226,934.0373838142893,0.0,0.0,HIGH,1
F_40,2026-09-11T15:51:57.262955,12.9716,77.5946,0.0,0.0,2.637356287699876,934.0373838142893,0.0,0.0,HIGH,1
F_40,2026-09-11T15:52:02.262955,12.9716,77.5946,0.0,0.0,3.0544151774199575,934.0373838142893,0.0,0.0,HIGH,1
F_40,2026-09-11T15:52:07.262955,12.9716,77.5946,0.0,0.0,4.444892986380163,934.0373838142893,0.0,0.0,HIGH,1
F_40,2026-09-11T15:52:12.262955,12.9716,77.5946,0.0,0.0,7.950177364702176,934.0373838142893,0.0,0.0,HIGH,1
F_40,2026-09-11T15:52:17.262955,12.9716,77.5946,0.0,0.0,4.583936618269308,934.0373838142893,0.0,0.0,HIGH,1
F_40,2026-09-11T15:52:22.262955,12.9716,77.5946,0.0,0.0,8.649947245311692,934.0373838142893,0.0,0.0,HIGH,1
F_40,2026-09-11T15:52:27.262955,12.9716,77.5946,0.0,0.0,3.1902373618878643,934.0373838142893,0.0,0.0,HIGH,1
F_40,2026-09-11T15:52:32.262955,12.9716,77.5946,0.0,0.0,9.42544986742768,934.0373838142893,0.0,0.0,HIGH,1
F_40,2026-09-11T15:52:37.262955,12.9716,77.5946,0.0,0.0,6.074792845496905,934.0373838142893,0.0,0.0,HIGH,1
F_40,2026-09-11T15:52:42.262955,12.9716,77.5946,0.0,0.0,7.1716285723131845,934.0373838142893,0.0,0.0,HIGH,1
F_41,2026-09-11T15:51:07.263716,12.9716,77.5946,0.0,0.0,6.34029049579358,934.0373838142893,0.0,0.0,HIGH,1
F_41,2026-09-11T15:51:12.263716,12.9716,77.5946,0.0,0.0,7.602112576042945,934.0373838142893,0.0,0.0,HIGH,1
F_41,2026-09-11T15:51:17.263716,12.9716,77.5946,0.0,0.0,3.378861427654419,934.0373838142893,0.0,0.0,HIGH,1
F_41,2026-09-11T15:51:22.263716,12.9716,77.5946,0.0,0.0,4.2084498688600025,934.0373838142893,0.0,0.0,HIGH,1
F_41,2026-09-11T15:51:27.263716,12.9716,77.5946,0.0,0.0,3.5157299924875955,934.0373838142893,0.0,0.0,HIGH,1
F_41,2026-09-11T15:51:32.263716,12.9716,77.5946,0.0,0.0,7.98948603998587,934.0373838142893,0.0,0.0,HIGH,1
F_41,2026-09-11T15:51:37.263716,12.9716,77.5946,0.0,0.0,2.3203185449093455,934.0373838142893,0.0,0.0,HIGH,1
F_41,2026-09-11T15:51:42.263716,12.9716,77.5946,0.0,0.0,5.563604114181327,934.0373838142893,0.0,0.0,HIGH,1
F_41,2026-09-11T15:51:47.263716,12.9716,77.5946,0.0,0.0,2.5010896706480006,934.0373838142893,0.0,0.0,HIGH,1
F_41,2026-09-11T15:51:52.263716,12.9716,77.5946,0.0,0.0,9.143592435393082,934.0373838142893,0.0,0.0,HIGH,1
F_41,2026-09-11T15:51:57.263716,12.9716,77.5946,0.0,0.0,8.895012746464538,934.0373838142893,0.0,0.0,HIGH,1
F_41,2026-09-11T15:52:02.263716,12.9716,77.5946,0.0,0.0,7.701810822724254,934.0373838142893,0.0,0.0,HIGH,1
F_41,2026-09-11T15:52:07.263716,12.9716,77.5946,0.0,0.0,4.397128268446849,934.0373838142893,0.0,0.0,HIGH,1
F_41,2026-09-11T15:52:12.263716,12.9716,77.5946,0.0,0.0,9.85107235802693,934.0373838142893,0.0,0.0,HIGH,1
F_41,2026-09-11T15:52:17.263716,12.9716,77.5946,0.0,0.0,8.760757629137998,934.0373838142893,0.0,0.0,HIGH,1
F_41,2026-09-11T15:52:22.263716,12.9716,77.5946,0.0,0.0,3.627821037970892,934.0373838142893,0.0,0.0,HIGH,1
F_41,2026-09-11T15:52:27.263716,12.9716,77.5946,0.0,0.0,5.898809583782084,934.0373838142893,0.0,0.0,HIGH,1
F_41,2026-09-11T15:52:32.263716,12.9716,77.5946,0.0,0.0,3.1021943893929844,934.0373838142893,0.0,0.0,HIGH,1
F_41,2026-09-11T15:52:37.263716,12.9716,77.5946,0.0,0.0,3.0567858011443647,934.0373838142893,0.0,0.0,HIGH,1
F_41,2026-09-11T15:52:42.263716,12.9716,77.5946,0.0,0.0,4.370383611107937,934.0373838142893,0.0,0.0,HIGH,1
F_42,2026-09-11T15:51:07.264886,12.9716,77.5946,0.0,0.0,6.127397395330509,934.0373838142893,0.0,0.0,HIGH,1
F_42,2026-09-11T15:51:12.264886,12.9716,77.5946,0.0,0.0,9.596060287481041,934.0373838142893,0.0,0.0,HIGH,1
F_42,2026-09-11T15:51:17.264886,12.9716,77.5946,0.0,0.0,3.701934194794503,934.0373838142893,0.0,0.0,HIGH,1
F_42,2026-09-11T15:51:22.264886,12.9716,77.5946,0.0,0.0,8.98946267251953,934.0373838142893,0.0,0.0,HIGH,1
F_42,2026-09-11T15:51:27.264886,12.9716,77.5946,0.0,0.0,9.330519908557783,934.0373838142893,0.0,0.0,HIGH,1
F_42,2026-09-11T15:51:32.264886,12.9716,77.5946,0.0,0.0,5.206895685041845,934.0373838142893,0.0,0.0,HIGH,1
F_42,2026-09-11T15:51:37.264886,12.9716,77.5946,0.0,0.0,8.537241200551229,934.0373838142893,0.0,0.0,HIGH,1
F_42,2026-09-11T15:51:42.264886,12.9716,77.5946,0.0,0.0,2.490632486449222,934.0373838142893,0.0,0.0,HIGH,1
F_42,2026-09-11T15:51:47.264886,12.9716,77.5946,0.0,0.0,6.377113592900704,934.0373838142893,0.0,0.0,HIGH,1
F_42,2026-09-11T15:51:52.264886,12.9716,77.5946,0.0,0.0,3.595087893562166,934.0373838142893,0.0,0.0,HIGH,1
F_42,2026-09-11T15:51:57.264886,12.9716,77.5946,0.0,0.0,5.828598831444825,934.0373838142893,0.0,0.0,HIGH,1
F_42,2026-09-11T15:52:02.264886,12.9716,77.5946,0.0,0.0,9.610549090908705,934.0373838142893,0.0,0.0,HIGH,1
F_42,2026-09-11T15:52:07.264886,12.9716,77.5946,0.0,0.0,9.26493175471353,934.0373838142893,0.0,0.0,HIGH,1
F_42,2026-09-11T15:52:12.264886,12.9716,77.5946,0.0,0.0,5.0552612961190455,934.0373838142893,0.0,0.0,HIGH,1
F_42,2026-09-11T15:52:17.264886,12.9716,77.5946,0.0,0.0,7.400732404036166,934.0373838142893,0.0,0.0,HIGH,1
F_42,2026-09-11T15:52:22.264886,12.9716,77.5946,0.0,0.0,7.847798458407276,934.0373838142893,0.0,0.0,HIGH,1
F_42,2026-09-11T15:52:27.264886,12.9716,77.5946,0.0,0.0,7.493883366669092,934.0373838142893,0.0,0.0,HIGH,1
F_42,2026-09-11T15:52:32.264886,12.9716,77.5946,0.0,0.0,5.457639850987004,934.0373838142893,0.0,0.0,HIGH,1
F_42,2026-09-11T15:52:37.264886,12.9716,77.5946,0.0,0.0,7.142937439886879,934.0373838142893,0.0,0.0,HIGH,1
F_42,2026-09-11T15:52:42.264886,12.9716,77.5946,0.0,0.0,2.8200011408821597,934.0373838142893,0.0,0.0,HIGH,1
F_43,2026-09-11T15:51:07.264886,12.9716,77.5946,0.0,0.0,7.948340516876671,934.0373838142893,0.0,0.0,HIGH,1
F_43,2026-09-11T15:51:12.264886,12.9716,77.5946,0.0,0.0,5.348144849986198,934.0373838142893,0.0,0.0,HIGH,1
F_43,2026-09-11T15:51:17.264886,12.9716,77.5946,0.0,0.0,3.362321646700061,934.0373838142893,0.0,0.0,HIGH,1
F_43,2026-09-11T15:51:22.264886,12.9716,77.5946,0.0,0.0,9.895169390070308,934.0373838142893,0.0,0.0,HIGH,1
F_43,2026-09-11T15:51:27.264886,12.9716,77.5946,0.0,0.0,2.998557366002296,934.0373838142893,0.0,0.0,HIGH,1
F_43,2026-09-11T15:51:32.264886,12.9716,77.5946,0.0,0.0,4.764641464048476,934.0373838142893,0.0,0.0,HIGH,1
F_43,2026-09-11T15:51:37.264886,12.9716,77.5946,0.0,0.0,7.5170549971395015,934.0373838142893,0.0,0.0,HIGH,1
F_43,2026-09-11T15:51:42.264886,12.9716,77.5946,0.0,0.0,2.043626313680849,934.0373838142893,0.0,0.0,HIGH,1
F_43,2026-09-11T15:51:47.264886,12.9716,77.5946,0.0,0.0,7.477754714242363,934.0373838142893,0.0,0.0,HIGH,1
F_43,2026-09-11T15:51:52.264886,12.9716,77.5946,0.0,0.0,3.3457608747185237,934.0373838142893,0.0,0.0,HIGH,1
F_43,2026-09-11T15:51:57.264886,12.9716,77.5946,0.0,0.0,5.674233069678555,934.0373838142893,0.0,0.0,HIGH,1
F_43,2026-09-11T15:52:02.264886,12.9716,77.5946,0.0,0.0,2.3582060357830343,934.0373838142893,0.0,0.0,HIGH,1
F_43,2026-09-11T15:52:07.264886,12.9716,77.5946,0.0,0.0,4.285597548317812,934.0373838142893,0.0,0.0,HIGH,1
F_43,2026-09-11T15:52:12.264886,12.9716,77.5946,0.0,0.0,5.673720457041888,934.0373838142893,0.0,0.0,HIGH,1
F_43,2026-09-11T15:52:17.264886,12.9716,77.5946,0.0,0.0,3.373280790707452,934.0373838142893,0.0,0.0,HIGH,1
F_43,2026-09-11T15:52:22.264886,12.9716,77.5946,0.0,0.0,3.8861316145752465,934.0373838142893,0.0,0.0,HIGH,1
F_43,2026-09-11T15:52:27.264886,12.9716,77.5946,0.0,0.0,2.3543116206160413,934.0373838142893,0.0,0.0,HIGH,1
F_43,2026-09-11T15:52:32.264886,12.9716,77.5946,0.0,0.0,8.895592357408486,934.0373838142893,0.0,0.0,HIGH,1
F_43,2026-09-11T15:52:37.264886,12.9716,77.5946,0.0,0.0,2.105161992780711,934.0373838142893,0.0,0.0,HIGH,1
F_43,2026-09-11T15:52:42.264886,12.9716,77.5946,0.0,0.0,8.21140585895925,934.0373838142893,0.0,0.0,HIGH,1
F_44,2026-09-11T15:51:07.264886,12.9716,77.5946,0.0,0.0,2.0879467067105724,934.0373838142893,0.0,0.0,HIGH,1
F_44,2026-09-11T15:51:12.264886,12.9716,77.5946,0.0,0.0,4.3009732612500695,934.0373838142893,0.0,0.0,HIGH,1
F_44,2026-09-11T15:51:17.264886,12.9716,77.5946,0.0,0.0,7.665135719925147,934.0373838142893,0.0,0.0,HIGH,1
F_44,2026-09-11T15:51:22.264886,12.9716,77.5946,0.0,0.0,6.509540835142573,934.0373838142893,0.0,0.0,HIGH,1
F_44,2026-09-11T15:51:27.264886,12.9716,77.5946,0.0,0.0,4.613518363570557,934.0373838142893,0.0,0.0,HIGH,1
F_44,2026-09-11T15:51:32.264886,12.9716,77.5946,0.0,0.0,8.225934997303636,934.0373838142893,0.0,0.0,HIGH,1
F_44,2026-09-11T15:51:37.264886,12.9716,77.5946,0.0,0.0,9.690270375939665,934.0373838142893,0.0,0.0,HIGH,1
F_44,2026-09-11T15:51:42.264886,12.9716,77.5946,0.0,0.0,3.6205694516976905,934.0373838142893,0.0,0.0,HIGH,1
F_44,2026-09-11T15:51:47.264886,12.9716,77.5946,0.0,0.0,5.92657860418622,934.0373838142893,0.0,0.0,HIGH,1
F_44,2026-09-11T15:51:52.264886,12.9716,77.5946,0.0,0.0,4.523088645995128,934.0373838142893,0.0,0.0,HIGH,1
F_44,2026-09-11T15:51:57.264886,12.9716,77.5946,0.0,0.0,4.283100222986284,934.0373838142893,0.0,0.0,HIGH,1
F_44,2026-09-11T15:52:02.264886,12.9716,77.5946,0.0,0.0,6.270007302959101,934.0373838142893,0.0,0.0,HIGH,1
F_44,2026-09-11T15:52:07.264886,12.9716,77.5946,0.0,0.0,9.099242016845874,934.0373838142893,0.0,0.0,HIGH,1
F_44,2026-09-11T15:52:12.264886,12.9716,77.5946,0.0,0.0,8.247408788372024,934.0373838142893,0.0,0.0,HIGH,1
F_44,2026-09-11T15:52:17.264886,12.9716,77.5946,0.0,0.0,9.299612726416123,934.0373838142893,0.0,0.0,HIGH,1
F_44,2026-09-11T15:52:22.264886,12.9716,77.5946,0.0,0.0,3.3068175520249152,934.0373838142893,0.0,0.0,HIGH,1
F_44,2026-09-11T15:52:27.264886,12.9716,77.5946,0.0,0.0,2.7963582709393737,934.0373838142893,0.0,0.0,HIGH,1
F_44,2026-09-11T15:52:32.264886,12.9716,77.5946,0.0,0.0,7.507188406313949,934.0373838142893,0.0,0.0,HIGH,1
F_44,2026-09-11T15:52:37.264886,12.9716,77.5946,0.0,0.0,6.1732373855700375,934.0373838142893,0.0,0.0,HIGH,1
F_44,2026-09-11T15:52:42.264886,12.9716,77.5946,0.0,0.0,6.036340095650897,934.0373838142893,0.0,0.0,HIGH,1
F_45,2026-09-11T15:51:07.264886,12.9716,77.5946,0.0,0.0,5.500898082466222,934.0373838142893,0.0,0.0,HIGH,1
F_45,2026-09-11T15:51:12.264886,12.9716,77.5946,0.0,0.0,2.1811085750866512,934.0373838142893,0.0,0.0,HIGH,1
F_45,2026-09-11T15:51:17.264886,12.9716,77.5946,0.0,0.0,2.3334671408633376,934.0373838142893,0.0,0.0,HIGH,1
F_45,2026-09-11T15:51:22.264886,12.9716,77.5946,0.0,0.0,2.1361349038943978,934.0373838142893,0.0,0.0,HIGH,1
F_45,2026-09-11T15:51:27.264886,12.9716,77.5946,0.0,0.0,5.814480417245763,934.0373838142893,0.0,0.0,HIGH,1
F_45,2026-09-11T15:51:32.264886,12.9716,77.5946,0.0,0.0,3.956051976975168,934.0373838142893,0.0,0.0,HIGH,1
F_45,2026-09-11T15:51:37.264886,12.9716,77.5946,0.0,0.0,6.535992469244821,934.0373838142893,0.0,0.0,HIGH,1
F_45,2026-09-11T15:51:42.264886,12.9716,77.5946,0.0,0.0,8.432222763483846,934.0373838142893,0.0,0.0,HIGH,1
F_45,2026-09-11T15:51:47.264886,12.9716,77.5946,0.0,0.0,8.826992563267563,934.0373838142893,0.0,0.0,HIGH,1
F_45,2026-09-11T15:51:52.264886,12.9716,77.5946,0.0,0.0,5.202209964590424,934.0373838142893,0.0,0.0,HIGH,1
F_45,2026-09-11T15:51:57.264886,12.9716,77.5946,0.0,0.0,8.686016706108017,934.0373838142893,0.0,0.0,HIGH,1
F_45,2026-09-11T15:52:02.264886,12.9716,77.5946,0.0,0.0,3.3516209490261994,934.0373838142893,0.0,0.0,HIGH,1
F_45,2026-09-11T15:52:07.264886,12.9716,77.5946,0.0,0.0,7.320878972344404,934.0373838142893,0.0,0.0,HIGH,1
F_45,2026-09-11T15:52:12.264886,12.9716,77.5946,0.0,0.0,9.857757479069369,934.0373838142893,0.0,0.0,HIGH,1
F_45,2026-09-11T15:52:17.264886,12.9716,77.5946,0.0,0.0,9.353202743737342,934.0373838142893,0.0,0.0,HIGH,1
F_45,2026-09-11T15:52:22.264886,12.9716,77.5946,0.0,0.0,7.62362280752279,934.0373838142893,0.0,0.0,HIGH,1
F_45,2026-09-11T15:52:27.264886,12.9716,77.5946,0.0,0.0,5.638596308376932,934.0373838142893,0.0,0.0,HIGH,1
F_45,2026-09-11T15:52:32.264886,12.9716,77.5946,0.0,0.0,3.8480024797798196,934.0373838142893,0.0,0.0,HIGH,1
F_45,2026-09-11T15:52:37.264886,12.9716,77.5946,0.0,0.0,3.0801936474978966,934.0373838142893,0.0,0.0,HIGH,1
F_45,2026-09-11T15:52:42.264886,12.9716,77.5946,0.0,0.0,9.744502839492151,934.0373838142893,0.0,0.0,HIGH,1
F_46,2026-09-11T15:51:07.264886,12.9716,77.5946,0.0,0.0,7.856538825078095,934.0373838142893,0.0,0.0,HIGH,1
F_46,2026-09-11T15:51:12.264886,12.9716,77.5946,0.0,0.0,8.611265708737104,934.0373838142893,0.0,0.0,HIGH,1
F_46,2026-09-11T15:51:17.264886,12.9716,77.5946,0.0,0.0,7.623624581381917,934.0373838142893,0.0,0.0,HIGH,1
F_46,2026-09-11T15:51:22.264886,12.9716,77.5946,0.0,0.0,3.41225446269039,934.0373838142893,0.0,0.0,HIGH,1
F_46,2026-09-11T15:51:27.264886,12.9716,77.5946,0.0,0.0,5.760789956014803,934.0373838142893,0.0,0.0,HIGH,1
F_46,2026-09-11T15:51:32.264886,12.9716,77.5946,0.0,0.0,2.563123246113567,934.0373838142893,0.0,0.0,HIGH,1
F_46,2026-09-11T15:51:37.264886,12.9716,77.5946,0.0,0.0,4.614349625208356,934.0373838142893,0.0,0.0,HIGH,1
F_46,2026-09-11T15:51:42.264886,12.9716,77.5946,0.0,0.0,6.9869055275384575,934.0373838142893,0.0,0.0,HIGH,1
F_46,2026-09-11T15:51:47.264886,12.9716,77.5946,0.0,0.0,9.080382314109297,934.0373838142893,0.0,0.0,HIGH,1
F_46,2026-09-11T15:51:52.264886,12.9716,77.5946,0.0,0.0,4.596361754357023,934.0373838142893,0.0,0.0,HIGH,1
F_46,2026-09-11T15:51:57.264886,12.9716,77.5946,0.0,0.0,8.28533966692309,934.0373838142893,0.0,0.0,HIGH,1
F_46,2026-09-11T15:52:02.264886,12.9716,77.5946,0.0,0.0,3.331161629056581,934.0373838142893,0.0,0.0,HIGH,1
F_46,2026-09-11T15:52:07.264886,12.9716,77.5946,0.0,0.0,8.25661164115087,934.0373838142893,0.0,0.0,HIGH,1
F_46,2026-09-11T15:52:12.264886,12.9716,77.5946,0.0,0.0,3.517963712945954,934.0373838142893,0.0,0.0,HIGH,1
F_46,2026-09-11T15:52:17.264886,12.9716,77.5946,0.0,0.0,3.096088748991421,934.0373838142893,0.0,0.0,HIGH,1
F_46,2026-09-11T15:52:22.264886,12.9716,77.5946,0.0,0.0,8.97290149712435,934.0373838142893,0.0,0.0,HIGH,1
F_46,2026-09-11T15:52:27.264886,12.9716,77.5946,0.0,0.0,4.220144275255118,934.0373838142893,0.0,0.0,HIGH,1
F_46,2026-09-11T15:52:32.264886,12.9716,77.5946,0.0,0.0,5.802047145824323,934.0373838142893,0.0,0.0,HIGH,1
F_46,2026-09-11T15:52:37.264886,12.9716,77.5946,0.0,0.0,8.43894277763582,934.0373838142893,0.0,0.0,HIGH,1
F_46,2026-09-11T15:52:42.264886,12.9716,77.5946,0.0,0.0,7.109701630375431,934.0373838142893,0.0,0.0,HIGH,1
F_47,2026-09-11T15:51:07.264886,12.9716,77.5946,0.0,0.0,5.583965241733027,934.0373838142893,0.0,0.0,HIGH,1
F_47,2026-09-11T15:51:12.264886,12.9716,77.5946,0.0,0.0,8.60762006100849,934.0373838142893,0.0,0.0,HIGH,1
F_47,2026-09-11T15:51:17.264886,12.9716,77.5946,0.0,0.0,4.6257029077910214,934.0373838142893,0.0,0.0,HIGH,1
F_47,2026-09-11T15:51:22.264886,12.9716,77.5946,0.0,0.0,9.35979238022717,934.0373838142893,0.0,0.0,HIGH,1
F_47,2026-09-11T15:51:27.264886,12.9716,77.5946,0.0,0.0,7.563633907118615,934.0373838142893,0.0,0.0,HIGH,1
F_47,2026-09-11T15:51:32.264886,12.9716,77.5946,0.0,0.0,7.17530438433553,934.0373838142893,0.0,0.0,HIGH,1
F_47,2026-09-11T15:51:37.264886,12.9716,77.5946,0.0,0.0,8.545152867286046,934.0373838142893,0.0,0.0,HIGH,1
F_47,2026-09-11T15:51:42.264886,12.9716,77.5946,0.0,0.0,6.732107681274559,934.0373838142893,0.0,0.0,HIGH,1
F_47,2026-09-11T15:51:47.264886,12.9716,77.5946,0.0,0.0,5.099634605522774,934.0373838142893,0.0,0.0,HIGH,1
F_47,2026-09-11T15:51:52.264886,12.9716,77.5946,0.0,0.0,5.120716449589451,934.0373838142893,0.0,0.0,HIGH,1
F_47,2026-09-11T15:51:57.264886,12.9716,77.5946,0.0,0.0,3.0689868662301505,934.0373838142893,0.0,0.0,HIGH,1
F_47,2026-09-11T15:52:02.264886,12.9716,77.5946,0.0,0.0,4.296348014621792,934.0373838142893,0.0,0.0,HIGH,1
F_47,2026-09-11T15:52:07.264886,12.9716,77.5946,0.0,0.0,9.379621774377163,934.0373838142893,0.0,0.0,HIGH,1
F_47,2026-09-11T15:52:12.264886,12.9716,77.5946,0.0,0.0,4.838016622761219,934.0373838142893,0.0,0.0,HIGH,1
F_47,2026-09-11T15:52:17.264886,12.9716,77.5946,0.0,0.0,3.5060180848260805,934.0373838142893,0.0,0.0,HIGH,1
F_47,2026-09-11T15:52:22.264886,12.9716,77.5946,0.0,0.0,6.68663079530562,934.0373838142893,0.0,0.0,HIGH,1
F_47,2026-09-11T15:52:27.264886,12.9716,77.5946,0.0,0.0,6.026962581191991,934.0373838142893,0.0,0.0,HIGH,1
F_47,2026-09-11T15:52:32.264886,12.9716,77.5946,0.0,0.0,4.750894492952918,934.0373838142893,0.0,0.0,HIGH,1
F_47,2026-09-11T15:52:37.264886,12.9716,77.5946,0.0,0.0,3.6616609580271176,934.0373838142893,0.0,0.0,HIGH,1
F_47,2026-09-11T15:52:42.264886,12.9716,77.5946,0.0,0.0,9.63009399672554,934.0373838142893,0.0,0.0,HIGH,1
F_48,2026-09-11T15:51:07.264886,12.9716,77.5946,0.0,0.0,2.7435653475350437,934.0373838142893,0.0,0.0,HIGH,1
F_48,2026-09-11T15:51:12.264886,12.9716,77.5946,0.0,0.0,5.773976231380706,934.0373838142893,0.0,0.0,HIGH,1
F_48,2026-09-11T15:51:17.264886,12.9716,77.5946,0.0,0.0,5.677531882672063,934.0373838142893,0.0,0.0,HIGH,1
F_48,2026-09-11T15:51:22.264886,12.9716,77.5946,0.0,0.0,4.9306434829393195,934.0373838142893,0.0,0.0,HIGH,1
F_48,2026-09-11T15:51:27.264886,12.9716,77.5946,0.0,0.0,6.594356914492749,934.0373838142893,0.0,0.0,HIGH,1
F_48,2026-09-11T15:51:32.264886,12.9716,77.5946,0.0,0.0,8.029257140081423,934.0373838142893,0.0,0.0,HIGH,1
F_48,2026-09-11T15:51:37.264886,12.9716,77.5946,0.0,0.0,6.492424235521295,934.0373838142893,0.0,0.0,HIGH,1
F_48,2026-09-11T15:51:42.264886,12.9716,77.5946,0.0,0.0,5.442476433936873,934.0373838142893,0.0,0.0,HIGH,1
F_48,2026-09-11T15:51:47.264886,12.9716,77.5946,0.0,0.0,2.720698627934733,934.0373838142893,0.0,0.0,HIGH,1
F_48,2026-09-11T15:51:52.264886,12.9716,77.5946,0.0,0.0,2.6112405738019513,934.0373838142893,0.0,0.0,HIGH,1
F_48,2026-09-11T15:51:57.264886,12.9716,77.5946,0.0,0.0,4.707873485647188,934.0373838142893,0.0,0.0,HIGH,1
F_48,2026-09-11T15:52:02.264886,12.9716,77.5946,0.0,0.0,6.169801113946527,934.0373838142893,0.0,0.0,HIGH,1
F_48,2026-09-11T15:52:07.264886,12.9716,77.5946,0.0,0.0,9.00251661493009,934.0373838142893,0.0,0.0,HIGH,1
F_48,2026-09-11T15:52:12.264886,12.9716,77.5946,0.0,0.0,8.444239193109773,934.0373838142893,0.0,0.0,HIGH,1
F_48,2026-09-11T15:52:17.264886,12.9716,77.5946,0.0,0.0,8.997680311349372,934.0373838142893,0.0,0.0,HIGH,1
F_48,2026-09-11T15:52:22.264886,12.9716,77.5946,0.0,0.0,9.64462148382275,934.0373838142893,0.0,0.0,HIGH,1
F_48,2026-09-11T15:52:27.264886,12.9716,77.5946,0.0,0.0,2.801622033975595,934.0373838142893,0.0,0.0,HIGH,1
F_48,2026-09-11T15:52:32.264886,12.9716,77.5946,0.0,0.0,7.642640521782967,934.0373838142893,0.0,0.0,HIGH,1
F_48,2026-09-11T15:52:37.264886,12.9716,77.5946,0.0,0.0,9.61712037879709,934.0373838142893,0.0,0.0,HIGH,1
F_48,2026-09-11T15:52:42.264886,12.9716,77.5946,0.0,0.0,6.139703066322499,934.0373838142893,0.0,0.0,HIGH,1
F_49,2026-09-11T15:51:07.264886,12.9716,77.5946,0.0,0.0,8.95705089778569,934.0373838142893,0.0,0.0,HIGH,1
F_49,2026-09-11T15:51:12.264886,12.9716,77.5946,0.0,0.0,3.82713243278699,934.0373838142893,0.0,0.0,HIGH,1
F_49,2026-09-11T15:51:17.264886,12.9716,77.5946,0.0,0.0,7.529524332800984,934.0373838142893,0.0,0.0,HIGH,1
F_49,2026-09-11T15:51:22.264886,12.9716,77.5946,0.0,0.0,7.747571797709538,934.0373838142893,0.0,0.0,HIGH,1
F_49,2026-09-11T15:51:27.264886,12.9716,77.5946,0.0,0.0,9.589525979529387,934.0373838142893,0.0,0.0,HIGH,1
F_49,2026-09-11T15:51:32.264886,12.9716,77.5946,0.0,0.0,4.513270764532329,934.0373838142893,0.0,0.0,HIGH,1
F_49,2026-09-11T15:51:37.264886,12.9716,77.5946,0.0,0.0,2.7375767564250415,934.0373838142893,0.0,0.0,HIGH,1
F_49,2026-09-11T15:51:42.264886,12.9716,77.5946,0.0,0.0,4.315227153807234,934.0373838142893,0.0,0.0,HIGH,1
F_49,2026-09-11T15:51:47.264886,12.9716,77.5946,0.0,0.0,9.559594643925141,934.0373838142893,0.0,0.0,HIGH,1
F_49,2026-09-11T15:51:52.264886,12.9716,77.5946,0.0,0.0,3.3600833792117317,934.0373838142893,0.0,0.0,HIGH,1
F_49,2026-09-11T15:51:57.264886,12.9716,77.5946,0.0,0.0,6.7815035597350874,934.0373838142893,0.0,0.0,HIGH,1
F_49,2026-09-11T15:52:02.264886,12.9716,77.5946,0.0,0.0,5.3727050028376535,934.0373838142893,0.0,0.0,HIGH,1
F_49,2026-09-11T15:52:07.264886,12.9716,77.5946,0.0,0.0,8.968376852189785,934.0373838142893,0.0,0.0,HIGH,1
F_49,2026-09-11T15:52:12.264886,12.9716,77.5946,0.0,0.0,6.75423942599033,934.0373838142893,0.0,0.0,HIGH,1
F_49,2026-09-11T15:52:17.264886,12.9716,77.5946,0.0,0.0,6.5351210514510365,934.0373838142893,0.0,0.0,HIGH,1
F_49,2026-09-11T15:52:22.264886,12.9716,77.5946,0.0,0.0,5.831782001504384,934.0373838142893,0.0,0.0,HIGH,1
F_49,2026-09-11T15:52:27.264886,12.9716,77.5946,0.0,0.0,9.711583538321218,934.0373838142893,0.0,0.0,HIGH,1
F_49,2026-09-11T15:52:32.264886,12.9716,77.5946,0.0,0.0,6.628627549911153,934.0373838142893,0.0,0.0,HIGH,1
F_49,2026-09-11T15:52:37.264886,12.9716,77.5946,0.0,0.0,9.933555274584787,934.0373838142893,0.0,0.0,HIGH,1
F_49,2026-09-11T15:52:42.264886,12.9716,77.5946,0.0,0.0,3.9376410415465175,934.0373838142893,0.0,0.0,HIGH,1
